0,0.0314168,0.123693,0.271031,0.464173,0.690983,0.937209,1.18738,1.42578,1.63742,1.80902,1.92978,1.99211,1.99211,1.92978,1.80902,1.63742,1.42578,1.18738,0.937209,0.690983,0.464173,0.271031,0.123693,0.0314168,5.72855e-32,0.0314168,0.123693,0.271031,0.464173,0.690983,0.937209,1.18738,1.42578,1.63742,1.80902,1.92978,1.99211,1.99211,1.92978,1.80902,1.63742,1.42578,1.18738,0.937209,0.690983,0.464173,0.271031,0.123693,0.0314168,1.1559e-31,0.0314168,0.123693,0.271031,0.464173,0.690983,0.937209,1.18738,1.42578,1.63742,1.80902,1.92978,1.99211,1.99211,1.92978,1.80902,1.63742,1.42578,1.18738,0.937209,0.690983,0.464173,0.271031,0.123693,0.0314168,2.74109e-31,0.0314168,0.123693,0.271031,0.464173,0.690983,0.937209,1.18738,1.42578,1.63742,1.80902,1.92978,1.99211,1.99211,1.92978,1.80902,1.63742,1.42578,1.18738,0.937209,0.690983,0.464173,0.271031,0.123693,0.0314168,4.79923e-31,
0,0.0314173,0.123695,0.271036,0.46418,0.690994,0.937224,1.1874,1.4258,1.63745,1.80905,1.92981,1.99215,1.99215,1.92981,1.80905,1.63745,1.4258,1.1874,0.937224,0.690994,0.46418,0.271036,0.123695,0.0314173,6.37929e-29,0.0314173,0.123695,0.271036,0.46418,0.690994,0.937224,1.1874,1.4258,1.63745,1.80905,1.92981,1.99215,1.99215,1.92981,1.80905,1.63745,1.4258,1.1874,0.937224,0.690994,0.46418,0.271036,0.123695,0.0314173,1.55393e-28,0.0314173,0.123695,0.271036,0.46418,0.690994,0.937224,1.1874,1.4258,1.63745,1.80905,1.92981,1.99215,1.99215,1.92981,1.80905,1.63745,1.4258,1.1874,0.937224,0.690994,0.46418,0.271036,0.123695,0.0314173,1.54887e-28,0.0314173,0.123695,0.271036,0.46418,0.690994,0.937224,1.1874,1.4258,1.63745,1.80905,1.92981,1.99215,1.99215,1.92981,1.80905,1.63745,1.4258,1.1874,0.937224,0.690994,0.46418,0.271036,0.123695,0.0314173,4.79923e-31,
0,0.0314168,0.123693,0.271031,0.464173,0.690983,0.93721,1.18738,1.42578,1.63742,1.80902,1.92978,1.99211,1.99211,1.92978,1.80902,1.63742,1.42578,1.18738,0.93721,0.690983,0.464173,0.271031,0.123693,0.0314168,2.60002e-30,0.0314168,0.123693,0.271031,0.464173,0.690983,0.93721,1.18738,1.42578,1.63742,1.80902,1.92978,1.99211,1.99211,1.92978,1.80902,1.63742,1.42578,1.18738,0.93721,0.690983,0.464173,0.271031,0.123693,0.0314168,6.01306e-29,0.0314168,0.123693,0.271031,0.464173,0.690983,0.93721,1.18738,1.42578,1.63742,1.80902,1.92978,1.99211,1.99211,1.92978,1.80902,1.63742,1.42578,1.18738,0.93721,0.690983,0.464173,0.271031,0.123693,0.0314168,5.31341e-29,0.0314168,0.123693,0.271031,0.464173,0.690983,0.93721,1.18738,1.42578,1.63742,1.80902,1.92978,1.99211,1.99211,1.92978,1.80902,1.63742,1.42578,1.18738,0.93721,0.690983,0.464173,0.271031,0.123693,0.0314168,4.79923e-31,
0,0.0314173,0.123695,0.271036,0.46418,0.690994,0.937224,1.1874,1.4258,1.63745,1.80904,1.92981,1.99215,1.99215,1.92981,1.80904,1.63745,1.4258,1.1874,0.937224,0.690994,0.46418,0.271036,0.123695,0.0314173,9.49172e-29,0.0314173,0.123695,0.271036,0.46418,0.690994,0.937224,1.1874,1.4258,1.63745,1.80904,1.92981,1.99215,1.99215,1.92981,1.80904,1.63745,1.4258,1.1874,0.937224,0.690994,0.46418,0.271036,0.123695,0.0314173,6.55341e-29,0.0314173,0.123695,0.271036,0.46418,0.690994,0.937224,1.1874,1.4258,1.63745,1.80904,1.92981,1.99215,1.99215,1.92981,1.80904,1.63745,1.4258,1.1874,0.937224,0.690994,0.46418,0.271036,0.123695,0.0314173,1.02196e-28,0.0314173,0.123695,0.271036,0.46418,0.690994,0.937224,1.1874,1.4258,1.63745,1.80904,1.92981,1.99215,1.99215,1.92981,1.80904,1.63745,1.4258,1.1874,0.937224,0.690994,0.46418,0.271036,0.123695,0.0314173,4.79923e-31,
0,0.0314168,0.123693,0.271031,0.464173,0.690983,0.93721,1.18738,1.42578,1.63742,1.80902,1.92978,1.99212,1.99212,1.92978,1.80902,1.63742,1.42578,1.18738,0.93721,0.690983,0.464173,0.271031,0.123693,0.0314168,1.47336e-29,0.0314168,0.123693,0.271031,0.464173,0.690983,0.93721,1.18738,1.42578,1.63742,1.80902,1.92978,1.99212,1.99212,1.92978,1.80902,1.63742,1.42578,1.18738,0.93721,0.690983,0.464173,0.271031,0.123693,0.0314168,5.01105e-28,0.0314168,0.123693,0.271031,0.464173,0.690983,0.93721,1.18738,1.42578,1.63742,1.80902,1.92978,1.99212,1.99212,1.92978,1.80902,1.63742,1.42578,1.18738,0.93721,0.690983,0.464173,0.271031,0.123693,0.0314168,1.50502e-29,0.0314168,0.123693,0.271031,0.464173,0.690983,0.93721,1.18738,1.42578,1.63742,1.80902,1.92978,1.99212,1.99212,1.92978,1.80902,1.63742,1.42578,1.18738,0.93721,0.690983,0.464173,0.271031,0.123693,0.0314168,4.79923e-31,
0,0.0314173,0.123695,0.271035,0.46418,0.690993,0.937224,1.1874,1.4258,1.63745,1.80904,1.92981,1.99214,1.99214,1.92981,1.80904,1.63745,1.4258,1.1874,0.937224,0.690993,0.46418,0.271035,0.123695,0.0314173,1.45634e-28,0.0314173,0.123695,0.271035,0.46418,0.690993,0.937224,1.1874,1.4258,1.63745,1.80904,1.92981,1.99214,1.99214,1.92981,1.80904,1.63745,1.4258,1.1874,0.937224,0.690993,0.46418,0.271035,0.123695,0.0314173,2.82219e-29,0.0314173,0.123695,0.271035,0.46418,0.690993,0.937224,1.1874,1.4258,1.63745,1.80904,1.92981,1.99214,1.99214,1.92981,1.80904,1.63745,1.4258,1.1874,0.937224,0.690993,0.46418,0.271035,0.123695,0.0314173,1.24284e-29,0.0314173,0.123695,0.271035,0.46418,0.690993,0.937224,1.1874,1.4258,1.63745,1.80904,1.92981,1.99214,1.99214,1.92981,1.80904,1.63745,1.4258,1.1874,0.937224,0.690993,0.46418,0.271035,0.123695,0.0314173,4.79923e-31,
0,0.0314169,0.123693,0.271032,0.464173,0.690983,0.93721,1.18738,1.42578,1.63742,1.80902,1.92978,1.99212,1.99212,1.92978,1.80902,1.63742,1.42578,1.18738,0.93721,0.690983,0.464173,0.271032,0.123693,0.0314169,2.63365e-28,0.0314169,0.123693,0.271032,0.464173,0.690983,0.93721,1.18738,1.42578,1.63742,1.80902,1.92978,1.99212,1.99212,1.92978,1.80902,1.63742,1.42578,1.18738,0.93721,0.690983,0.464173,0.271032,0.123693,0.0314169,9.91723e-28,0.0314169,0.123693,0.271032,0.464173,0.690983,0.93721,1.18738,1.42578,1.63742,1.80902,1.92978,1.99212,1.99212,1.92978,1.80902,1.63742,1.42578,1.18738,0.93721,0.690983,0.464173,0.271032,0.123693,0.0314169,3.29412e-28,0.0314169,0.123693,0.271032,0.464173,0.690983,0.93721,1.18738,1.42578,1.63742,1.80902,1.92978,1.99212,1.99212,1.92978,1.80902,1.63742,1.42578,1.18738,0.93721,0.690983,0.464173,0.271032,0.123693,0.0314169,4.79923e-31,
0,0.0314173,0.123695,0.271035,0.46418,0.690993,0.937223,1.1874,1.4258,1.63745,1.80904,1.9298,1.99214,1.99214,1.9298,1.80904,1.63745,1.4258,1.1874,0.937223,0.690993,0.46418,0.271035,0.123695,0.0314173,2.80566e-30,0.0314173,0.123695,0.271035,0.46418,0.690993,0.937223,1.1874,1.4258,1.63745,1.80904,1.9298,1.99214,1.99214,1.9298,1.80904,1.63745,1.4258,1.1874,0.937223,0.690993,0.46418,0.271035,0.123695,0.0314173,5.28377e-28,0.0314173,0.123695,0.271035,0.46418,0.690993,0.937223,1.1874,1.4258,1.63745,1.80904,1.9298,1.99214,1.99214,1.9298,1.80904,1.63745,1.4258,1.1874,0.937223,0.690993,0.46418,0.271035,0.123695,0.0314173,1.4605e-27,0.0314173,0.123695,0.271035,0.46418,0.690993,0.937223,1.1874,1.4258,1.63745,1.80904,1.9298,1.99214,1.99214,1.9298,1.80904,1.63745,1.4258,1.1874,0.937223,0.690993,0.46418,0.271035,0.123695,0.0314173,4.79923e-31,
0,0.0314169,0.123693,0.271032,0.464174,0.690984,0.93721,1.18738,1.42578,1.63743,1.80902,1.92978,1.99212,1.99212,1.92978,1.80902,1.63743,1.42578,1.18738,0.93721,0.690984,0.464174,0.271032,0.123693,0.0314169,3.30571e-28,0.0314169,0.123693,0.271032,0.464174,0.690984,0.93721,1.18738,1.42578,1.63743,1.80902,1.92978,1.99212,1.99212,1.92978,1.80902,1.63743,1.42578,1.18738,0.93721,0.690984,0.464174,0.271032,0.123693,0.0314169,3.29095e-28,0.0314169,0.123693,0.271032,0.464174,0.690984,0.93721,1.18738,1.42578,1.63743,1.80902,1.92978,1.99212,1.99212,1.92978,1.80902,1.63743,1.42578,1.18738,0.93721,0.690984,0.464174,0.271032,0.123693,0.0314169,6.0691e-28,0.0314169,0.123693,0.271032,0.464174,0.690984,0.93721,1.18738,1.42578,1.63743,1.80902,1.92978,1.99212,1.99212,1.92978,1.80902,1.63743,1.42578,1.18738,0.93721,0.690984,0.464174,0.271032,0.123693,0.0314169,4.79923e-31,
0,0.0314173,0.123695,0.271035,0.46418,0.690993,0.937223,1.1874,1.4258,1.63745,1.80904,1.9298,1.99214,1.99214,1.9298,1.80904,1.63745,1.4258,1.1874,0.937223,0.690993,0.46418,0.271035,0.123695,0.0314173,7.67149e-29,0.0314173,0.123695,0.271035,0.46418,0.690993,0.937223,1.1874,1.4258,1.63745,1.80904,1.9298,1.99214,1.99214,1.9298,1.80904,1.63745,1.4258,1.1874,0.937223,0.690993,0.46418,0.271035,0.123695,0.0314173,1.59727e-28,0.0314173,0.123695,0.271035,0.46418,0.690993,0.937223,1.1874,1.4258,1.63745,1.80904,1.9298,1.99214,1.99214,1.9298,1.80904,1.63745,1.4258,1.1874,0.937223,0.690993,0.46418,0.271035,0.123695,0.0314173,2.00331e-28,0.0314173,0.123695,0.271035,0.46418,0.690993,0.937223,1.1874,1.4258,1.63745,1.80904,1.9298,1.99214,1.99214,1.9298,1.80904,1.63745,1.4258,1.1874,0.937223,0.690993,0.46418,0.271035,0.123695,0.0314173,4.79923e-31,
0,0.0314169,0.123694,0.271032,0.464174,0.690984,0.937211,1.18738,1.42578,1.63743,1.80902,1.92978,1.99212,1.99212,1.92978,1.80902,1.63743,1.42578,1.18738,0.937211,0.690984,0.464174,0.271032,0.123694,0.0314169,5.51631e-28,0.0314169,0.123694,0.271032,0.464174,0.690984,0.937211,1.18738,1.42578,1.63743,1.80902,1.92978,1.99212,1.99212,1.92978,1.80902,1.63743,1.42578,1.18738,0.937211,0.690984,0.464174,0.271032,0.123694,0.0314169,1.9824e-28,0.0314169,0.123694,0.271032,0.464174,0.690984,0.937211,1.18738,1.42578,1.63743,1.80902,1.92978,1.99212,1.99212,1.92978,1.80902,1.63743,1.42578,1.18738,0.937211,0.690984,0.464174,0.271032,0.123694,0.0314169,5.41092e-28,0.0314169,0.123694,0.271032,0.464174,0.690984,0.937211,1.18738,1.42578,1.63743,1.80902,1.92978,1.99212,1.99212,1.92978,1.80902,1.63743,1.42578,1.18738,0.937211,0.690984,0.464174,0.271032,0.123694,0.0314169,4.79923e-31,
0,0.0314173,0.123695,0.271035,0.46418,0.690992,0.937222,1.1874,1.4258,1.63745,1.80904,1.9298,1.99214,1.99214,1.9298,1.80904,1.63745,1.4258,1.1874,0.937222,0.690992,0.46418,0.271035,0.123695,0.0314173,7.92787e-28,0.0314173,0.123695,0.271035,0.46418,0.690992,0.937222,1.1874,1.4258,1.63745,1.80904,1.9298,1.99214,1.99214,1.9298,1.80904,1.63745,1.4258,1.1874,0.937222,0.690992,0.46418,0.271035,0.123695,0.0314173,1.04507e-27,0.0314173,0.123695,0.271035,0.46418,0.690992,0.937222,1.1874,1.4258,1.63745,1.80904,1.9298,1.99214,1.99214,1.9298,1.80904,1.63745,1.4258,1.1874,0.937222,0.690992,0.46418,0.271035,0.123695,0.0314173,2.43027e-27,0.0314173,0.123695,0.271035,0.46418,0.690992,0.937222,1.1874,1.4258,1.63745,1.80904,1.9298,1.99214,1.99214,1.9298,1.80904,1.63745,1.4258,1.1874,0.937222,0.690992,0.46418,0.271035,0.123695,0.0314173,4.79923e-31,
0,0.0314169,0.123694,0.271032,0.464174,0.690985,0.937212,1.18738,1.42578,1.63743,1.80902,1.92978,1.99212,1.99212,1.92978,1.80902,1.63743,1.42578,1.18738,0.937212,0.690985,0.464174,0.271032,0.123694,0.0314169,6.50733e-28,0.0314169,0.123694,0.271032,0.464174,0.690985,0.937212,1.18738,1.42578,1.63743,1.80902,1.92978,1.99212,1.99212,1.92978,1.80902,1.63743,1.42578,1.18738,0.937212,0.690985,0.464174,0.271032,0.123694,0.0314169,1.982e-29,0.0314169,0.123694,0.271032,0.464174,0.690985,0.937212,1.18738,1.42578,1.63743,1.80902,1.92978,1.99212,1.99212,1.92978,1.80902,1.63743,1.42578,1.18738,0.937212,0.690985,0.464174,0.271032,0.123694,0.0314169,3.13137e-28,0.0314169,0.123694,0.271032,0.464174,0.690985,0.937212,1.18738,1.42578,1.63743,1.80902,1.92978,1.99212,1.99212,1.92978,1.80902,1.63743,1.42578,1.18738,0.937212,0.690985,0.464174,0.271032,0.123694,0.0314169,4.79923e-31,
0,0.0314172,0.123695,0.271035,0.464179,0.690992,0.937222,1.1874,1.4258,1.63745,1.80904,1.9298,1.99214,1.99214,1.9298,1.80904,1.63745,1.4258,1.1874,0.937222,0.690992,0.464179,0.271035,0.123695,0.0314172,1.00255e-27,0.0314172,0.123695,0.271035,0.464179,0.690992,0.937222,1.1874,1.4258,1.63745,1.80904,1.9298,1.99214,1.99214,1.9298,1.80904,1.63745,1.4258,1.1874,0.937222,0.690992,0.464179,0.271035,0.123695,0.0314172,2.37297e-27,0.0314172,0.123695,0.271035,0.464179,0.690992,0.937222,1.1874,1.4258,1.63745,1.80904,1.9298,1.99214,1.99214,1.9298,1.80904,1.63745,1.4258,1.1874,0.937222,0.690992,0.464179,0.271035,0.123695,0.0314172,1.25968e-28,0.0314172,0.123695,0.271035,0.464179,0.690992,0.937222,1.1874,1.4258,1.63745,1.80904,1.9298,1.99214,1.99214,1.9298,1.80904,1.63745,1.4258,1.1874,0.937222,0.690992,0.464179,0.271035,0.123695,0.0314172,4.79923e-31,
0,0.0314169,0.123694,0.271032,0.464175,0.690985,0.937212,1.18738,1.42578,1.63743,1.80902,1.92978,1.99212,1.99212,1.92978,1.80902,1.63743,1.42578,1.18738,0.937212,0.690985,0.464175,0.271032,0.123694,0.0314169,4.71223e-28,0.0314169,0.123694,0.271032,0.464175,0.690985,0.937212,1.18738,1.42578,1.63743,1.80902,1.92978,1.99212,1.99212,1.92978,1.80902,1.63743,1.42578,1.18738,0.937212,0.690985,0.464175,0.271032,0.123694,0.0314169,2.16524e-29,0.0314169,0.123694,0.271032,0.464175,0.690985,0.937212,1.18738,1.42578,1.63743,1.80902,1.92978,1.99212,1.99212,1.92978,1.80902,1.63743,1.42578,1.18738,0.937212,0.690985,0.464175,0.271032,0.123694,0.0314169,3.46113e-29,0.0314169,0.123694,0.271032,0.464175,0.690985,0.937212,1.18738,1.42578,1.63743,1.80902,1.92978,1.99212,1.99212,1.92978,1.80902,1.63743,1.42578,1.18738,0.937212,0.690985,0.464175,0.271032,0.123694,0.0314169,4.79923e-31,
0,0.0314172,0.123695,0.271035,0.464179,0.690991,0.937221,1.1874,1.4258,1.63744,1.80904,1.9298,1.99214,1.99214,1.9298,1.80904,1.63744,1.4258,1.1874,0.937221,0.690991,0.464179,0.271035,0.123695,0.0314172,2.09203e-27,0.0314172,0.123695,0.271035,0.464179,0.690991,0.937221,1.1874,1.4258,1.63744,1.80904,1.9298,1.99214,1.99214,1.9298,1.80904,1.63744,1.4258,1.1874,0.937221,0.690991,0.464179,0.271035,0.123695,0.0314172,1.90865e-28,0.0314172,0.123695,0.271035,0.464179,0.690991,0.937221,1.1874,1.4258,1.63744,1.80904,1.9298,1.99214,1.99214,1.9298,1.80904,1.63744,1.4258,1.1874,0.937221,0.690991,0.464179,0.271035,0.123695,0.0314172,1.15286e-27,0.0314172,0.123695,0.271035,0.464179,0.690991,0.937221,1.1874,1.4258,1.63744,1.80904,1.9298,1.99214,1.99214,1.9298,1.80904,1.63744,1.4258,1.1874,0.937221,0.690991,0.464179,0.271035,0.123695,0.0314172,4.79923e-31,
0,0.031417,0.123694,0.271032,0.464175,0.690986,0.937213,1.18739,1.42578,1.63743,1.80902,1.92978,1.99212,1.99212,1.92978,1.80902,1.63743,1.42578,1.18739,0.937213,0.690986,0.464175,0.271032,0.123694,0.031417,5.8343e-28,0.031417,0.123694,0.271032,0.464175,0.690986,0.937213,1.18739,1.42578,1.63743,1.80902,1.92978,1.99212,1.99212,1.92978,1.80902,1.63743,1.42578,1.18739,0.937213,0.690986,0.464175,0.271032,0.123694,0.031417,1.49315e-27,0.031417,0.123694,0.271032,0.464175,0.690986,0.937213,1.18739,1.42578,1.63743,1.80902,1.92978,1.99212,1.99212,1.92978,1.80902,1.63743,1.42578,1.18739,0.937213,0.690986,0.464175,0.271032,0.123694,0.031417,6.9134e-29,0.031417,0.123694,0.271032,0.464175,0.690986,0.937213,1.18739,1.42578,1.63743,1.80902,1.92978,1.99212,1.99212,1.92978,1.80902,1.63743,1.42578,1.18739,0.937213,0.690986,0.464175,0.271032,0.123694,0.031417,4.79923e-31,
0,0.0314172,0.123695,0.271034,0.464179,0.690991,0.93722,1.18739,1.4258,1.63744,1.80904,1.9298,1.99214,1.99214,1.9298,1.80904,1.63744,1.4258,1.18739,0.93722,0.690991,0.464179,0.271034,0.123695,0.0314172,2.02581e-27,0.0314172,0.123695,0.271034,0.464179,0.690991,0.93722,1.18739,1.4258,1.63744,1.80904,1.9298,1.99214,1.99214,1.9298,1.80904,1.63744,1.4258,1.18739,0.93722,0.690991,0.464179,0.271034,0.123695,0.0314172,1.58507e-27,0.0314172,0.123695,0.271034,0.464179,0.690991,0.93722,1.18739,1.4258,1.63744,1.80904,1.9298,1.99214,1.99214,1.9298,1.80904,1.63744,1.4258,1.18739,0.93722,0.690991,0.464179,0.271034,0.123695,0.0314172,1.7969e-28,0.0314172,0.123695,0.271034,0.464179,0.690991,0.93722,1.18739,1.4258,1.63744,1.80904,1.9298,1.99214,1.99214,1.9298,1.80904,1.63744,1.4258,1.18739,0.93722,0.690991,0.464179,0.271034,0.123695,0.0314172,4.79923e-31,
0,0.031417,0.123694,0.271033,0.464175,0.690986,0.937214,1.18739,1.42579,1.63743,1.80903,1.92979,1.99212,1.99212,1.92979,1.80903,1.63743,1.42579,1.18739,0.937214,0.690986,0.464175,0.271033,0.123694,0.031417,4.5595e-29,0.031417,0.123694,0.271033,0.464175,0.690986,0.937214,1.18739,1.42579,1.63743,1.80903,1.92979,1.99212,1.99212,1.92979,1.80903,1.63743,1.42579,1.18739,0.937214,0.690986,0.464175,0.271033,0.123694,0.031417,7.72621e-27,0.031417,0.123694,0.271033,0.464175,0.690986,0.937214,1.18739,1.42579,1.63743,1.80903,1.92979,1.99212,1.99212,1.92979,1.80903,1.63743,1.42579,1.18739,0.937214,0.690986,0.464175,0.271033,0.123694,0.031417,4.85041e-27,0.031417,0.123694,0.271033,0.464175,0.690986,0.937214,1.18739,1.42579,1.63743,1.80903,1.92979,1.99212,1.99212,1.92979,1.80903,1.63743,1.42579,1.18739,0.937214,0.690986,0.464175,0.271033,0.123694,0.031417,4.79923e-31,
0,0.0314172,0.123695,0.271034,0.464178,0.69099,0.937219,1.18739,1.42579,1.63744,1.80904,1.9298,1.99214,1.99214,1.9298,1.80904,1.63744,1.42579,1.18739,0.937219,0.69099,0.464178,0.271034,0.123695,0.0314172,1.29548e-27,0.0314172,0.123695,0.271034,0.464178,0.69099,0.937219,1.18739,1.42579,1.63744,1.80904,1.9298,1.99214,1.99214,1.9298,1.80904,1.63744,1.42579,1.18739,0.937219,0.69099,0.464178,0.271034,0.123695,0.0314172,9.72365e-27,0.0314172,0.123695,0.271034,0.464178,0.69099,0.937219,1.18739,1.42579,1.63744,1.80904,1.9298,1.99214,1.99214,1.9298,1.80904,1.63744,1.42579,1.18739,0.937219,0.69099,0.464178,0.271034,0.123695,0.0314172,4.7347e-27,0.0314172,0.123695,0.271034,0.464178,0.69099,0.937219,1.18739,1.42579,1.63744,1.80904,1.9298,1.99214,1.99214,1.9298,1.80904,1.63744,1.42579,1.18739,0.937219,0.69099,0.464178,0.271034,0.123695,0.0314172,4.79923e-31,
0,0.031417,0.123694,0.271033,0.464176,0.690987,0.937215,1.18739,1.42579,1.63743,1.80903,1.92979,1.99213,1.99213,1.92979,1.80903,1.63743,1.42579,1.18739,0.937215,0.690987,0.464176,0.271033,0.123694,0.031417,8.27932e-27,0.031417,0.123694,0.271033,0.464176,0.690987,0.937215,1.18739,1.42579,1.63743,1.80903,1.92979,1.99213,1.99213,1.92979,1.80903,1.63743,1.42579,1.18739,0.937215,0.690987,0.464176,0.271033,0.123694,0.031417,3.45465e-27,0.031417,0.123694,0.271033,0.464176,0.690987,0.937215,1.18739,1.42579,1.63743,1.80903,1.92979,1.99213,1.99213,1.92979,1.80903,1.63743,1.42579,1.18739,0.937215,0.690987,0.464176,0.271033,0.123694,0.031417,6.78614e-27,0.031417,0.123694,0.271033,0.464176,0.690987,0.937215,1.18739,1.42579,1.63743,1.80903,1.92979,1.99213,1.99213,1.92979,1.80903,1.63743,1.42579,1.18739,0.937215,0.690987,0.464176,0.271033,0.123694,0.031417,4.79923e-31,
0,0.0314171,0.123695,0.271034,0.464178,0.69099,0.937218,1.18739,1.42579,1.63744,1.80903,1.9298,1.99213,1.99213,1.9298,1.80903,1.63744,1.42579,1.18739,0.937218,0.69099,0.464178,0.271034,0.123695,0.0314171,3.52598e-28,0.0314171,0.123695,0.271034,0.464178,0.69099,0.937218,1.18739,1.42579,1.63744,1.80903,1.9298,1.99213,1.99213,1.9298,1.80903,1.63744,1.42579,1.18739,0.937218,0.69099,0.464178,0.271034,0.123695,0.0314171,3.05421e-27,0.0314171,0.123695,0.271034,0.464178,0.69099,0.937218,1.18739,1.42579,1.63744,1.80903,1.9298,1.99213,1.99213,1.9298,1.80903,1.63744,1.42579,1.18739,0.937218,0.69099,0.464178,0.271034,0.123695,0.0314171,6.94034e-27,0.0314171,0.123695,0.271034,0.464178,0.69099,0.937218,1.18739,1.42579,1.63744,1.80903,1.9298,1.99213,1.99213,1.9298,1.80903,1.63744,1.42579,1.18739,0.937218,0.69099,0.464178,0.271034,0.123695,0.0314171,4.79923e-31,
0,0.031417,0.123694,0.271033,0.464176,0.690987,0.937215,1.18739,1.42579,1.63743,1.80903,1.92979,1.99213,1.99213,1.92979,1.80903,1.63743,1.42579,1.18739,0.937215,0.690987,0.464176,0.271033,0.123694,0.031417,3.50806e-28,0.031417,0.123694,0.271033,0.464176,0.690987,0.937215,1.18739,1.42579,1.63743,1.80903,1.92979,1.99213,1.99213,1.92979,1.80903,1.63743,1.42579,1.18739,0.937215,0.690987,0.464176,0.271033,0.123694,0.031417,1.27535e-27,0.031417,0.123694,0.271033,0.464176,0.690987,0.937215,1.18739,1.42579,1.63743,1.80903,1.92979,1.99213,1.99213,1.92979,1.80903,1.63743,1.42579,1.18739,0.937215,0.690987,0.464176,0.271033,0.123694,0.031417,1.62031e-27,0.031417,0.123694,0.271033,0.464176,0.690987,0.937215,1.18739,1.42579,1.63743,1.80903,1.92979,1.99213,1.99213,1.92979,1.80903,1.63743,1.42579,1.18739,0.937215,0.690987,0.464176,0.271033,0.123694,0.031417,4.79923e-31,
0,0.0314171,0.123694,0.271034,0.464177,0.690989,0.937218,1.18739,1.42579,1.63744,1.80903,1.92979,1.99213,1.99213,1.92979,1.80903,1.63744,1.42579,1.18739,0.937218,0.690989,0.464177,0.271034,0.123694,0.0314171,8.33707e-28,0.0314171,0.123694,0.271034,0.464177,0.690989,0.937218,1.18739,1.42579,1.63744,1.80903,1.92979,1.99213,1.99213,1.92979,1.80903,1.63744,1.42579,1.18739,0.937218,0.690989,0.464177,0.271034,0.123694,0.0314171,1.63356e-27,0.0314171,0.123694,0.271034,0.464177,0.690989,0.937218,1.18739,1.42579,1.63744,1.80903,1.92979,1.99213,1.99213,1.92979,1.80903,1.63744,1.42579,1.18739,0.937218,0.690989,0.464177,0.271034,0.123694,0.0314171,7.67242e-29,0.0314171,0.123694,0.271034,0.464177,0.690989,0.937218,1.18739,1.42579,1.63744,1.80903,1.92979,1.99213,1.99213,1.92979,1.80903,1.63744,1.42579,1.18739,0.937218,0.690989,0.464177,0.271034,0.123694,0.0314171,4.79923e-31,
0,0.0314171,0.123694,0.271033,0.464177,0.690988,0.937216,1.18739,1.42579,1.63744,1.80903,1.92979,1.99213,1.99213,1.92979,1.80903,1.63744,1.42579,1.18739,0.937216,0.690988,0.464177,0.271033,0.123694,0.0314171,1.81099e-27,0.0314171,0.123694,0.271033,0.464177,0.690988,0.937216,1.18739,1.42579,1.63744,1.80903,1.92979,1.99213,1.99213,1.92979,1.80903,1.63744,1.42579,1.18739,0.937216,0.690988,0.464177,0.271033,0.123694,0.0314171,8.01597e-27,0.0314171,0.123694,0.271033,0.464177,0.690988,0.937216,1.18739,1.42579,1.63744,1.80903,1.92979,1.99213,1.99213,1.92979,1.80903,1.63744,1.42579,1.18739,0.937216,0.690988,0.464177,0.271033,0.123694,0.0314171,3.00221e-27,0.0314171,0.123694,0.271033,0.464177,0.690988,0.937216,1.18739,1.42579,1.63744,1.80903,1.92979,1.99213,1.99213,1.92979,1.80903,1.63744,1.42579,1.18739,0.937216,0.690988,0.464177,0.271033,0.123694,0.0314171,4.79923e-31,
0,0.0314171,0.123694,0.271033,0.464177,0.690988,0.937217,1.18739,1.42579,1.63744,1.80903,1.92979,1.99213,1.99213,1.92979,1.80903,1.63744,1.42579,1.18739,0.937217,0.690988,0.464177,0.271033,0.123694,0.0314171,2.61518e-27,0.0314171,0.123694,0.271033,0.464177,0.690988,0.937217,1.18739,1.42579,1.63744,1.80903,1.92979,1.99213,1.99213,1.92979,1.80903,1.63744,1.42579,1.18739,0.937217,0.690988,0.464177,0.271033,0.123694,0.0314171,7.53516e-27,0.0314171,0.123694,0.271033,0.464177,0.690988,0.937217,1.18739,1.42579,1.63744,1.80903,1.92979,1.99213,1.99213,1.92979,1.80903,1.63744,1.42579,1.18739,0.937217,0.690988,0.464177,0.271033,0.123694,0.0314171,6.24621e-27,0.0314171,0.123694,0.271033,0.464177,0.690988,0.937217,1.18739,1.42579,1.63744,1.80903,1.92979,1.99213,1.99213,1.92979,1.80903,1.63744,1.42579,1.18739,0.937217,0.690988,0.464177,0.271033,0.123694,0.0314171,4.79923e-31,
0,0.0314171,0.123694,0.271034,0.464177,0.690989,0.937217,1.18739,1.42579,1.63744,1.80903,1.92979,1.99213,1.99213,1.92979,1.80903,1.63744,1.42579,1.18739,0.937217,0.690989,0.464177,0.271034,0.123694,0.0314171,6.45938e-27,0.0314171,0.123694,0.271034,0.464177,0.690989,0.937217,1.18739,1.42579,1.63744,1.80903,1.92979,1.99213,1.99213,1.92979,1.80903,1.63744,1.42579,1.18739,0.937217,0.690989,0.464177,0.271034,0.123694,0.0314171,1.48106e-26,0.0314171,0.123694,0.271034,0.464177,0.690989,0.937217,1.18739,1.42579,1.63744,1.80903,1.92979,1.99213,1.99213,1.92979,1.80903,1.63744,1.42579,1.18739,0.937217,0.690989,0.464177,0.271034,0.123694,0.0314171,9.95881e-28,0.0314171,0.123694,0.271034,0.464177,0.690989,0.937217,1.18739,1.42579,1.63744,1.80903,1.92979,1.99213,1.99213,1.92979,1.80903,1.63744,1.42579,1.18739,0.937217,0.690989,0.464177,0.271034,0.123694,0.0314171,4.79923e-31,
0,0.031417,0.123694,0.271033,0.464176,0.690988,0.937216,1.18739,1.42579,1.63743,1.80903,1.92979,1.99213,1.99213,1.92979,1.80903,1.63743,1.42579,1.18739,0.937216,0.690988,0.464176,0.271033,0.123694,0.031417,2.58413e-27,0.031417,0.123694,0.271033,0.464176,0.690988,0.937216,1.18739,1.42579,1.63743,1.80903,1.92979,1.99213,1.99213,1.92979,1.80903,1.63743,1.42579,1.18739,0.937216,0.690988,0.464176,0.271033,0.123694,0.031417,3.31298e-27,0.031417,0.123694,0.271033,0.464176,0.690988,0.937216,1.18739,1.42579,1.63743,1.80903,1.92979,1.99213,1.99213,1.92979,1.80903,1.63743,1.42579,1.18739,0.937216,0.690988,0.464176,0.271033,0.123694,0.031417,4.4019e-27,0.031417,0.123694,0.271033,0.464176,0.690988,0.937216,1.18739,1.42579,1.63743,1.80903,1.92979,1.99213,1.99213,1.92979,1.80903,1.63743,1.42579,1.18739,0.937216,0.690988,0.464176,0.271033,0.123694,0.031417,4.79923e-31,
0,0.0314171,0.123694,0.271034,0.464178,0.690989,0.937218,1.18739,1.42579,1.63744,1.80903,1.92979,1.99213,1.99213,1.92979,1.80903,1.63744,1.42579,1.18739,0.937218,0.690989,0.464178,0.271034,0.123694,0.0314171,1.42562e-26,0.0314171,0.123694,0.271034,0.464178,0.690989,0.937218,1.18739,1.42579,1.63744,1.80903,1.92979,1.99213,1.99213,1.92979,1.80903,1.63744,1.42579,1.18739,0.937218,0.690989,0.464178,0.271034,0.123694,0.0314171,6.88762e-28,0.0314171,0.123694,0.271034,0.464178,0.690989,0.937218,1.18739,1.42579,1.63744,1.80903,1.92979,1.99213,1.99213,1.92979,1.80903,1.63744,1.42579,1.18739,0.937218,0.690989,0.464178,0.271034,0.123694,0.0314171,1.05092e-27,0.0314171,0.123694,0.271034,0.464178,0.690989,0.937218,1.18739,1.42579,1.63744,1.80903,1.92979,1.99213,1.99213,1.92979,1.80903,1.63744,1.42579,1.18739,0.937218,0.690989,0.464178,0.271034,0.123694,0.0314171,4.79923e-31,
0,0.031417,0.123694,0.271033,0.464176,0.690987,0.937215,1.18739,1.42579,1.63743,1.80903,1.92979,1.99213,1.99213,1.92979,1.80903,1.63743,1.42579,1.18739,0.937215,0.690987,0.464176,0.271033,0.123694,0.031417,3.21544e-28,0.031417,0.123694,0.271033,0.464176,0.690987,0.937215,1.18739,1.42579,1.63743,1.80903,1.92979,1.99213,1.99213,1.92979,1.80903,1.63743,1.42579,1.18739,0.937215,0.690987,0.464176,0.271033,0.123694,0.031417,6.10094e-28,0.031417,0.123694,0.271033,0.464176,0.690987,0.937215,1.18739,1.42579,1.63743,1.80903,1.92979,1.99213,1.99213,1.92979,1.80903,1.63743,1.42579,1.18739,0.937215,0.690987,0.464176,0.271033,0.123694,0.031417,3.17412e-29,0.031417,0.123694,0.271033,0.464176,0.690987,0.937215,1.18739,1.42579,1.63743,1.80903,1.92979,1.99213,1.99213,1.92979,1.80903,1.63743,1.42579,1.18739,0.937215,0.690987,0.464176,0.271033,0.123694,0.031417,4.79923e-31,
0,0.0314172,0.123695,0.271034,0.464178,0.69099,0.937219,1.18739,1.42579,1.63744,1.80904,1.9298,1.99214,1.99214,1.9298,1.80904,1.63744,1.42579,1.18739,0.937219,0.69099,0.464178,0.271034,0.123695,0.0314172,2.37323e-27,0.0314172,0.123695,0.271034,0.464178,0.69099,0.937219,1.18739,1.42579,1.63744,1.80904,1.9298,1.99214,1.99214,1.9298,1.80904,1.63744,1.42579,1.18739,0.937219,0.69099,0.464178,0.271034,0.123695,0.0314172,1.19932e-28,0.0314172,0.123695,0.271034,0.464178,0.69099,0.937219,1.18739,1.42579,1.63744,1.80904,1.9298,1.99214,1.99214,1.9298,1.80904,1.63744,1.42579,1.18739,0.937219,0.69099,0.464178,0.271034,0.123695,0.0314172,6.56617e-28,0.0314172,0.123695,0.271034,0.464178,0.69099,0.937219,1.18739,1.42579,1.63744,1.80904,1.9298,1.99214,1.99214,1.9298,1.80904,1.63744,1.42579,1.18739,0.937219,0.69099,0.464178,0.271034,0.123695,0.0314172,4.79923e-31,
0,0.031417,0.123694,0.271033,0.464175,0.690986,0.937214,1.18739,1.42579,1.63743,1.80903,1.92979,1.99212,1.99212,1.92979,1.80903,1.63743,1.42579,1.18739,0.937214,0.690986,0.464175,0.271033,0.123694,0.031417,2.36577e-27,0.031417,0.123694,0.271033,0.464175,0.690986,0.937214,1.18739,1.42579,1.63743,1.80903,1.92979,1.99212,1.99212,1.92979,1.80903,1.63743,1.42579,1.18739,0.937214,0.690986,0.464175,0.271033,0.123694,0.031417,8.55044e-27,0.031417,0.123694,0.271033,0.464175,0.690986,0.937214,1.18739,1.42579,1.63743,1.80903,1.92979,1.99212,1.99212,1.92979,1.80903,1.63743,1.42579,1.18739,0.937214,0.690986,0.464175,0.271033,0.123694,0.031417,2.44743e-27,0.031417,0.123694,0.271033,0.464175,0.690986,0.937214,1.18739,1.42579,1.63743,1.80903,1.92979,1.99212,1.99212,1.92979,1.80903,1.63743,1.42579,1.18739,0.937214,0.690986,0.464175,0.271033,0.123694,0.031417,4.79923e-31,
0,0.0314172,0.123695,0.271034,0.464178,0.690991,0.93722,1.18739,1.4258,1.63744,1.80904,1.9298,1.99214,1.99214,1.9298,1.80904,1.63744,1.4258,1.18739,0.93722,0.690991,0.464178,0.271034,0.123695,0.0314172,1.96546e-26,0.0314172,0.123695,0.271034,0.464178,0.690991,0.93722,1.18739,1.4258,1.63744,1.80904,1.9298,1.99214,1.99214,1.9298,1.80904,1.63744,1.4258,1.18739,0.93722,0.690991,0.464178,0.271034,0.123695,0.0314172,4.47472e-27,0.0314172,0.123695,0.271034,0.464178,0.690991,0.93722,1.18739,1.4258,1.63744,1.80904,1.9298,1.99214,1.99214,1.9298,1.80904,1.63744,1.4258,1.18739,0.93722,0.690991,0.464178,0.271034,0.123695,0.0314172,1.9249e-27,0.0314172,0.123695,0.271034,0.464178,0.690991,0.93722,1.18739,1.4258,1.63744,1.80904,1.9298,1.99214,1.99214,1.9298,1.80904,1.63744,1.4258,1.18739,0.93722,0.690991,0.464178,0.271034,0.123695,0.0314172,4.79923e-31,
0,0.031417,0.123694,0.271032,0.464175,0.690986,0.937213,1.18739,1.42578,1.63743,1.80902,1.92978,1.99212,1.99212,1.92978,1.80902,1.63743,1.42578,1.18739,0.937213,0.690986,0.464175,0.271032,0.123694,0.031417,1.46436e-27,0.031417,0.123694,0.271032,0.464175,0.690986,0.937213,1.18739,1.42578,1.63743,1.80902,1.92978,1.99212,1.99212,1.92978,1.80902,1.63743,1.42578,1.18739,0.937213,0.690986,0.464175,0.271032,0.123694,0.031417,7.45818e-27,0.031417,0.123694,0.271032,0.464175,0.690986,0.937213,1.18739,1.42578,1.63743,1.80902,1.92978,1.99212,1.99212,1.92978,1.80902,1.63743,1.42578,1.18739,0.937213,0.690986,0.464175,0.271032,0.123694,0.031417,4.03463e-27,0.031417,0.123694,0.271032,0.464175,0.690986,0.937213,1.18739,1.42578,1.63743,1.80902,1.92978,1.99212,1.99212,1.92978,1.80902,1.63743,1.42578,1.18739,0.937213,0.690986,0.464175,0.271032,0.123694,0.031417,4.79923e-31,
0,0.0314172,0.123695,0.271035,0.464179,0.690991,0.937221,1.1874,1.4258,1.63744,1.80904,1.9298,1.99214,1.99214,1.9298,1.80904,1.63744,1.4258,1.1874,0.937221,0.690991,0.464179,0.271035,0.123695,0.0314172,1.15432e-27,0.0314172,0.123695,0.271035,0.464179,0.690991,0.937221,1.1874,1.4258,1.63744,1.80904,1.9298,1.99214,1.99214,1.9298,1.80904,1.63744,1.4258,1.1874,0.937221,0.690991,0.464179,0.271035,0.123695,0.0314172,6.77203e-27,0.0314172,0.123695,0.271035,0.464179,0.690991,0.937221,1.1874,1.4258,1.63744,1.80904,1.9298,1.99214,1.99214,1.9298,1.80904,1.63744,1.4258,1.1874,0.937221,0.690991,0.464179,0.271035,0.123695,0.0314172,9.03247e-27,0.0314172,0.123695,0.271035,0.464179,0.690991,0.937221,1.1874,1.4258,1.63744,1.80904,1.9298,1.99214,1.99214,1.9298,1.80904,1.63744,1.4258,1.1874,0.937221,0.690991,0.464179,0.271035,0.123695,0.0314172,4.79923e-31,
0,0.0314169,0.123694,0.271032,0.464175,0.690985,0.937212,1.18739,1.42578,1.63743,1.80902,1.92978,1.99212,1.99212,1.92978,1.80902,1.63743,1.42578,1.18739,0.937212,0.690985,0.464175,0.271032,0.123694,0.0314169,2.67324e-27,0.0314169,0.123694,0.271032,0.464175,0.690985,0.937212,1.18739,1.42578,1.63743,1.80902,1.92978,1.99212,1.99212,1.92978,1.80902,1.63743,1.42578,1.18739,0.937212,0.690985,0.464175,0.271032,0.123694,0.0314169,1.53093e-27,0.0314169,0.123694,0.271032,0.464175,0.690985,0.937212,1.18739,1.42578,1.63743,1.80902,1.92978,1.99212,1.99212,1.92978,1.80902,1.63743,1.42578,1.18739,0.937212,0.690985,0.464175,0.271032,0.123694,0.0314169,2.26057e-27,0.0314169,0.123694,0.271032,0.464175,0.690985,0.937212,1.18739,1.42578,1.63743,1.80902,1.92978,1.99212,1.99212,1.92978,1.80902,1.63743,1.42578,1.18739,0.937212,0.690985,0.464175,0.271032,0.123694,0.0314169,4.79923e-31,
0,0.0314172,0.123695,0.271035,0.464179,0.690992,0.937221,1.1874,1.4258,1.63744,1.80904,1.9298,1.99214,1.99214,1.9298,1.80904,1.63744,1.4258,1.1874,0.937221,0.690992,0.464179,0.271035,0.123695,0.0314172,8.40688e-28,0.0314172,0.123695,0.271035,0.464179,0.690992,0.937221,1.1874,1.4258,1.63744,1.80904,1.9298,1.99214,1.99214,1.9298,1.80904,1.63744,1.4258,1.1874,0.937221,0.690992,0.464179,0.271035,0.123695,0.0314172,1.06442e-27,0.0314172,0.123695,0.271035,0.464179,0.690992,0.937221,1.1874,1.4258,1.63744,1.80904,1.9298,1.99214,1.99214,1.9298,1.80904,1.63744,1.4258,1.1874,0.937221,0.690992,0.464179,0.271035,0.123695,0.0314172,2.08647e-27,0.0314172,0.123695,0.271035,0.464179,0.690992,0.937221,1.1874,1.4258,1.63744,1.80904,1.9298,1.99214,1.99214,1.9298,1.80904,1.63744,1.4258,1.1874,0.937221,0.690992,0.464179,0.271035,0.123695,0.0314172,4.79923e-31,
0,0.0314169,0.123694,0.271032,0.464174,0.690985,0.937212,1.18738,1.42578,1.63743,1.80902,1.92978,1.99212,1.99212,1.92978,1.80902,1.63743,1.42578,1.18738,0.937212,0.690985,0.464174,0.271032,0.123694,0.0314169,5.96638e-28,0.0314169,0.123694,0.271032,0.464174,0.690985,0.937212,1.18738,1.42578,1.63743,1.80902,1.92978,1.99212,1.99212,1.92978,1.80902,1.63743,1.42578,1.18738,0.937212,0.690985,0.464174,0.271032,0.123694,0.0314169,5.51504e-28,0.0314169,0.123694,0.271032,0.464174,0.690985,0.937212,1.18738,1.42578,1.63743,1.80902,1.92978,1.99212,1.99212,1.92978,1.80902,1.63743,1.42578,1.18738,0.937212,0.690985,0.464174,0.271032,0.123694,0.0314169,5.9957e-27,0.0314169,0.123694,0.271032,0.464174,0.690985,0.937212,1.18738,1.42578,1.63743,1.80902,1.92978,1.99212,1.99212,1.92978,1.80902,1.63743,1.42578,1.18738,0.937212,0.690985,0.464174,0.271032,0.123694,0.0314169,4.79923e-31,
0,0.0314173,0.123695,0.271035,0.464179,0.690992,0.937222,1.1874,1.4258,1.63745,1.80904,1.9298,1.99214,1.99214,1.9298,1.80904,1.63745,1.4258,1.1874,0.937222,0.690992,0.464179,0.271035,0.123695,0.0314173,3.3974e-28,0.0314173,0.123695,0.271035,0.464179,0.690992,0.937222,1.1874,1.4258,1.63745,1.80904,1.9298,1.99214,1.99214,1.9298,1.80904,1.63745,1.4258,1.1874,0.937222,0.690992,0.464179,0.271035,0.123695,0.0314173,1.43089e-27,0.0314173,0.123695,0.271035,0.464179,0.690992,0.937222,1.1874,1.4258,1.63745,1.80904,1.9298,1.99214,1.99214,1.9298,1.80904,1.63745,1.4258,1.1874,0.937222,0.690992,0.464179,0.271035,0.123695,0.0314173,8.96711e-28,0.0314173,0.123695,0.271035,0.464179,0.690992,0.937222,1.1874,1.4258,1.63745,1.80904,1.9298,1.99214,1.99214,1.9298,1.80904,1.63745,1.4258,1.1874,0.937222,0.690992,0.464179,0.271035,0.123695,0.0314173,4.79923e-31,
0,0.0314169,0.123694,0.271032,0.464174,0.690984,0.937211,1.18738,1.42578,1.63743,1.80902,1.92978,1.99212,1.99212,1.92978,1.80902,1.63743,1.42578,1.18738,0.937211,0.690984,0.464174,0.271032,0.123694,0.0314169,3.29541e-29,0.0314169,0.123694,0.271032,0.464174,0.690984,0.937211,1.18738,1.42578,1.63743,1.80902,1.92978,1.99212,1.99212,1.92978,1.80902,1.63743,1.42578,1.18738,0.937211,0.690984,0.464174,0.271032,0.123694,0.0314169,7.1351e-27,0.0314169,0.123694,0.271032,0.464174,0.690984,0.937211,1.18738,1.42578,1.63743,1.80902,1.92978,1.99212,1.99212,1.92978,1.80902,1.63743,1.42578,1.18738,0.937211,0.690984,0.464174,0.271032,0.123694,0.0314169,4.08702e-28,0.0314169,0.123694,0.271032,0.464174,0.690984,0.937211,1.18738,1.42578,1.63743,1.80902,1.92978,1.99212,1.99212,1.92978,1.80902,1.63743,1.42578,1.18738,0.937211,0.690984,0.464174,0.271032,0.123694,0.0314169,4.79923e-31,
0,0.0314173,0.123695,0.271035,0.46418,0.690993,0.937223,1.1874,1.4258,1.63745,1.80904,1.9298,1.99214,1.99214,1.9298,1.80904,1.63745,1.4258,1.1874,0.937223,0.690993,0.46418,0.271035,0.123695,0.0314173,6.0322e-27,0.0314173,0.123695,0.271035,0.46418,0.690993,0.937223,1.1874,1.4258,1.63745,1.80904,1.9298,1.99214,1.99214,1.9298,1.80904,1.63745,1.4258,1.1874,0.937223,0.690993,0.46418,0.271035,0.123695,0.0314173,2.20419e-27,0.0314173,0.123695,0.271035,0.46418,0.690993,0.937223,1.1874,1.4258,1.63745,1.80904,1.9298,1.99214,1.99214,1.9298,1.80904,1.63745,1.4258,1.1874,0.937223,0.690993,0.46418,0.271035,0.123695,0.0314173,8.08412e-27,0.0314173,0.123695,0.271035,0.46418,0.690993,0.937223,1.1874,1.4258,1.63745,1.80904,1.9298,1.99214,1.99214,1.9298,1.80904,1.63745,1.4258,1.1874,0.937223,0.690993,0.46418,0.271035,0.123695,0.0314173,4.79923e-31,
0,0.0314169,0.123693,0.271032,0.464174,0.690984,0.937211,1.18738,1.42578,1.63743,1.80902,1.92978,1.99212,1.99212,1.92978,1.80902,1.63743,1.42578,1.18738,0.937211,0.690984,0.464174,0.271032,0.123693,0.0314169,4.6974e-27,0.0314169,0.123693,0.271032,0.464174,0.690984,0.937211,1.18738,1.42578,1.63743,1.80902,1.92978,1.99212,1.99212,1.92978,1.80902,1.63743,1.42578,1.18738,0.937211,0.690984,0.464174,0.271032,0.123693,0.0314169,4.67866e-27,0.0314169,0.123693,0.271032,0.464174,0.690984,0.937211,1.18738,1.42578,1.63743,1.80902,1.92978,1.99212,1.99212,1.92978,1.80902,1.63743,1.42578,1.18738,0.937211,0.690984,0.464174,0.271032,0.123693,0.0314169,2.15108e-28,0.0314169,0.123693,0.271032,0.464174,0.690984,0.937211,1.18738,1.42578,1.63743,1.80902,1.92978,1.99212,1.99212,1.92978,1.80902,1.63743,1.42578,1.18738,0.937211,0.690984,0.464174,0.271032,0.123693,0.0314169,4.79923e-31,
0,0.0314173,0.123695,0.271035,0.46418,0.690993,0.937223,1.1874,1.4258,1.63745,1.80904,1.9298,1.99214,1.99214,1.9298,1.80904,1.63745,1.4258,1.1874,0.937223,0.690993,0.46418,0.271035,0.123695,0.0314173,8.65244e-27,0.0314173,0.123695,0.271035,0.46418,0.690993,0.937223,1.1874,1.4258,1.63745,1.80904,1.9298,1.99214,1.99214,1.9298,1.80904,1.63745,1.4258,1.1874,0.937223,0.690993,0.46418,0.271035,0.123695,0.0314173,5.4444e-27,0.0314173,0.123695,0.271035,0.46418,0.690993,0.937223,1.1874,1.4258,1.63745,1.80904,1.9298,1.99214,1.99214,1.9298,1.80904,1.63745,1.4258,1.1874,0.937223,0.690993,0.46418,0.271035,0.123695,0.0314173,1.47246e-27,0.0314173,0.123695,0.271035,0.46418,0.690993,0.937223,1.1874,1.4258,1.63745,1.80904,1.9298,1.99214,1.99214,1.9298,1.80904,1.63745,1.4258,1.1874,0.937223,0.690993,0.46418,0.271035,0.123695,0.0314173,4.79923e-31,
0,0.0314169,0.123693,0.271032,0.464174,0.690983,0.93721,1.18738,1.42578,1.63743,1.80902,1.92978,1.99212,1.99212,1.92978,1.80902,1.63743,1.42578,1.18738,0.93721,0.690983,0.464174,0.271032,0.123693,0.0314169,5.48266e-28,0.0314169,0.123693,0.271032,0.464174,0.690983,0.93721,1.18738,1.42578,1.63743,1.80902,1.92978,1.99212,1.99212,1.92978,1.80902,1.63743,1.42578,1.18738,0.93721,0.690983,0.464174,0.271032,0.123693,0.0314169,4.87644e-27,0.0314169,0.123693,0.271032,0.464174,0.690983,0.93721,1.18738,1.42578,1.63743,1.80902,1.92978,1.99212,1.99212,1.92978,1.80902,1.63743,1.42578,1.18738,0.93721,0.690983,0.464174,0.271032,0.123693,0.0314169,8.76929e-28,0.0314169,0.123693,0.271032,0.464174,0.690983,0.93721,1.18738,1.42578,1.63743,1.80902,1.92978,1.99212,1.99212,1.92978,1.80902,1.63743,1.42578,1.18738,0.93721,0.690983,0.464174,0.271032,0.123693,0.0314169,4.79923e-31,
0,0.0314173,0.123695,0.271035,0.46418,0.690993,0.937224,1.1874,1.4258,1.63745,1.80904,1.92981,1.99214,1.99214,1.92981,1.80904,1.63745,1.4258,1.1874,0.937224,0.690993,0.46418,0.271035,0.123695,0.0314173,5.92729e-27,0.0314173,0.123695,0.271035,0.46418,0.690993,0.937224,1.1874,1.4258,1.63745,1.80904,1.92981,1.99214,1.99214,1.92981,1.80904,1.63745,1.4258,1.1874,0.937224,0.690993,0.46418,0.271035,0.123695,0.0314173,5.80775e-27,0.0314173,0.123695,0.271035,0.46418,0.690993,0.937224,1.1874,1.4258,1.63745,1.80904,1.92981,1.99214,1.99214,1.92981,1.80904,1.63745,1.4258,1.1874,0.937224,0.690993,0.46418,0.271035,0.123695,0.0314173,3.17689e-27,0.0314173,0.123695,0.271035,0.46418,0.690993,0.937224,1.1874,1.4258,1.63745,1.80904,1.92981,1.99214,1.99214,1.92981,1.80904,1.63745,1.4258,1.1874,0.937224,0.690993,0.46418,0.271035,0.123695,0.0314173,4.79923e-31,
0,0.0314169,0.123693,0.271031,0.464173,0.690983,0.93721,1.18738,1.42578,1.63742,1.80902,1.92978,1.99212,1.99212,1.92978,1.80902,1.63742,1.42578,1.18738,0.93721,0.690983,0.464173,0.271031,0.123693,0.0314169,1.33549e-26,0.0314169,0.123693,0.271031,0.464173,0.690983,0.93721,1.18738,1.42578,1.63742,1.80902,1.92978,1.99212,1.99212,1.92978,1.80902,1.63742,1.42578,1.18738,0.93721,0.690983,0.464173,0.271031,0.123693,0.0314169,2.64202e-26,0.0314169,0.123693,0.271031,0.464173,0.690983,0.93721,1.18738,1.42578,1.63742,1.80902,1.92978,1.99212,1.99212,1.92978,1.80902,1.63742,1.42578,1.18738,0.93721,0.690983,0.464173,0.271031,0.123693,0.0314169,1.75372e-28,0.0314169,0.123693,0.271031,0.464173,0.690983,0.93721,1.18738,1.42578,1.63742,1.80902,1.92978,1.99212,1.99212,1.92978,1.80902,1.63742,1.42578,1.18738,0.93721,0.690983,0.464173,0.271031,0.123693,0.0314169,4.79923e-31,
0,0.0314173,0.123695,0.271036,0.46418,0.690994,0.937224,1.1874,1.4258,1.63745,1.80904,1.92981,1.99215,1.99215,1.92981,1.80904,1.63745,1.4258,1.1874,0.937224,0.690994,0.46418,0.271036,0.123695,0.0314173,3.07687e-29,0.0314173,0.123695,0.271036,0.46418,0.690994,0.937224,1.1874,1.4258,1.63745,1.80904,1.92981,1.99215,1.99215,1.92981,1.80904,1.63745,1.4258,1.1874,0.937224,0.690994,0.46418,0.271036,0.123695,0.0314173,3.3383e-26,0.0314173,0.123695,0.271036,0.46418,0.690994,0.937224,1.1874,1.4258,1.63745,1.80904,1.92981,1.99215,1.99215,1.92981,1.80904,1.63745,1.4258,1.1874,0.937224,0.690994,0.46418,0.271036,0.123695,0.0314173,9.56415e-28,0.0314173,0.123695,0.271036,0.46418,0.690994,0.937224,1.1874,1.4258,1.63745,1.80904,1.92981,1.99215,1.99215,1.92981,1.80904,1.63745,1.4258,1.1874,0.937224,0.690994,0.46418,0.271036,0.123695,0.0314173,4.79923e-31,
0,0.0314168,0.123693,0.271031,0.464173,0.690983,0.93721,1.18738,1.42578,1.63742,1.80902,1.92978,1.99211,1.99211,1.92978,1.80902,1.63742,1.42578,1.18738,0.93721,0.690983,0.464173,0.271031,0.123693,0.0314168,8.29558e-28,0.0314168,0.123693,0.271031,0.464173,0.690983,0.93721,1.18738,1.42578,1.63742,1.80902,1.92978,1.99211,1.99211,1.92978,1.80902,1.63742,1.42578,1.18738,0.93721,0.690983,0.464173,0.271031,0.123693,0.0314168,1.13521e-26,0.0314168,0.123693,0.271031,0.464173,0.690983,0.93721,1.18738,1.42578,1.63742,1.80902,1.92978,1.99211,1.99211,1.92978,1.80902,1.63742,1.42578,1.18738,0.93721,0.690983,0.464173,0.271031,0.123693,0.0314168,2.56497e-26,0.0314168,0.123693,0.271031,0.464173,0.690983,0.93721,1.18738,1.42578,1.63742,1.80902,1.92978,1.99211,1.99211,1.92978,1.80902,1.63742,1.42578,1.18738,0.93721,0.690983,0.464173,0.271031,0.123693,0.0314168,4.79923e-31,
0,0.0314173,0.123695,0.271036,0.46418,0.690994,0.937224,1.1874,1.4258,1.63745,1.80905,1.92981,1.99215,1.99215,1.92981,1.80905,1.63745,1.4258,1.1874,0.937224,0.690994,0.46418,0.271036,0.123695,0.0314173,1.11595e-27,0.0314173,0.123695,0.271036,0.46418,0.690994,0.937224,1.1874,1.4258,1.63745,1.80905,1.92981,1.99215,1.99215,1.92981,1.80905,1.63745,1.4258,1.1874,0.937224,0.690994,0.46418,0.271036,0.123695,0.0314173,1.46466e-27,0.0314173,0.123695,0.271036,0.46418,0.690994,0.937224,1.1874,1.4258,1.63745,1.80905,1.92981,1.99215,1.99215,1.92981,1.80905,1.63745,1.4258,1.1874,0.937224,0.690994,0.46418,0.271036,0.123695,0.0314173,6.67594e-27,0.0314173,0.123695,0.271036,0.46418,0.690994,0.937224,1.1874,1.4258,1.63745,1.80905,1.92981,1.99215,1.99215,1.92981,1.80905,1.63745,1.4258,1.1874,0.937224,0.690994,0.46418,0.271036,0.123695,0.0314173,4.79923e-31,
0,0.0314168,0.123693,0.271031,0.464173,0.690983,0.937209,1.18738,1.42578,1.63742,1.80902,1.92978,1.99211,1.99211,1.92978,1.80902,1.63742,1.42578,1.18738,0.937209,0.690983,0.464173,0.271031,0.123693,0.0314168,3.24591e-28,0.0314168,0.123693,0.271031,0.464173,0.690983,0.937209,1.18738,1.42578,1.63742,1.80902,1.92978,1.99211,1.99211,1.92978,1.80902,1.63742,1.42578,1.18738,0.937209,0.690983,0.464173,0.271031,0.123693,0.0314168,1.47931e-27,0.0314168,0.123693,0.271031,0.464173,0.690983,0.937209,1.18738,1.42578,1.63742,1.80902,1.92978,1.99211,1.99211,1.92978,1.80902,1.63742,1.42578,1.18738,0.937209,0.690983,0.464173,0.271031,0.123693,0.0314168,9.66375e-27,0.0314168,0.123693,0.271031,0.464173,0.690983,0.937209,1.18738,1.42578,1.63742,1.80902,1.92978,1.99211,1.99211,1.92978,1.80902,1.63742,1.42578,1.18738,0.937209,0.690983,0.464173,0.271031,0.123693,0.0314168,4.79923e-31,
0,0.0314173,0.123695,0.271036,0.46418,0.690994,0.937224,1.1874,1.4258,1.63745,1.80905,1.92981,1.99215,1.99215,1.92981,1.80905,1.63745,1.4258,1.1874,0.937224,0.690994,0.46418,0.271036,0.123695,0.0314173,4.61296e-29,0.0314173,0.123695,0.271036,0.46418,0.690994,0.937224,1.1874,1.4258,1.63745,1.80905,1.92981,1.99215,1.99215,1.92981,1.80905,1.63745,1.4258,1.1874,0.937224,0.690994,0.46418,0.271036,0.123695,0.0314173,3.87591e-28,0.0314173,0.123695,0.271036,0.46418,0.690994,0.937224,1.1874,1.4258,1.63745,1.80905,1.92981,1.99215,1.99215,1.92981,1.80905,1.63745,1.4258,1.1874,0.937224,0.690994,0.46418,0.271036,0.123695,0.0314173,2.39514e-27,0.0314173,0.123695,0.271036,0.46418,0.690994,0.937224,1.1874,1.4258,1.63745,1.80905,1.92981,1.99215,1.99215,1.92981,1.80905,1.63745,1.4258,1.1874,0.937224,0.690994,0.46418,0.271036,0.123695,0.0314173,4.79923e-31,
0,0.0314168,0.123693,0.271031,0.464173,0.690983,0.937209,1.18738,1.42578,1.63742,1.80902,1.92978,1.99211,1.99211,1.92978,1.80902,1.63742,1.42578,1.18738,0.937209,0.690983,0.464173,0.271031,0.123693,0.0314168,5.72449e-27,0.0314168,0.123693,0.271031,0.464173,0.690983,0.937209,1.18738,1.42578,1.63742,1.80902,1.92978,1.99211,1.99211,1.92978,1.80902,1.63742,1.42578,1.18738,0.937209,0.690983,0.464173,0.271031,0.123693,0.0314168,2.08847e-27,0.0314168,0.123693,0.271031,0.464173,0.690983,0.937209,1.18738,1.42578,1.63742,1.80902,1.92978,1.99211,1.99211,1.92978,1.80902,1.63742,1.42578,1.18738,0.937209,0.690983,0.464173,0.271031,0.123693,0.0314168,1.40973e-26,0.0314168,0.123693,0.271031,0.464173,0.690983,0.937209,1.18738,1.42578,1.63742,1.80902,1.92978,1.99211,1.99211,1.92978,1.80902,1.63742,1.42578,1.18738,0.937209,0.690983,0.464173,0.271031,0.123693,0.0314168,4.79923e-31,
0,0.0314173,0.123695,0.271036,0.46418,0.690994,0.937224,1.1874,1.4258,1.63745,1.80904,1.92981,1.99215,1.99215,1.92981,1.80904,1.63745,1.4258,1.1874,0.937224,0.690994,0.46418,0.271036,0.123695,0.0314173,1.22934e-28,0.0314173,0.123695,0.271036,0.46418,0.690994,0.937224,1.1874,1.4258,1.63745,1.80904,1.92981,1.99215,1.99215,1.92981,1.80904,1.63745,1.4258,1.1874,0.937224,0.690994,0.46418,0.271036,0.123695,0.0314173,2.59794e-27,0.0314173,0.123695,0.271036,0.46418,0.690994,0.937224,1.1874,1.4258,1.63745,1.80904,1.92981,1.99215,1.99215,1.92981,1.80904,1.63745,1.4258,1.1874,0.937224,0.690994,0.46418,0.271036,0.123695,0.0314173,1.2158e-26,0.0314173,0.123695,0.271036,0.46418,0.690994,0.937224,1.1874,1.4258,1.63745,1.80904,1.92981,1.99215,1.99215,1.92981,1.80904,1.63745,1.4258,1.1874,0.937224,0.690994,0.46418,0.271036,0.123695,0.0314173,4.79923e-31,
0,0.0314168,0.123693,0.271031,0.464173,0.690983,0.93721,1.18738,1.42578,1.63742,1.80902,1.92978,1.99211,1.99211,1.92978,1.80902,1.63742,1.42578,1.18738,0.93721,0.690983,0.464173,0.271031,0.123693,0.0314168,9.60108e-28,0.0314168,0.123693,0.271031,0.464173,0.690983,0.93721,1.18738,1.42578,1.63742,1.80902,1.92978,1.99211,1.99211,1.92978,1.80902,1.63742,1.42578,1.18738,0.93721,0.690983,0.464173,0.271031,0.123693,0.0314168,1.71665e-26,0.0314168,0.123693,0.271031,0.464173,0.690983,0.93721,1.18738,1.42578,1.63742,1.80902,1.92978,1.99211,1.99211,1.92978,1.80902,1.63742,1.42578,1.18738,0.93721,0.690983,0.464173,0.271031,0.123693,0.0314168,4.97309e-27,0.0314168,0.123693,0.271031,0.464173,0.690983,0.93721,1.18738,1.42578,1.63742,1.80902,1.92978,1.99211,1.99211,1.92978,1.80902,1.63742,1.42578,1.18738,0.93721,0.690983,0.464173,0.271031,0.123693,0.0314168,4.79923e-31,
0,0.0314173,0.123695,0.271036,0.46418,0.690994,0.937224,1.1874,1.4258,1.63745,1.80904,1.92981,1.99215,1.99215,1.92981,1.80904,1.63745,1.4258,1.1874,0.937224,0.690994,0.46418,0.271036,0.123695,0.0314173,3.40166e-27,0.0314173,0.123695,0.271036,0.46418,0.690994,0.937224,1.1874,1.4258,1.63745,1.80904,1.92981,1.99215,1.99215,1.92981,1.80904,1.63745,1.4258,1.1874,0.937224,0.690994,0.46418,0.271036,0.123695,0.0314173,1.24707e-26,0.0314173,0.123695,0.271036,0.46418,0.690994,0.937224,1.1874,1.4258,1.63745,1.80904,1.92981,1.99215,1.99215,1.92981,1.80904,1.63745,1.4258,1.1874,0.937224,0.690994,0.46418,0.271036,0.123695,0.0314173,5.49569e-28,0.0314173,0.123695,0.271036,0.46418,0.690994,0.937224,1.1874,1.4258,1.63745,1.80904,1.92981,1.99215,1.99215,1.92981,1.80904,1.63745,1.4258,1.1874,0.937224,0.690994,0.46418,0.271036,0.123695,0.0314173,4.79923e-31,
0,0.0314169,0.123693,0.271031,0.464173,0.690983,0.93721,1.18738,1.42578,1.63742,1.80902,1.92978,1.99212,1.99212,1.92978,1.80902,1.63742,1.42578,1.18738,0.93721,0.690983,0.464173,0.271031,0.123693,0.0314169,1.77417e-26,0.0314169,0.123693,0.271031,0.464173,0.690983,0.93721,1.18738,1.42578,1.63742,1.80902,1.92978,1.99212,1.99212,1.92978,1.80902,1.63742,1.42578,1.18738,0.93721,0.690983,0.464173,0.271031,0.123693,0.0314169,2.53502e-29,0.0314169,0.123693,0.271031,0.464173,0.690983,0.93721,1.18738,1.42578,1.63742,1.80902,1.92978,1.99212,1.99212,1.92978,1.80902,1.63742,1.42578,1.18738,0.93721,0.690983,0.464173,0.271031,0.123693,0.0314169,1.01242e-26,0.0314169,0.123693,0.271031,0.464173,0.690983,0.93721,1.18738,1.42578,1.63742,1.80902,1.92978,1.99212,1.99212,1.92978,1.80902,1.63742,1.42578,1.18738,0.93721,0.690983,0.464173,0.271031,0.123693,0.0314169,4.79923e-31,
0,0.0314173,0.123695,0.271035,0.46418,0.690993,0.937224,1.1874,1.4258,1.63745,1.80904,1.92981,1.99214,1.99214,1.92981,1.80904,1.63745,1.4258,1.1874,0.937224,0.690993,0.46418,0.271035,0.123695,0.0314173,1.46567e-26,0.0314173,0.123695,0.271035,0.46418,0.690993,0.937224,1.1874,1.4258,1.63745,1.80904,1.92981,1.99214,1.99214,1.92981,1.80904,1.63745,1.4258,1.1874,0.937224,0.690993,0.46418,0.271035,0.123695,0.0314173,2.73388e-27,0.0314173,0.123695,0.271035,0.46418,0.690993,0.937224,1.1874,1.4258,1.63745,1.80904,1.92981,1.99214,1.99214,1.92981,1.80904,1.63745,1.4258,1.1874,0.937224,0.690993,0.46418,0.271035,0.123695,0.0314173,8.86195e-28,0.0314173,0.123695,0.271035,0.46418,0.690993,0.937224,1.1874,1.4258,1.63745,1.80904,1.92981,1.99214,1.99214,1.92981,1.80904,1.63745,1.4258,1.1874,0.937224,0.690993,0.46418,0.271035,0.123695,0.0314173,4.79923e-31,
0,0.0314169,0.123693,0.271032,0.464174,0.690984,0.93721,1.18738,1.42578,1.63743,1.80902,1.92978,1.99212,1.99212,1.92978,1.80902,1.63743,1.42578,1.18738,0.93721,0.690984,0.464174,0.271032,0.123693,0.0314169,2.9011e-28,0.0314169,0.123693,0.271032,0.464174,0.690984,0.93721,1.18738,1.42578,1.63743,1.80902,1.92978,1.99212,1.99212,1.92978,1.80902,1.63743,1.42578,1.18738,0.93721,0.690984,0.464174,0.271032,0.123693,0.0314169,2.97887e-28,0.0314169,0.123693,0.271032,0.464174,0.690984,0.93721,1.18738,1.42578,1.63743,1.80902,1.92978,1.99212,1.99212,1.92978,1.80902,1.63743,1.42578,1.18738,0.93721,0.690984,0.464174,0.271032,0.123693,0.0314169,4.80568e-29,0.0314169,0.123693,0.271032,0.464174,0.690984,0.93721,1.18738,1.42578,1.63743,1.80902,1.92978,1.99212,1.99212,1.92978,1.80902,1.63743,1.42578,1.18738,0.93721,0.690984,0.464174,0.271032,0.123693,0.0314169,4.79923e-31,
0,0.0314173,0.123695,0.271035,0.46418,0.690993,0.937223,1.1874,1.4258,1.63745,1.80904,1.9298,1.99214,1.99214,1.9298,1.80904,1.63745,1.4258,1.1874,0.937223,0.690993,0.46418,0.271035,0.123695,0.0314173,5.35535e-27,0.0314173,0.123695,0.271035,0.46418,0.690993,0.937223,1.1874,1.4258,1.63745,1.80904,1.9298,1.99214,1.99214,1.9298,1.80904,1.63745,1.4258,1.1874,0.937223,0.690993,0.46418,0.271035,0.123695,0.0314173,1.68739e-27,0.0314173,0.123695,0.271035,0.46418,0.690993,0.937223,1.1874,1.4258,1.63745,1.80904,1.9298,1.99214,1.99214,1.9298,1.80904,1.63745,1.4258,1.1874,0.937223,0.690993,0.46418,0.271035,0.123695,0.0314173,8.06547e-28,0.0314173,0.123695,0.271035,0.46418,0.690993,0.937223,1.1874,1.4258,1.63745,1.80904,1.9298,1.99214,1.99214,1.9298,1.80904,1.63745,1.4258,1.1874,0.937223,0.690993,0.46418,0.271035,0.123695,0.0314173,4.79923e-31,
0,0.0314169,0.123693,0.271032,0.464174,0.690984,0.937211,1.18738,1.42578,1.63743,1.80902,1.92978,1.99212,1.99212,1.92978,1.80902,1.63743,1.42578,1.18738,0.937211,0.690984,0.464174,0.271032,0.123693,0.0314169,1.65558e-26,0.0314169,0.123693,0.271032,0.464174,0.690984,0.937211,1.18738,1.42578,1.63743,1.80902,1.92978,1.99212,1.99212,1.92978,1.80902,1.63743,1.42578,1.18738,0.937211,0.690984,0.464174,0.271032,0.123693,0.0314169,9.31056e-28,0.0314169,0.123693,0.271032,0.464174,0.690984,0.937211,1.18738,1.42578,1.63743,1.80902,1.92978,1.99212,1.99212,1.92978,1.80902,1.63743,1.42578,1.18738,0.937211,0.690984,0.464174,0.271032,0.123693,0.0314169,6.01073e-28,0.0314169,0.123693,0.271032,0.464174,0.690984,0.937211,1.18738,1.42578,1.63743,1.80902,1.92978,1.99212,1.99212,1.92978,1.80902,1.63743,1.42578,1.18738,0.937211,0.690984,0.464174,0.271032,0.123693,0.0314169,4.79923e-31,
0,0.0314173,0.123695,0.271035,0.46418,0.690993,0.937223,1.1874,1.4258,1.63745,1.80904,1.9298,1.99214,1.99214,1.9298,1.80904,1.63745,1.4258,1.1874,0.937223,0.690993,0.46418,0.271035,0.123695,0.0314173,1.0489e-26,0.0314173,0.123695,0.271035,0.46418,0.690993,0.937223,1.1874,1.4258,1.63745,1.80904,1.9298,1.99214,1.99214,1.9298,1.80904,1.63745,1.4258,1.1874,0.937223,0.690993,0.46418,0.271035,0.123695,0.0314173,3.33805e-26,0.0314173,0.123695,0.271035,0.46418,0.690993,0.937223,1.1874,1.4258,1.63745,1.80904,1.9298,1.99214,1.99214,1.9298,1.80904,1.63745,1.4258,1.1874,0.937223,0.690993,0.46418,0.271035,0.123695,0.0314173,1.46101e-27,0.0314173,0.123695,0.271035,0.46418,0.690993,0.937223,1.1874,1.4258,1.63745,1.80904,1.9298,1.99214,1.99214,1.9298,1.80904,1.63745,1.4258,1.1874,0.937223,0.690993,0.46418,0.271035,0.123695,0.0314173,4.79923e-31,
0,0.0314169,0.123694,0.271032,0.464174,0.690984,0.937211,1.18738,1.42578,1.63743,1.80902,1.92978,1.99212,1.99212,1.92978,1.80902,1.63743,1.42578,1.18738,0.937211,0.690984,0.464174,0.271032,0.123694,0.0314169,2.17916e-27,0.0314169,0.123694,0.271032,0.464174,0.690984,0.937211,1.18738,1.42578,1.63743,1.80902,1.92978,1.99212,1.99212,1.92978,1.80902,1.63743,1.42578,1.18738,0.937211,0.690984,0.464174,0.271032,0.123694,0.0314169,2.01118e-26,0.0314169,0.123694,0.271032,0.464174,0.690984,0.937211,1.18738,1.42578,1.63743,1.80902,1.92978,1.99212,1.99212,1.92978,1.80902,1.63743,1.42578,1.18738,0.937211,0.690984,0.464174,0.271032,0.123694,0.0314169,1.18243e-28,0.0314169,0.123694,0.271032,0.464174,0.690984,0.937211,1.18738,1.42578,1.63743,1.80902,1.92978,1.99212,1.99212,1.92978,1.80902,1.63743,1.42578,1.18738,0.937211,0.690984,0.464174,0.271032,0.123694,0.0314169,4.79923e-31,
0,0.0314173,0.123695,0.271035,0.464179,0.690992,0.937222,1.1874,1.4258,1.63745,1.80904,1.9298,1.99214,1.99214,1.9298,1.80904,1.63745,1.4258,1.1874,0.937222,0.690992,0.464179,0.271035,0.123695,0.0314173,5.5811e-27,0.0314173,0.123695,0.271035,0.464179,0.690992,0.937222,1.1874,1.4258,1.63745,1.80904,1.9298,1.99214,1.99214,1.9298,1.80904,1.63745,1.4258,1.1874,0.937222,0.690992,0.464179,0.271035,0.123695,0.0314173,2.12914e-27,0.0314173,0.123695,0.271035,0.464179,0.690992,0.937222,1.1874,1.4258,1.63745,1.80904,1.9298,1.99214,1.99214,1.9298,1.80904,1.63745,1.4258,1.1874,0.937222,0.690992,0.464179,0.271035,0.123695,0.0314173,1.90314e-26,0.0314173,0.123695,0.271035,0.464179,0.690992,0.937222,1.1874,1.4258,1.63745,1.80904,1.9298,1.99214,1.99214,1.9298,1.80904,1.63745,1.4258,1.1874,0.937222,0.690992,0.464179,0.271035,0.123695,0.0314173,4.79923e-31,
0,0.0314169,0.123694,0.271032,0.464174,0.690985,0.937212,1.18738,1.42578,1.63743,1.80902,1.92978,1.99212,1.99212,1.92978,1.80902,1.63743,1.42578,1.18738,0.937212,0.690985,0.464174,0.271032,0.123694,0.0314169,1.39086e-27,0.0314169,0.123694,0.271032,0.464174,0.690985,0.937212,1.18738,1.42578,1.63743,1.80902,1.92978,1.99212,1.99212,1.92978,1.80902,1.63743,1.42578,1.18738,0.937212,0.690985,0.464174,0.271032,0.123694,0.0314169,8.49383e-27,0.0314169,0.123694,0.271032,0.464174,0.690985,0.937212,1.18738,1.42578,1.63743,1.80902,1.92978,1.99212,1.99212,1.92978,1.80902,1.63743,1.42578,1.18738,0.937212,0.690985,0.464174,0.271032,0.123694,0.0314169,2.36506e-26,0.0314169,0.123694,0.271032,0.464174,0.690985,0.937212,1.18738,1.42578,1.63743,1.80902,1.92978,1.99212,1.99212,1.92978,1.80902,1.63743,1.42578,1.18738,0.937212,0.690985,0.464174,0.271032,0.123694,0.0314169,4.79923e-31,
0,0.0314172,0.123695,0.271035,0.464179,0.690992,0.937221,1.1874,1.4258,1.63744,1.80904,1.9298,1.99214,1.99214,1.9298,1.80904,1.63744,1.4258,1.1874,0.937221,0.690992,0.464179,0.271035,0.123695,0.0314172,1.83713e-27,0.0314172,0.123695,0.271035,0.464179,0.690992,0.937221,1.1874,1.4258,1.63744,1.80904,1.9298,1.99214,1.99214,1.9298,1.80904,1.63744,1.4258,1.1874,0.937221,0.690992,0.464179,0.271035,0.123695,0.0314172,6.62391e-28,0.0314172,0.123695,0.271035,0.464179,0.690992,0.937221,1.1874,1.4258,1.63744,1.80904,1.9298,1.99214,1.99214,1.9298,1.80904,1.63744,1.4258,1.1874,0.937221,0.690992,0.464179,0.271035,0.123695,0.0314172,3.58175e-27,0.0314172,0.123695,0.271035,0.464179,0.690992,0.937221,1.1874,1.4258,1.63744,1.80904,1.9298,1.99214,1.99214,1.9298,1.80904,1.63744,1.4258,1.1874,0.937221,0.690992,0.464179,0.271035,0.123695,0.0314172,4.79923e-31,
0,0.0314169,0.123694,0.271032,0.464175,0.690985,0.937213,1.18739,1.42578,1.63743,1.80902,1.92978,1.99212,1.99212,1.92978,1.80902,1.63743,1.42578,1.18739,0.937213,0.690985,0.464175,0.271032,0.123694,0.0314169,3.62115e-27,0.0314169,0.123694,0.271032,0.464175,0.690985,0.937213,1.18739,1.42578,1.63743,1.80902,1.92978,1.99212,1.99212,1.92978,1.80902,1.63743,1.42578,1.18739,0.937213,0.690985,0.464175,0.271032,0.123694,0.0314169,1.08108e-27,0.0314169,0.123694,0.271032,0.464175,0.690985,0.937213,1.18739,1.42578,1.63743,1.80902,1.92978,1.99212,1.99212,1.92978,1.80902,1.63743,1.42578,1.18739,0.937213,0.690985,0.464175,0.271032,0.123694,0.0314169,3.55904e-27,0.0314169,0.123694,0.271032,0.464175,0.690985,0.937213,1.18739,1.42578,1.63743,1.80902,1.92978,1.99212,1.99212,1.92978,1.80902,1.63743,1.42578,1.18739,0.937213,0.690985,0.464175,0.271032,0.123694,0.0314169,4.79923e-31,
0,0.0314172,0.123695,0.271035,0.464179,0.690991,0.937221,1.1874,1.4258,1.63744,1.80904,1.9298,1.99214,1.99214,1.9298,1.80904,1.63744,1.4258,1.1874,0.937221,0.690991,0.464179,0.271035,0.123695,0.0314172,1.65012e-27,0.0314172,0.123695,0.271035,0.464179,0.690991,0.937221,1.1874,1.4258,1.63744,1.80904,1.9298,1.99214,1.99214,1.9298,1.80904,1.63744,1.4258,1.1874,0.937221,0.690991,0.464179,0.271035,0.123695,0.0314172,6.20324e-28,0.0314172,0.123695,0.271035,0.464179,0.690991,0.937221,1.1874,1.4258,1.63744,1.80904,1.9298,1.99214,1.99214,1.9298,1.80904,1.63744,1.4258,1.1874,0.937221,0.690991,0.464179,0.271035,0.123695,0.0314172,2.44367e-26,0.0314172,0.123695,0.271035,0.464179,0.690991,0.937221,1.1874,1.4258,1.63744,1.80904,1.9298,1.99214,1.99214,1.9298,1.80904,1.63744,1.4258,1.1874,0.937221,0.690991,0.464179,0.271035,0.123695,0.0314172,4.79923e-31,
0,0.031417,0.123694,0.271032,0.464175,0.690986,0.937213,1.18739,1.42579,1.63743,1.80902,1.92978,1.99212,1.99212,1.92978,1.80902,1.63743,1.42579,1.18739,0.937213,0.690986,0.464175,0.271032,0.123694,0.031417,3.55464e-27,0.031417,0.123694,0.271032,0.464175,0.690986,0.937213,1.18739,1.42579,1.63743,1.80902,1.92978,1.99212,1.99212,1.92978,1.80902,1.63743,1.42579,1.18739,0.937213,0.690986,0.464175,0.271032,0.123694,0.031417,1.15434e-26,0.031417,0.123694,0.271032,0.464175,0.690986,0.937213,1.18739,1.42579,1.63743,1.80902,1.92978,1.99212,1.99212,1.92978,1.80902,1.63743,1.42579,1.18739,0.937213,0.690986,0.464175,0.271032,0.123694,0.031417,1.12516e-26,0.031417,0.123694,0.271032,0.464175,0.690986,0.937213,1.18739,1.42579,1.63743,1.80902,1.92978,1.99212,1.99212,1.92978,1.80902,1.63743,1.42579,1.18739,0.937213,0.690986,0.464175,0.271032,0.123694,0.031417,4.79923e-31,
0,0.0314172,0.123695,0.271034,0.464178,0.690991,0.93722,1.18739,1.4258,1.63744,1.80904,1.9298,1.99214,1.99214,1.9298,1.80904,1.63744,1.4258,1.18739,0.93722,0.690991,0.464178,0.271034,0.123695,0.0314172,1.23595e-26,0.0314172,0.123695,0.271034,0.464178,0.690991,0.93722,1.18739,1.4258,1.63744,1.80904,1.9298,1.99214,1.99214,1.9298,1.80904,1.63744,1.4258,1.18739,0.93722,0.690991,0.464178,0.271034,0.123695,0.0314172,4.19721e-26,0.0314172,0.123695,0.271034,0.464178,0.690991,0.93722,1.18739,1.4258,1.63744,1.80904,1.9298,1.99214,1.99214,1.9298,1.80904,1.63744,1.4258,1.18739,0.93722,0.690991,0.464178,0.271034,0.123695,0.0314172,7.25362e-28,0.0314172,0.123695,0.271034,0.464178,0.690991,0.93722,1.18739,1.4258,1.63744,1.80904,1.9298,1.99214,1.99214,1.9298,1.80904,1.63744,1.4258,1.18739,0.93722,0.690991,0.464178,0.271034,0.123695,0.0314172,4.79923e-31,
0,0.031417,0.123694,0.271033,0.464176,0.690986,0.937214,1.18739,1.42579,1.63743,1.80903,1.92979,1.99212,1.99212,1.92979,1.80903,1.63743,1.42579,1.18739,0.937214,0.690986,0.464176,0.271033,0.123694,0.031417,1.75865e-26,0.031417,0.123694,0.271033,0.464176,0.690986,0.937214,1.18739,1.42579,1.63743,1.80903,1.92979,1.99212,1.99212,1.92979,1.80903,1.63743,1.42579,1.18739,0.937214,0.690986,0.464176,0.271033,0.123694,0.031417,2.21723e-27,0.031417,0.123694,0.271033,0.464176,0.690986,0.937214,1.18739,1.42579,1.63743,1.80903,1.92979,1.99212,1.99212,1.92979,1.80903,1.63743,1.42579,1.18739,0.937214,0.690986,0.464176,0.271033,0.123694,0.031417,7.9701e-28,0.031417,0.123694,0.271033,0.464176,0.690986,0.937214,1.18739,1.42579,1.63743,1.80903,1.92979,1.99212,1.99212,1.92979,1.80903,1.63743,1.42579,1.18739,0.937214,0.690986,0.464176,0.271033,0.123694,0.031417,4.79923e-31,
0,0.0314172,0.123695,0.271034,0.464178,0.69099,0.937219,1.18739,1.42579,1.63744,1.80904,1.9298,1.99213,1.99213,1.9298,1.80904,1.63744,1.42579,1.18739,0.937219,0.69099,0.464178,0.271034,0.123695,0.0314172,3.88781e-26,0.0314172,0.123695,0.271034,0.464178,0.69099,0.937219,1.18739,1.42579,1.63744,1.80904,1.9298,1.99213,1.99213,1.9298,1.80904,1.63744,1.42579,1.18739,0.937219,0.69099,0.464178,0.271034,0.123695,0.0314172,2.82131e-27,0.0314172,0.123695,0.271034,0.464178,0.69099,0.937219,1.18739,1.42579,1.63744,1.80904,1.9298,1.99213,1.99213,1.9298,1.80904,1.63744,1.42579,1.18739,0.937219,0.69099,0.464178,0.271034,0.123695,0.0314172,9.4077e-29,0.0314172,0.123695,0.271034,0.464178,0.69099,0.937219,1.18739,1.42579,1.63744,1.80904,1.9298,1.99213,1.99213,1.9298,1.80904,1.63744,1.42579,1.18739,0.937219,0.69099,0.464178,0.271034,0.123695,0.0314172,4.79923e-31,
0,0.031417,0.123694,0.271033,0.464176,0.690987,0.937215,1.18739,1.42579,1.63743,1.80903,1.92979,1.99213,1.99213,1.92979,1.80903,1.63743,1.42579,1.18739,0.937215,0.690987,0.464176,0.271033,0.123694,0.031417,6.21674e-27,0.031417,0.123694,0.271033,0.464176,0.690987,0.937215,1.18739,1.42579,1.63743,1.80903,1.92979,1.99213,1.99213,1.92979,1.80903,1.63743,1.42579,1.18739,0.937215,0.690987,0.464176,0.271033,0.123694,0.031417,1.56747e-28,0.031417,0.123694,0.271033,0.464176,0.690987,0.937215,1.18739,1.42579,1.63743,1.80903,1.92979,1.99213,1.99213,1.92979,1.80903,1.63743,1.42579,1.18739,0.937215,0.690987,0.464176,0.271033,0.123694,0.031417,7.6595e-27,0.031417,0.123694,0.271033,0.464176,0.690987,0.937215,1.18739,1.42579,1.63743,1.80903,1.92979,1.99213,1.99213,1.92979,1.80903,1.63743,1.42579,1.18739,0.937215,0.690987,0.464176,0.271033,0.123694,0.031417,4.79923e-31,
0,0.0314171,0.123694,0.271034,0.464177,0.690989,0.937218,1.18739,1.42579,1.63744,1.80903,1.92979,1.99213,1.99213,1.92979,1.80903,1.63744,1.42579,1.18739,0.937218,0.690989,0.464177,0.271034,0.123694,0.0314171,3.27716e-27,0.0314171,0.123694,0.271034,0.464177,0.690989,0.937218,1.18739,1.42579,1.63744,1.80903,1.92979,1.99213,1.99213,1.92979,1.80903,1.63744,1.42579,1.18739,0.937218,0.690989,0.464177,0.271034,0.123694,0.0314171,1.00577e-27,0.0314171,0.123694,0.271034,0.464177,0.690989,0.937218,1.18739,1.42579,1.63744,1.80903,1.92979,1.99213,1.99213,1.92979,1.80903,1.63744,1.42579,1.18739,0.937218,0.690989,0.464177,0.271034,0.123694,0.0314171,8.16137e-27,0.0314171,0.123694,0.271034,0.464177,0.690989,0.937218,1.18739,1.42579,1.63744,1.80903,1.92979,1.99213,1.99213,1.92979,1.80903,1.63744,1.42579,1.18739,0.937218,0.690989,0.464177,0.271034,0.123694,0.0314171,4.79923e-31,
0,0.0314171,0.123694,0.271033,0.464176,0.690988,0.937216,1.18739,1.42579,1.63744,1.80903,1.92979,1.99213,1.99213,1.92979,1.80903,1.63744,1.42579,1.18739,0.937216,0.690988,0.464176,0.271033,0.123694,0.0314171,2.31534e-26,0.0314171,0.123694,0.271033,0.464176,0.690988,0.937216,1.18739,1.42579,1.63744,1.80903,1.92979,1.99213,1.99213,1.92979,1.80903,1.63744,1.42579,1.18739,0.937216,0.690988,0.464176,0.271033,0.123694,0.0314171,3.66302e-27,0.0314171,0.123694,0.271033,0.464176,0.690988,0.937216,1.18739,1.42579,1.63744,1.80903,1.92979,1.99213,1.99213,1.92979,1.80903,1.63744,1.42579,1.18739,0.937216,0.690988,0.464176,0.271033,0.123694,0.0314171,9.10168e-29,0.0314171,0.123694,0.271033,0.464176,0.690988,0.937216,1.18739,1.42579,1.63744,1.80903,1.92979,1.99213,1.99213,1.92979,1.80903,1.63744,1.42579,1.18739,0.937216,0.690988,0.464176,0.271033,0.123694,0.0314171,4.79923e-31,
0,0.0314171,0.123694,0.271034,0.464177,0.690989,0.937217,1.18739,1.42579,1.63744,1.80903,1.92979,1.99213,1.99213,1.92979,1.80903,1.63744,1.42579,1.18739,0.937217,0.690989,0.464177,0.271034,0.123694,0.0314171,4.1373e-27,0.0314171,0.123694,0.271034,0.464177,0.690989,0.937217,1.18739,1.42579,1.63744,1.80903,1.92979,1.99213,1.99213,1.92979,1.80903,1.63744,1.42579,1.18739,0.937217,0.690989,0.464177,0.271034,0.123694,0.0314171,2.6619e-27,0.0314171,0.123694,0.271034,0.464177,0.690989,0.937217,1.18739,1.42579,1.63744,1.80903,1.92979,1.99213,1.99213,1.92979,1.80903,1.63744,1.42579,1.18739,0.937217,0.690989,0.464177,0.271034,0.123694,0.0314171,1.00495e-26,0.0314171,0.123694,0.271034,0.464177,0.690989,0.937217,1.18739,1.42579,1.63744,1.80903,1.92979,1.99213,1.99213,1.92979,1.80903,1.63744,1.42579,1.18739,0.937217,0.690989,0.464177,0.271034,0.123694,0.0314171,4.79923e-31,
0,0.0314171,0.123694,0.271033,0.464177,0.690988,0.937217,1.18739,1.42579,1.63744,1.80903,1.92979,1.99213,1.99213,1.92979,1.80903,1.63744,1.42579,1.18739,0.937217,0.690988,0.464177,0.271033,0.123694,0.0314171,2.61039e-29,0.0314171,0.123694,0.271033,0.464177,0.690988,0.937217,1.18739,1.42579,1.63744,1.80903,1.92979,1.99213,1.99213,1.92979,1.80903,1.63744,1.42579,1.18739,0.937217,0.690988,0.464177,0.271033,0.123694,0.0314171,1.37293e-26,0.0314171,0.123694,0.271033,0.464177,0.690988,0.937217,1.18739,1.42579,1.63744,1.80903,1.92979,1.99213,1.99213,1.92979,1.80903,1.63744,1.42579,1.18739,0.937217,0.690988,0.464177,0.271033,0.123694,0.0314171,1.94345e-26,0.0314171,0.123694,0.271033,0.464177,0.690988,0.937217,1.18739,1.42579,1.63744,1.80903,1.92979,1.99213,1.99213,1.92979,1.80903,1.63744,1.42579,1.18739,0.937217,0.690988,0.464177,0.271033,0.123694,0.0314171,4.79923e-31,
0,0.0314171,0.123694,0.271033,0.464177,0.690988,0.937216,1.18739,1.42579,1.63744,1.80903,1.92979,1.99213,1.99213,1.92979,1.80903,1.63744,1.42579,1.18739,0.937216,0.690988,0.464177,0.271033,0.123694,0.0314171,3.96241e-28,0.0314171,0.123694,0.271033,0.464177,0.690988,0.937216,1.18739,1.42579,1.63744,1.80903,1.92979,1.99213,1.99213,1.92979,1.80903,1.63744,1.42579,1.18739,0.937216,0.690988,0.464177,0.271033,0.123694,0.0314171,4.2995e-29,0.0314171,0.123694,0.271033,0.464177,0.690988,0.937216,1.18739,1.42579,1.63744,1.80903,1.92979,1.99213,1.99213,1.92979,1.80903,1.63744,1.42579,1.18739,0.937216,0.690988,0.464177,0.271033,0.123694,0.0314171,9.62095e-28,0.0314171,0.123694,0.271033,0.464177,0.690988,0.937216,1.18739,1.42579,1.63744,1.80903,1.92979,1.99213,1.99213,1.92979,1.80903,1.63744,1.42579,1.18739,0.937216,0.690988,0.464177,0.271033,0.123694,0.0314171,4.79923e-31,
0,0.0314171,0.123694,0.271034,0.464177,0.690989,0.937218,1.18739,1.42579,1.63744,1.80903,1.92979,1.99213,1.99213,1.92979,1.80903,1.63744,1.42579,1.18739,0.937218,0.690989,0.464177,0.271034,0.123694,0.0314171,1.41296e-27,0.0314171,0.123694,0.271034,0.464177,0.690989,0.937218,1.18739,1.42579,1.63744,1.80903,1.92979,1.99213,1.99213,1.92979,1.80903,1.63744,1.42579,1.18739,0.937218,0.690989,0.464177,0.271034,0.123694,0.0314171,1.75928e-26,0.0314171,0.123694,0.271034,0.464177,0.690989,0.937218,1.18739,1.42579,1.63744,1.80903,1.92979,1.99213,1.99213,1.92979,1.80903,1.63744,1.42579,1.18739,0.937218,0.690989,0.464177,0.271034,0.123694,0.0314171,4.0268e-26,0.0314171,0.123694,0.271034,0.464177,0.690989,0.937218,1.18739,1.42579,1.63744,1.80903,1.92979,1.99213,1.99213,1.92979,1.80903,1.63744,1.42579,1.18739,0.937218,0.690989,0.464177,0.271034,0.123694,0.0314171,4.79923e-31,
0,0.031417,0.123694,0.271033,0.464176,0.690987,0.937215,1.18739,1.42579,1.63743,1.80903,1.92979,1.99213,1.99213,1.92979,1.80903,1.63743,1.42579,1.18739,0.937215,0.690987,0.464176,0.271033,0.123694,0.031417,4.99816e-27,0.031417,0.123694,0.271033,0.464176,0.690987,0.937215,1.18739,1.42579,1.63743,1.80903,1.92979,1.99213,1.99213,1.92979,1.80903,1.63743,1.42579,1.18739,0.937215,0.690987,0.464176,0.271033,0.123694,0.031417,3.16526e-28,0.031417,0.123694,0.271033,0.464176,0.690987,0.937215,1.18739,1.42579,1.63743,1.80903,1.92979,1.99213,1.99213,1.92979,1.80903,1.63743,1.42579,1.18739,0.937215,0.690987,0.464176,0.271033,0.123694,0.031417,9.37927e-27,0.031417,0.123694,0.271033,0.464176,0.690987,0.937215,1.18739,1.42579,1.63743,1.80903,1.92979,1.99213,1.99213,1.92979,1.80903,1.63743,1.42579,1.18739,0.937215,0.690987,0.464176,0.271033,0.123694,0.031417,4.79923e-31,
0,0.0314171,0.123695,0.271034,0.464178,0.69099,0.937219,1.18739,1.42579,1.63744,1.80903,1.9298,1.99213,1.99213,1.9298,1.80903,1.63744,1.42579,1.18739,0.937219,0.69099,0.464178,0.271034,0.123695,0.0314171,1.45473e-26,0.0314171,0.123695,0.271034,0.464178,0.69099,0.937219,1.18739,1.42579,1.63744,1.80903,1.9298,1.99213,1.99213,1.9298,1.80903,1.63744,1.42579,1.18739,0.937219,0.69099,0.464178,0.271034,0.123695,0.0314171,1.20853e-26,0.0314171,0.123695,0.271034,0.464178,0.69099,0.937219,1.18739,1.42579,1.63744,1.80903,1.9298,1.99213,1.99213,1.9298,1.80903,1.63744,1.42579,1.18739,0.937219,0.69099,0.464178,0.271034,0.123695,0.0314171,9.02327e-28,0.0314171,0.123695,0.271034,0.464178,0.69099,0.937219,1.18739,1.42579,1.63744,1.80903,1.9298,1.99213,1.99213,1.9298,1.80903,1.63744,1.42579,1.18739,0.937219,0.69099,0.464178,0.271034,0.123695,0.0314171,4.79923e-31,
0,0.031417,0.123694,0.271033,0.464176,0.690987,0.937214,1.18739,1.42579,1.63743,1.80903,1.92979,1.99213,1.99213,1.92979,1.80903,1.63743,1.42579,1.18739,0.937214,0.690987,0.464176,0.271033,0.123694,0.031417,5.03753e-28,0.031417,0.123694,0.271033,0.464176,0.690987,0.937214,1.18739,1.42579,1.63743,1.80903,1.92979,1.99213,1.99213,1.92979,1.80903,1.63743,1.42579,1.18739,0.937214,0.690987,0.464176,0.271033,0.123694,0.031417,4.32987e-28,0.031417,0.123694,0.271033,0.464176,0.690987,0.937214,1.18739,1.42579,1.63743,1.80903,1.92979,1.99213,1.99213,1.92979,1.80903,1.63743,1.42579,1.18739,0.937214,0.690987,0.464176,0.271033,0.123694,0.031417,9.96167e-27,0.031417,0.123694,0.271033,0.464176,0.690987,0.937214,1.18739,1.42579,1.63743,1.80903,1.92979,1.99213,1.99213,1.92979,1.80903,1.63743,1.42579,1.18739,0.937214,0.690987,0.464176,0.271033,0.123694,0.031417,4.79923e-31,
0,0.0314172,0.123695,0.271034,0.464178,0.69099,0.937219,1.18739,1.42579,1.63744,1.80904,1.9298,1.99214,1.99214,1.9298,1.80904,1.63744,1.42579,1.18739,0.937219,0.69099,0.464178,0.271034,0.123695,0.0314172,8.19428e-27,0.0314172,0.123695,0.271034,0.464178,0.69099,0.937219,1.18739,1.42579,1.63744,1.80904,1.9298,1.99214,1.99214,1.9298,1.80904,1.63744,1.42579,1.18739,0.937219,0.69099,0.464178,0.271034,0.123695,0.0314172,7.95098e-28,0.0314172,0.123695,0.271034,0.464178,0.69099,0.937219,1.18739,1.42579,1.63744,1.80904,1.9298,1.99214,1.99214,1.9298,1.80904,1.63744,1.42579,1.18739,0.937219,0.69099,0.464178,0.271034,0.123695,0.0314172,1.53641e-26,0.0314172,0.123695,0.271034,0.464178,0.69099,0.937219,1.18739,1.42579,1.63744,1.80904,1.9298,1.99214,1.99214,1.9298,1.80904,1.63744,1.42579,1.18739,0.937219,0.69099,0.464178,0.271034,0.123695,0.0314172,4.79923e-31,
0,0.031417,0.123694,0.271033,0.464175,0.690986,0.937214,1.18739,1.42579,1.63743,1.80903,1.92979,1.99212,1.99212,1.92979,1.80903,1.63743,1.42579,1.18739,0.937214,0.690986,0.464175,0.271033,0.123694,0.031417,6.004e-27,0.031417,0.123694,0.271033,0.464175,0.690986,0.937214,1.18739,1.42579,1.63743,1.80903,1.92979,1.99212,1.99212,1.92979,1.80903,1.63743,1.42579,1.18739,0.937214,0.690986,0.464175,0.271033,0.123694,0.031417,2.01634e-26,0.031417,0.123694,0.271033,0.464175,0.690986,0.937214,1.18739,1.42579,1.63743,1.80903,1.92979,1.99212,1.99212,1.92979,1.80903,1.63743,1.42579,1.18739,0.937214,0.690986,0.464175,0.271033,0.123694,0.031417,5.58984e-27,0.031417,0.123694,0.271033,0.464175,0.690986,0.937214,1.18739,1.42579,1.63743,1.80903,1.92979,1.99212,1.99212,1.92979,1.80903,1.63743,1.42579,1.18739,0.937214,0.690986,0.464175,0.271033,0.123694,0.031417,4.79923e-31,
0,0.0314172,0.123695,0.271034,0.464179,0.690991,0.93722,1.1874,1.4258,1.63744,1.80904,1.9298,1.99214,1.99214,1.9298,1.80904,1.63744,1.4258,1.1874,0.93722,0.690991,0.464179,0.271034,0.123695,0.0314172,1.06015e-26,0.0314172,0.123695,0.271034,0.464179,0.690991,0.93722,1.1874,1.4258,1.63744,1.80904,1.9298,1.99214,1.99214,1.9298,1.80904,1.63744,1.4258,1.1874,0.93722,0.690991,0.464179,0.271034,0.123695,0.0314172,1.05183e-27,0.0314172,0.123695,0.271034,0.464179,0.690991,0.93722,1.1874,1.4258,1.63744,1.80904,1.9298,1.99214,1.99214,1.9298,1.80904,1.63744,1.4258,1.1874,0.93722,0.690991,0.464179,0.271034,0.123695,0.0314172,7.81217e-27,0.0314172,0.123695,0.271034,0.464179,0.690991,0.93722,1.1874,1.4258,1.63744,1.80904,1.9298,1.99214,1.99214,1.9298,1.80904,1.63744,1.4258,1.1874,0.93722,0.690991,0.464179,0.271034,0.123695,0.0314172,4.79923e-31,
0,0.031417,0.123694,0.271032,0.464175,0.690985,0.937213,1.18739,1.42578,1.63743,1.80902,1.92978,1.99212,1.99212,1.92978,1.80902,1.63743,1.42578,1.18739,0.937213,0.690985,0.464175,0.271032,0.123694,0.031417,6.32841e-26,0.031417,0.123694,0.271032,0.464175,0.690985,0.937213,1.18739,1.42578,1.63743,1.80902,1.92978,1.99212,1.99212,1.92978,1.80902,1.63743,1.42578,1.18739,0.937213,0.690985,0.464175,0.271032,0.123694,0.031417,9.13715e-27,0.031417,0.123694,0.271032,0.464175,0.690985,0.937213,1.18739,1.42578,1.63743,1.80902,1.92978,1.99212,1.99212,1.92978,1.80902,1.63743,1.42578,1.18739,0.937213,0.690985,0.464175,0.271032,0.123694,0.031417,6.88498e-27,0.031417,0.123694,0.271032,0.464175,0.690985,0.937213,1.18739,1.42578,1.63743,1.80902,1.92978,1.99212,1.99212,1.92978,1.80902,1.63743,1.42578,1.18739,0.937213,0.690985,0.464175,0.271032,0.123694,0.031417,4.79923e-31,
0,0.0314172,0.123695,0.271035,0.464179,0.690992,0.937221,1.1874,1.4258,1.63744,1.80904,1.9298,1.99214,1.99214,1.9298,1.80904,1.63744,1.4258,1.1874,0.937221,0.690992,0.464179,0.271035,0.123695,0.0314172,1.18168e-26,0.0314172,0.123695,0.271035,0.464179,0.690992,0.937221,1.1874,1.4258,1.63744,1.80904,1.9298,1.99214,1.99214,1.9298,1.80904,1.63744,1.4258,1.1874,0.937221,0.690992,0.464179,0.271035,0.123695,0.0314172,1.60454e-26,0.0314172,0.123695,0.271035,0.464179,0.690992,0.937221,1.1874,1.4258,1.63744,1.80904,1.9298,1.99214,1.99214,1.9298,1.80904,1.63744,1.4258,1.1874,0.937221,0.690992,0.464179,0.271035,0.123695,0.0314172,2.67083e-26,0.0314172,0.123695,0.271035,0.464179,0.690992,0.937221,1.1874,1.4258,1.63744,1.80904,1.9298,1.99214,1.99214,1.9298,1.80904,1.63744,1.4258,1.1874,0.937221,0.690992,0.464179,0.271035,0.123695,0.0314172,4.79923e-31,
0,0.0314169,0.123694,0.271032,0.464175,0.690985,0.937212,1.18738,1.42578,1.63743,1.80902,1.92978,1.99212,1.99212,1.92978,1.80902,1.63743,1.42578,1.18738,0.937212,0.690985,0.464175,0.271032,0.123694,0.0314169,4.61773e-27,0.0314169,0.123694,0.271032,0.464175,0.690985,0.937212,1.18738,1.42578,1.63743,1.80902,1.92978,1.99212,1.99212,1.92978,1.80902,1.63743,1.42578,1.18738,0.937212,0.690985,0.464175,0.271032,0.123694,0.0314169,2.09427e-26,0.0314169,0.123694,0.271032,0.464175,0.690985,0.937212,1.18738,1.42578,1.63743,1.80902,1.92978,1.99212,1.99212,1.92978,1.80902,1.63743,1.42578,1.18738,0.937212,0.690985,0.464175,0.271032,0.123694,0.0314169,1.83174e-26,0.0314169,0.123694,0.271032,0.464175,0.690985,0.937212,1.18738,1.42578,1.63743,1.80902,1.92978,1.99212,1.99212,1.92978,1.80902,1.63743,1.42578,1.18738,0.937212,0.690985,0.464175,0.271032,0.123694,0.0314169,4.79923e-31,
0,0.0314173,0.123695,0.271035,0.464179,0.690992,0.937222,1.1874,1.4258,1.63745,1.80904,1.9298,1.99214,1.99214,1.9298,1.80904,1.63745,1.4258,1.1874,0.937222,0.690992,0.464179,0.271035,0.123695,0.0314173,9.57451e-27,0.0314173,0.123695,0.271035,0.464179,0.690992,0.937222,1.1874,1.4258,1.63745,1.80904,1.9298,1.99214,1.99214,1.9298,1.80904,1.63745,1.4258,1.1874,0.937222,0.690992,0.464179,0.271035,0.123695,0.0314173,3.55201e-27,0.0314173,0.123695,0.271035,0.464179,0.690992,0.937222,1.1874,1.4258,1.63745,1.80904,1.9298,1.99214,1.99214,1.9298,1.80904,1.63745,1.4258,1.1874,0.937222,0.690992,0.464179,0.271035,0.123695,0.0314173,1.01772e-26,0.0314173,0.123695,0.271035,0.464179,0.690992,0.937222,1.1874,1.4258,1.63745,1.80904,1.9298,1.99214,1.99214,1.9298,1.80904,1.63745,1.4258,1.1874,0.937222,0.690992,0.464179,0.271035,0.123695,0.0314173,4.79923e-31,
0,0.0314169,0.123694,0.271032,0.464174,0.690984,0.937211,1.18738,1.42578,1.63743,1.80902,1.92978,1.99212,1.99212,1.92978,1.80902,1.63743,1.42578,1.18738,0.937211,0.690984,0.464174,0.271032,0.123694,0.0314169,1.616e-26,0.0314169,0.123694,0.271032,0.464174,0.690984,0.937211,1.18738,1.42578,1.63743,1.80902,1.92978,1.99212,1.99212,1.92978,1.80902,1.63743,1.42578,1.18738,0.937211,0.690984,0.464174,0.271032,0.123694,0.0314169,3.83217e-29,0.0314169,0.123694,0.271032,0.464174,0.690984,0.937211,1.18738,1.42578,1.63743,1.80902,1.92978,1.99212,1.99212,1.92978,1.80902,1.63743,1.42578,1.18738,0.937211,0.690984,0.464174,0.271032,0.123694,0.0314169,8.53463e-27,0.0314169,0.123694,0.271032,0.464174,0.690984,0.937211,1.18738,1.42578,1.63743,1.80902,1.92978,1.99212,1.99212,1.92978,1.80902,1.63743,1.42578,1.18738,0.937211,0.690984,0.464174,0.271032,0.123694,0.0314169,4.79923e-31,
0,0.0314173,0.123695,0.271035,0.46418,0.690993,0.937222,1.1874,1.4258,1.63745,1.80904,1.9298,1.99214,1.99214,1.9298,1.80904,1.63745,1.4258,1.1874,0.937222,0.690993,0.46418,0.271035,0.123695,0.0314173,1.115e-26,0.0314173,0.123695,0.271035,0.46418,0.690993,0.937222,1.1874,1.4258,1.63745,1.80904,1.9298,1.99214,1.99214,1.9298,1.80904,1.63745,1.4258,1.1874,0.937222,0.690993,0.46418,0.271035,0.123695,0.0314173,2.01605e-26,0.0314173,0.123695,0.271035,0.46418,0.690993,0.937222,1.1874,1.4258,1.63745,1.80904,1.9298,1.99214,1.99214,1.9298,1.80904,1.63745,1.4258,1.1874,0.937222,0.690993,0.46418,0.271035,0.123695,0.0314173,1.98164e-26,0.0314173,0.123695,0.271035,0.46418,0.690993,0.937222,1.1874,1.4258,1.63745,1.80904,1.9298,1.99214,1.99214,1.9298,1.80904,1.63745,1.4258,1.1874,0.937222,0.690993,0.46418,0.271035,0.123695,0.0314173,4.79923e-31,
0,0.0314169,0.123694,0.271032,0.464174,0.690984,0.937211,1.18738,1.42578,1.63743,1.80902,1.92978,1.99212,1.99212,1.92978,1.80902,1.63743,1.42578,1.18738,0.937211,0.690984,0.464174,0.271032,0.123694,0.0314169,3.17344e-28,0.0314169,0.123694,0.271032,0.464174,0.690984,0.937211,1.18738,1.42578,1.63743,1.80902,1.92978,1.99212,1.99212,1.92978,1.80902,1.63743,1.42578,1.18738,0.937211,0.690984,0.464174,0.271032,0.123694,0.0314169,7.33389e-27,0.0314169,0.123694,0.271032,0.464174,0.690984,0.937211,1.18738,1.42578,1.63743,1.80902,1.92978,1.99212,1.99212,1.92978,1.80902,1.63743,1.42578,1.18738,0.937211,0.690984,0.464174,0.271032,0.123694,0.0314169,3.27649e-27,0.0314169,0.123694,0.271032,0.464174,0.690984,0.937211,1.18738,1.42578,1.63743,1.80902,1.92978,1.99212,1.99212,1.92978,1.80902,1.63743,1.42578,1.18738,0.937211,0.690984,0.464174,0.271032,0.123694,0.0314169,4.79923e-31,
0,0.0314173,0.123695,0.271035,0.46418,0.690993,0.937223,1.1874,1.4258,1.63745,1.80904,1.9298,1.99214,1.99214,1.9298,1.80904,1.63745,1.4258,1.1874,0.937223,0.690993,0.46418,0.271035,0.123695,0.0314173,2.81458e-28,0.0314173,0.123695,0.271035,0.46418,0.690993,0.937223,1.1874,1.4258,1.63745,1.80904,1.9298,1.99214,1.99214,1.9298,1.80904,1.63745,1.4258,1.1874,0.937223,0.690993,0.46418,0.271035,0.123695,0.0314173,1.85621e-26,0.0314173,0.123695,0.271035,0.46418,0.690993,0.937223,1.1874,1.4258,1.63745,1.80904,1.9298,1.99214,1.99214,1.9298,1.80904,1.63745,1.4258,1.1874,0.937223,0.690993,0.46418,0.271035,0.123695,0.0314173,1.30871e-26,0.0314173,0.123695,0.271035,0.46418,0.690993,0.937223,1.1874,1.4258,1.63745,1.80904,1.9298,1.99214,1.99214,1.9298,1.80904,1.63745,1.4258,1.1874,0.937223,0.690993,0.46418,0.271035,0.123695,0.0314173,4.79923e-31,
0,0.0314169,0.123693,0.271032,0.464174,0.690984,0.93721,1.18738,1.42578,1.63743,1.80902,1.92978,1.99212,1.99212,1.92978,1.80902,1.63743,1.42578,1.18738,0.93721,0.690984,0.464174,0.271032,0.123693,0.0314169,3.26216e-27,0.0314169,0.123693,0.271032,0.464174,0.690984,0.93721,1.18738,1.42578,1.63743,1.80902,1.92978,1.99212,1.99212,1.92978,1.80902,1.63743,1.42578,1.18738,0.93721,0.690984,0.464174,0.271032,0.123693,0.0314169,8.5061e-27,0.0314169,0.123693,0.271032,0.464174,0.690984,0.93721,1.18738,1.42578,1.63743,1.80902,1.92978,1.99212,1.99212,1.92978,1.80902,1.63743,1.42578,1.18738,0.93721,0.690984,0.464174,0.271032,0.123693,0.0314169,8.37197e-26,0.0314169,0.123693,0.271032,0.464174,0.690984,0.93721,1.18738,1.42578,1.63743,1.80902,1.92978,1.99212,1.99212,1.92978,1.80902,1.63743,1.42578,1.18738,0.93721,0.690984,0.464174,0.271032,0.123693,0.0314169,4.79923e-31,
0,0.0314173,0.123695,0.271035,0.46418,0.690993,0.937223,1.1874,1.4258,1.63745,1.80904,1.92981,1.99214,1.99214,1.92981,1.80904,1.63745,1.4258,1.1874,0.937223,0.690993,0.46418,0.271035,0.123695,0.0314173,2.54356e-26,0.0314173,0.123695,0.271035,0.46418,0.690993,0.937223,1.1874,1.4258,1.63745,1.80904,1.92981,1.99214,1.99214,1.92981,1.80904,1.63745,1.4258,1.1874,0.937223,0.690993,0.46418,0.271035,0.123695,0.0314173,2.05788e-30,0.0314173,0.123695,0.271035,0.46418,0.690993,0.937223,1.1874,1.4258,1.63745,1.80904,1.92981,1.99214,1.99214,1.92981,1.80904,1.63745,1.4258,1.1874,0.937223,0.690993,0.46418,0.271035,0.123695,0.0314173,1.02986e-27,0.0314173,0.123695,0.271035,0.46418,0.690993,0.937223,1.1874,1.4258,1.63745,1.80904,1.92981,1.99214,1.99214,1.92981,1.80904,1.63745,1.4258,1.1874,0.937223,0.690993,0.46418,0.271035,0.123695,0.0314173,4.79923e-31,
0,0.0314169,0.123693,0.271032,0.464173,0.690983,0.93721,1.18738,1.42578,1.63742,1.80902,1.92978,1.99212,1.99212,1.92978,1.80902,1.63742,1.42578,1.18738,0.93721,0.690983,0.464173,0.271032,0.123693,0.0314169,5.57133e-28,0.0314169,0.123693,0.271032,0.464173,0.690983,0.93721,1.18738,1.42578,1.63742,1.80902,1.92978,1.99212,1.99212,1.92978,1.80902,1.63742,1.42578,1.18738,0.93721,0.690983,0.464173,0.271032,0.123693,0.0314169,2.97927e-26,0.0314169,0.123693,0.271032,0.464173,0.690983,0.93721,1.18738,1.42578,1.63742,1.80902,1.92978,1.99212,1.99212,1.92978,1.80902,1.63742,1.42578,1.18738,0.93721,0.690983,0.464173,0.271032,0.123693,0.0314169,7.27356e-28,0.0314169,0.123693,0.271032,0.464173,0.690983,0.93721,1.18738,1.42578,1.63742,1.80902,1.92978,1.99212,1.99212,1.92978,1.80902,1.63742,1.42578,1.18738,0.93721,0.690983,0.464173,0.271032,0.123693,0.0314169,4.79923e-31,
0,0.0314173,0.123695,0.271035,0.46418,0.690993,0.937224,1.1874,1.4258,1.63745,1.80904,1.92981,1.99214,1.99214,1.92981,1.80904,1.63745,1.4258,1.1874,0.937224,0.690993,0.46418,0.271035,0.123695,0.0314173,4.24004e-27,0.0314173,0.123695,0.271035,0.46418,0.690993,0.937224,1.1874,1.4258,1.63745,1.80904,1.92981,1.99214,1.99214,1.92981,1.80904,1.63745,1.4258,1.1874,0.937224,0.690993,0.46418,0.271035,0.123695,0.0314173,4.98173e-27,0.0314173,0.123695,0.271035,0.46418,0.690993,0.937224,1.1874,1.4258,1.63745,1.80904,1.92981,1.99214,1.99214,1.92981,1.80904,1.63745,1.4258,1.1874,0.937224,0.690993,0.46418,0.271035,0.123695,0.0314173,2.21548e-26,0.0314173,0.123695,0.271035,0.46418,0.690993,0.937224,1.1874,1.4258,1.63745,1.80904,1.92981,1.99214,1.99214,1.92981,1.80904,1.63745,1.4258,1.1874,0.937224,0.690993,0.46418,0.271035,0.123695,0.0314173,4.79923e-31,
0,0.0314168,0.123693,0.271031,0.464173,0.690983,0.93721,1.18738,1.42578,1.63742,1.80902,1.92978,1.99212,1.99212,1.92978,1.80902,1.63742,1.42578,1.18738,0.93721,0.690983,0.464173,0.271031,0.123693,0.0314168,4.86143e-26,0.0314168,0.123693,0.271031,0.464173,0.690983,0.93721,1.18738,1.42578,1.63742,1.80902,1.92978,1.99212,1.99212,1.92978,1.80902,1.63742,1.42578,1.18738,0.93721,0.690983,0.464173,0.271031,0.123693,0.0314168,4.44473e-28,0.0314168,0.123693,0.271031,0.464173,0.690983,0.93721,1.18738,1.42578,1.63742,1.80902,1.92978,1.99212,1.99212,1.92978,1.80902,1.63742,1.42578,1.18738,0.93721,0.690983,0.464173,0.271031,0.123693,0.0314168,8.84571e-27,0.0314168,0.123693,0.271031,0.464173,0.690983,0.93721,1.18738,1.42578,1.63742,1.80902,1.92978,1.99212,1.99212,1.92978,1.80902,1.63742,1.42578,1.18738,0.93721,0.690983,0.464173,0.271031,0.123693,0.0314168,4.79923e-31,
0,0.0314173,0.123695,0.271036,0.46418,0.690994,0.937224,1.1874,1.4258,1.63745,1.80904,1.92981,1.99215,1.99215,1.92981,1.80904,1.63745,1.4258,1.1874,0.937224,0.690994,0.46418,0.271036,0.123695,0.0314173,1.55614e-28,0.0314173,0.123695,0.271036,0.46418,0.690994,0.937224,1.1874,1.4258,1.63745,1.80904,1.92981,1.99215,1.99215,1.92981,1.80904,1.63745,1.4258,1.1874,0.937224,0.690994,0.46418,0.271036,0.123695,0.0314173,1.60693e-26,0.0314173,0.123695,0.271036,0.46418,0.690994,0.937224,1.1874,1.4258,1.63745,1.80904,1.92981,1.99215,1.99215,1.92981,1.80904,1.63745,1.4258,1.1874,0.937224,0.690994,0.46418,0.271036,0.123695,0.0314173,5.87644e-28,0.0314173,0.123695,0.271036,0.46418,0.690994,0.937224,1.1874,1.4258,1.63745,1.80904,1.92981,1.99215,1.99215,1.92981,1.80904,1.63745,1.4258,1.1874,0.937224,0.690994,0.46418,0.271036,0.123695,0.0314173,4.79923e-31,
0,0.0314168,0.123693,0.271031,0.464173,0.690983,0.93721,1.18738,1.42578,1.63742,1.80902,1.92978,1.99211,1.99211,1.92978,1.80902,1.63742,1.42578,1.18738,0.93721,0.690983,0.464173,0.271031,0.123693,0.0314168,2.99831e-27,0.0314168,0.123693,0.271031,0.464173,0.690983,0.93721,1.18738,1.42578,1.63742,1.80902,1.92978,1.99211,1.99211,1.92978,1.80902,1.63742,1.42578,1.18738,0.93721,0.690983,0.464173,0.271031,0.123693,0.0314168,9.5933e-28,0.0314168,0.123693,0.271031,0.464173,0.690983,0.93721,1.18738,1.42578,1.63742,1.80902,1.92978,1.99211,1.99211,1.92978,1.80902,1.63742,1.42578,1.18738,0.93721,0.690983,0.464173,0.271031,0.123693,0.0314168,5.86415e-28,0.0314168,0.123693,0.271031,0.464173,0.690983,0.93721,1.18738,1.42578,1.63742,1.80902,1.92978,1.99211,1.99211,1.92978,1.80902,1.63742,1.42578,1.18738,0.93721,0.690983,0.464173,0.271031,0.123693,0.0314168,4.79923e-31,
0,0.0314173,0.123695,0.271036,0.46418,0.690994,0.937224,1.1874,1.4258,1.63745,1.80905,1.92981,1.99215,1.99215,1.92981,1.80905,1.63745,1.4258,1.1874,0.937224,0.690994,0.46418,0.271036,0.123695,0.0314173,5.05222e-26,0.0314173,0.123695,0.271036,0.46418,0.690994,0.937224,1.1874,1.4258,1.63745,1.80905,1.92981,1.99215,1.99215,1.92981,1.80905,1.63745,1.4258,1.1874,0.937224,0.690994,0.46418,0.271036,0.123695,0.0314173,2.53485e-26,0.0314173,0.123695,0.271036,0.46418,0.690994,0.937224,1.1874,1.4258,1.63745,1.80905,1.92981,1.99215,1.99215,1.92981,1.80905,1.63745,1.4258,1.1874,0.937224,0.690994,0.46418,0.271036,0.123695,0.0314173,8.39449e-27,0.0314173,0.123695,0.271036,0.46418,0.690994,0.937224,1.1874,1.4258,1.63745,1.80905,1.92981,1.99215,1.99215,1.92981,1.80905,1.63745,1.4258,1.1874,0.937224,0.690994,0.46418,0.271036,0.123695,0.0314173,4.79923e-31,
