0,0.155672,0.574221,1.12533,1.63743,1.95106,1.96858,1.68455,1.18738,0.631876,0.190983,0.00197327,0.123693,0.518247,1.06279,1.58779,1.92978,1.98229,1.72897,1.24869,0.690983,0.229487,0.0078853,0.095173,0.464173,1,1.53583,1.90483,1.99212,1.77051,1.30902,0.751311,0.271032,0.0177128,0.0702236,0.412215,0.93721,1.48175,1.87631,1.99803,1.80902,1.36813,0.812619,0.315453,0.0314169,0.0489435,0.362576,0.874667,1.42578,1.84433,2,1.84433,1.42578,0.874667,0.362576,0.0489435,0.0314169,0.315453,0.812619,1.36813,1.80902,1.99803,1.87631,1.48175,0.93721,0.412215,0.0702236,0.0177128,0.271032,0.751311,1.30902,1.77051,1.99212,1.90483,1.53583,1,0.464173,0.095173,0.0078853,0.229487,0.690983,1.24869,1.72897,1.98229,1.92978,1.58779,1.06279,0.518247,0.123693,0.00197327,0.190983,0.631876,1.18738,1.68455,1.96858,1.95106,1.63743,1.12533,0.574221,0.155672,2.42961e-30,
0,0.15572,0.574399,1.12568,1.63793,1.95166,1.96919,1.68507,1.18775,0.632072,0.191042,0.00197388,0.123732,0.518407,1.06312,1.58828,1.93038,1.9829,1.72951,1.24908,0.691198,0.229558,0.00788775,0.0952025,0.464317,1.00031,1.5363,1.90542,1.99273,1.77106,1.30942,0.751543,0.271116,0.0177183,0.0702453,0.412343,0.937501,1.48221,1.87689,1.99865,1.80958,1.36855,0.812871,0.315551,0.0314266,0.0489587,0.362689,0.874938,1.42622,1.8449,2.00062,1.8449,1.42622,0.874938,0.362689,0.0489587,0.0314266,0.315551,0.812871,1.36855,1.80958,1.99865,1.87689,1.48221,0.937501,0.412343,0.0702453,0.0177183,0.271116,0.751543,1.30942,1.77106,1.99273,1.90542,1.5363,1.00031,0.464317,0.0952025,0.00788775,0.229558,0.691198,1.24908,1.72951,1.9829,1.93038,1.58828,1.06312,0.518407,0.123732,0.00197388,0.191042,0.632072,1.18775,1.68507,1.96919,1.95166,1.63793,1.12568,0.574399,0.15572,2.42961e-30,
0,0.155711,0.574364,1.12561,1.63783,1.95154,1.96907,1.68497,1.18768,0.632033,0.191031,0.00197376,0.123724,0.518375,1.06305,1.58818,1.93026,1.98278,1.7294,1.249,0.691155,0.229544,0.00788726,0.0951966,0.464289,1.00025,1.53621,1.9053,1.99261,1.77095,1.30934,0.751497,0.271099,0.0177172,0.070241,0.412317,0.937443,1.48212,1.87677,1.99852,1.80947,1.36846,0.812821,0.315531,0.0314247,0.0489557,0.362666,0.874884,1.42613,1.84479,2.0005,1.84479,1.42613,0.874884,0.362666,0.0489557,0.0314247,0.315531,0.812821,1.36846,1.80947,1.99852,1.87677,1.48212,0.937443,0.412317,0.070241,0.0177172,0.271099,0.751497,1.30934,1.77095,1.99261,1.9053,1.53621,1.00025,0.464289,0.0951966,0.00788726,0.229544,0.691155,1.249,1.7294,1.98278,1.93026,1.58818,1.06305,0.518375,0.123724,0.00197376,0.191031,0.632033,1.18768,1.68497,1.96907,1.95154,1.63783,1.12561,0.574364,0.155711,2.42961e-30,
0,0.155675,0.574231,1.12535,1.63745,1.95109,1.96862,1.68458,1.1874,0.631887,0.190986,0.00197331,0.123696,0.518256,1.06281,1.58781,1.92981,1.98232,1.729,1.24871,0.690995,0.229491,0.00788544,0.0951746,0.464181,1.00002,1.53585,1.90486,1.99215,1.77054,1.30904,0.751323,0.271036,0.0177131,0.0702248,0.412222,0.937226,1.48178,1.87634,1.99806,1.80905,1.36815,0.812633,0.315459,0.0314174,0.0489444,0.362582,0.874682,1.4258,1.84436,2.00004,1.84436,1.4258,0.874682,0.362582,0.0489444,0.0314174,0.315459,0.812633,1.36815,1.80905,1.99806,1.87634,1.48178,0.937226,0.412222,0.0702248,0.0177131,0.271036,0.751323,1.30904,1.77054,1.99215,1.90486,1.53585,1.00002,0.464181,0.0951746,0.00788544,0.229491,0.690995,1.24871,1.729,1.98232,1.92981,1.58781,1.06281,0.518256,0.123696,0.00197331,0.190986,0.631887,1.1874,1.68458,1.96862,1.95109,1.63745,1.12535,0.574231,0.155675,2.42961e-30,
0,0.15573,0.574436,1.12575,1.63804,1.95179,1.96932,1.68518,1.18783,0.632112,0.191055,0.00197401,0.12374,0.518441,1.06319,1.58838,1.9305,1.98303,1.72962,1.24916,0.691242,0.229573,0.00788825,0.0952086,0.464347,1.00037,1.5364,1.90554,1.99286,1.77118,1.30951,0.751592,0.271133,0.0177194,0.0702498,0.412369,0.937561,1.48231,1.87701,1.99878,1.80969,1.36864,0.812923,0.315571,0.0314286,0.0489618,0.362712,0.874994,1.42631,1.84502,2.00075,1.84502,1.42631,0.874994,0.362712,0.0489618,0.0314286,0.315571,0.812923,1.36864,1.80969,1.99878,1.87701,1.48231,0.937561,0.412369,0.0702498,0.0177194,0.271133,0.751592,1.30951,1.77118,1.99286,1.90554,1.5364,1.00037,0.464347,0.0952086,0.00788825,0.229573,0.691242,1.24916,1.72962,1.98303,1.9305,1.58838,1.06319,0.518441,0.12374,0.00197401,0.191055,0.632112,1.18783,1.68518,1.96932,1.95179,1.63804,1.12575,0.574436,0.15573,2.42961e-30,
0,0.155695,0.574307,1.1255,1.63767,1.95135,1.96888,1.6848,1.18756,0.63197,0.191012,0.00197357,0.123712,0.518324,1.06295,1.58802,1.93007,1.98258,1.72923,1.24888,0.691086,0.229521,0.00788648,0.0951872,0.464243,1.00015,1.53606,1.90511,1.99241,1.77078,1.30921,0.751423,0.271072,0.0177154,0.070234,0.412276,0.93735,1.48198,1.87659,1.99833,1.80929,1.36833,0.81274,0.3155,0.0314215,0.0489508,0.36263,0.874798,1.42599,1.8446,2.0003,1.8446,1.42599,0.874798,0.36263,0.0489508,0.0314215,0.3155,0.81274,1.36833,1.80929,1.99833,1.87659,1.48198,0.93735,0.412276,0.070234,0.0177154,0.271072,0.751423,1.30921,1.77078,1.99241,1.90511,1.53606,1.00015,0.464243,0.0951872,0.00788648,0.229521,0.691086,1.24888,1.72923,1.98258,1.93007,1.58802,1.06295,0.518324,0.123712,0.00197357,0.191012,0.63197,1.18756,1.6848,1.96888,1.95135,1.63767,1.1255,0.574307,0.155695,2.42961e-30,
0,0.155685,0.574267,1.12542,1.63756,1.95121,1.96874,1.68468,1.18748,0.631926,0.190998,0.00197343,0.123703,0.518288,1.06288,1.58791,1.92993,1.98245,1.72911,1.24879,0.691038,0.229505,0.00788593,0.0951806,0.46421,1.00008,1.53595,1.90498,1.99227,1.77066,1.30912,0.75137,0.271053,0.0177142,0.0702291,0.412248,0.937285,1.48187,1.87646,1.99819,1.80916,1.36823,0.812684,0.315478,0.0314194,0.0489474,0.362605,0.874737,1.42589,1.84448,2.00016,1.84448,1.42589,0.874737,0.362605,0.0489474,0.0314194,0.315478,0.812684,1.36823,1.80916,1.99819,1.87646,1.48187,0.937285,0.412248,0.0702291,0.0177142,0.271053,0.75137,1.30912,1.77066,1.99227,1.90498,1.53595,1.00008,0.46421,0.0951806,0.00788593,0.229505,0.691038,1.24879,1.72911,1.98245,1.92993,1.58791,1.06288,0.518288,0.123703,0.00197343,0.190998,0.631926,1.18748,1.68468,1.96874,1.95121,1.63756,1.12542,0.574267,0.155685,2.42961e-30,
0,0.155733,0.574447,1.12578,1.63807,1.95183,1.96936,1.68521,1.18785,0.632124,0.191058,0.00197405,0.123742,0.518451,1.06321,1.58841,1.93054,1.98307,1.72965,1.24918,0.691255,0.229577,0.00788841,0.0952104,0.464356,1.00039,1.53643,1.90558,1.9929,1.77121,1.30953,0.751606,0.271138,0.0177197,0.0702512,0.412377,0.937579,1.48234,1.87705,1.99881,1.80973,1.36866,0.812939,0.315577,0.0314292,0.0489628,0.362719,0.875011,1.42634,1.84505,2.00079,1.84505,1.42634,0.875011,0.362719,0.0489628,0.0314292,0.315577,0.812939,1.36866,1.80973,1.99881,1.87705,1.48234,0.937579,0.412377,0.0702512,0.0177197,0.271138,0.751606,1.30953,1.77121,1.9929,1.90558,1.53643,1.00039,0.464356,0.0952104,0.00788841,0.229577,0.691255,1.24918,1.72965,1.98307,1.93054,1.58841,1.06321,0.518451,0.123742,0.00197405,0.191058,0.632124,1.18785,1.68521,1.96936,1.95183,1.63807,1.12578,0.574447,0.155733,2.42961e-30,
0,0.155682,0.574257,1.1254,1.63753,1.95118,1.96871,1.68465,1.18746,0.631915,0.190995,0.0019734,0.123701,0.518279,1.06286,1.58788,1.9299,1.98241,1.72908,1.24877,0.691026,0.229501,0.00788579,0.0951789,0.464202,1.00006,1.53592,1.90495,1.99224,1.77062,1.3091,0.751357,0.271048,0.0177139,0.0702279,0.412241,0.937268,1.48185,1.87642,1.99815,1.80913,1.36821,0.81267,0.315473,0.0314188,0.0489466,0.362599,0.874722,1.42587,1.84444,2.00013,1.84444,1.42587,0.874722,0.362599,0.0489466,0.0314188,0.315473,0.81267,1.36821,1.80913,1.99815,1.87642,1.48185,0.937268,0.412241,0.0702279,0.0177139,0.271048,0.751357,1.3091,1.77062,1.99224,1.90495,1.53592,1.00006,0.464202,0.0951789,0.00788579,0.229501,0.691026,1.24877,1.72908,1.98241,1.9299,1.58788,1.06286,0.518279,0.123701,0.0019734,0.190995,0.631915,1.18746,1.68465,1.96871,1.95118,1.63753,1.1254,0.574257,0.155682,2.42961e-30,
0,0.155699,0.574319,1.12553,1.63771,1.95139,1.96892,1.68484,1.18759,0.631984,0.191016,0.00197361,0.123715,0.518335,1.06297,1.58806,1.93011,1.98263,1.72927,1.2489,0.691102,0.229526,0.00788666,0.0951893,0.464253,1.00017,1.53609,1.90515,1.99246,1.77082,1.30924,0.751439,0.271078,0.0177158,0.0702356,0.412286,0.937371,1.48201,1.87663,1.99837,1.80933,1.36836,0.812758,0.315507,0.0314222,0.0489519,0.362638,0.874817,1.42602,1.84465,2.00034,1.84465,1.42602,0.874817,0.362638,0.0489519,0.0314222,0.315507,0.812758,1.36836,1.80933,1.99837,1.87663,1.48201,0.937371,0.412286,0.0702356,0.0177158,0.271078,0.751439,1.30924,1.77082,1.99246,1.90515,1.53609,1.00017,0.464253,0.0951893,0.00788666,0.229526,0.691102,1.2489,1.72927,1.98263,1.93011,1.58806,1.06297,0.518335,0.123715,0.00197361,0.191016,0.631984,1.18759,1.68484,1.96892,1.95139,1.63771,1.12553,0.574319,0.155699,2.42961e-30,
0,0.155729,0.57443,1.12574,1.63802,1.95177,1.9693,1.68516,1.18781,0.632105,0.191052,0.00197399,0.123738,0.518435,1.06318,1.58836,1.93048,1.98301,1.7296,1.24914,0.691234,0.22957,0.00788817,0.0952076,0.464342,1.00036,1.53639,1.90552,1.99284,1.77116,1.30949,0.751583,0.27113,0.0177192,0.0702491,0.412365,0.93755,1.48229,1.87699,1.99875,1.80967,1.36862,0.812914,0.315568,0.0314283,0.0489613,0.362708,0.874985,1.4263,1.845,2.00073,1.845,1.4263,0.874985,0.362708,0.0489613,0.0314283,0.315568,0.812914,1.36862,1.80967,1.99875,1.87699,1.48229,0.93755,0.412365,0.0702491,0.0177192,0.27113,0.751583,1.30949,1.77116,1.99284,1.90552,1.53639,1.00036,0.464342,0.0952076,0.00788817,0.22957,0.691234,1.24914,1.7296,1.98301,1.93048,1.58836,1.06318,0.518435,0.123738,0.00197399,0.191052,0.632105,1.18781,1.68516,1.9693,1.95177,1.63802,1.12574,0.57443,0.155729,2.42961e-30,
0,0.155674,0.574226,1.12534,1.63744,1.95108,1.9686,1.68456,1.18739,0.631881,0.190985,0.00197329,0.123695,0.518251,1.0628,1.5878,1.92979,1.98231,1.72899,1.2487,0.69099,0.229489,0.00788537,0.0951739,0.464178,1.00001,1.53584,1.90485,1.99213,1.77053,1.30903,0.751317,0.271034,0.0177129,0.0702242,0.412219,0.937218,1.48177,1.87632,1.99805,1.80903,1.36814,0.812626,0.315456,0.0314171,0.048944,0.362579,0.874675,1.42579,1.84435,2.00002,1.84435,1.42579,0.874675,0.362579,0.048944,0.0314171,0.315456,0.812626,1.36814,1.80903,1.99805,1.87632,1.48177,0.937218,0.412219,0.0702242,0.0177129,0.271034,0.751317,1.30903,1.77053,1.99213,1.90485,1.53584,1.00001,0.464178,0.0951739,0.00788537,0.229489,0.69099,1.2487,1.72899,1.98231,1.92979,1.5878,1.0628,0.518251,0.123695,0.00197329,0.190985,0.631881,1.18739,1.68456,1.9686,1.95108,1.63744,1.12534,0.574226,0.155674,2.42961e-30,
0,0.155714,0.574376,1.12564,1.63787,1.95158,1.96912,1.685,1.1877,0.632046,0.191035,0.0019738,0.123727,0.518386,1.06308,1.58821,1.9303,1.98282,1.72944,1.24903,0.69117,0.229549,0.00788743,0.0951987,0.464299,1.00027,1.53624,1.90534,1.99265,1.77099,1.30937,0.751513,0.271105,0.0177175,0.0702425,0.412326,0.937463,1.48215,1.87681,1.99857,1.80951,1.36849,0.812838,0.315538,0.0314253,0.0489567,0.362674,0.874903,1.42616,1.84483,2.00054,1.84483,1.42616,0.874903,0.362674,0.0489567,0.0314253,0.315538,0.812838,1.36849,1.80951,1.99857,1.87681,1.48215,0.937463,0.412326,0.0702425,0.0177175,0.271105,0.751513,1.30937,1.77099,1.99265,1.90534,1.53624,1.00027,0.464299,0.0951987,0.00788743,0.229549,0.69117,1.24903,1.72944,1.98282,1.9303,1.58821,1.06308,0.518386,0.123727,0.0019738,0.191035,0.632046,1.1877,1.685,1.96912,1.95158,1.63787,1.12564,0.574376,0.155714,2.42961e-30,
0,0.155717,0.574388,1.12566,1.6379,1.95162,1.96916,1.68504,1.18773,0.63206,0.191039,0.00197385,0.123729,0.518397,1.0631,1.58825,1.93034,1.98286,1.72947,1.24905,0.691184,0.229554,0.0078876,0.0952007,0.464308,1.00029,1.53627,1.90538,1.9927,1.77103,1.3094,0.751529,0.27111,0.0177179,0.070244,0.412335,0.937483,1.48219,1.87685,1.99861,1.80954,1.36852,0.812855,0.315545,0.031426,0.0489577,0.362682,0.874922,1.42619,1.84487,2.00058,1.84487,1.42619,0.874922,0.362682,0.0489577,0.031426,0.315545,0.812855,1.36852,1.80954,1.99861,1.87685,1.48219,0.937483,0.412335,0.070244,0.0177179,0.27111,0.751529,1.3094,1.77103,1.9927,1.90538,1.53627,1.00029,0.464308,0.0952007,0.0078876,0.229554,0.691184,1.24905,1.72947,1.98286,1.93034,1.58825,1.0631,0.518397,0.123729,0.00197385,0.191039,0.63206,1.18773,1.68504,1.96916,1.95162,1.6379,1.12566,0.574388,0.155717,2.42961e-30,
0,0.155673,0.574223,1.12534,1.63743,1.95106,1.96859,1.68455,1.18739,0.631878,0.190984,0.00197328,0.123694,0.518248,1.06279,1.58779,1.92978,1.98229,1.72898,1.24869,0.690986,0.229488,0.00788533,0.0951733,0.464175,1,1.53583,1.90483,1.99212,1.77052,1.30902,0.751313,0.271032,0.0177128,0.0702238,0.412216,0.937213,1.48176,1.87631,1.99803,1.80902,1.36813,0.812622,0.315454,0.031417,0.0489437,0.362577,0.87467,1.42578,1.84433,2.00001,1.84433,1.42578,0.87467,0.362577,0.0489437,0.031417,0.315454,0.812622,1.36813,1.80902,1.99803,1.87631,1.48176,0.937213,0.412216,0.0702238,0.0177128,0.271032,0.751313,1.30902,1.77052,1.99212,1.90483,1.53583,1,0.464175,0.0951733,0.00788533,0.229488,0.690986,1.24869,1.72898,1.98229,1.92978,1.58779,1.06279,0.518248,0.123694,0.00197328,0.190984,0.631878,1.18739,1.68455,1.96859,1.95106,1.63743,1.12534,0.574223,0.155673,2.42961e-30,
0,0.155727,0.574422,1.12573,1.638,1.95174,1.96927,1.68514,1.1878,0.632097,0.19105,0.00197396,0.123737,0.518428,1.06316,1.58834,1.93045,1.98298,1.72957,1.24913,0.691225,0.229567,0.00788806,0.0952063,0.464336,1.00035,1.53636,1.90549,1.99281,1.77113,1.30948,0.751573,0.271126,0.0177189,0.0702481,0.412359,0.937538,1.48227,1.87696,1.99873,1.80965,1.3686,0.812903,0.315563,0.0314278,0.0489606,0.362703,0.874973,1.42628,1.84497,2.0007,1.84497,1.42628,0.874973,0.362703,0.0489606,0.0314278,0.315563,0.812903,1.3686,1.80965,1.99873,1.87696,1.48227,0.937538,0.412359,0.0702481,0.0177189,0.271126,0.751573,1.30948,1.77113,1.99281,1.90549,1.53636,1.00035,0.464336,0.0952063,0.00788806,0.229567,0.691225,1.24913,1.72957,1.98298,1.93045,1.58834,1.06316,0.518428,0.123737,0.00197396,0.19105,0.632097,1.1878,1.68514,1.96927,1.95174,1.638,1.12573,0.574422,0.155727,2.42961e-30,
0,0.155702,0.574333,1.12555,1.63774,1.95144,1.96897,1.68488,1.18761,0.631999,0.19102,0.00197366,0.123717,0.518348,1.063,1.5881,1.93015,1.98267,1.72931,1.24893,0.691118,0.229532,0.00788684,0.0951915,0.464264,1.0002,1.53613,1.9052,1.9925,1.77086,1.30927,0.751457,0.271084,0.0177162,0.0702372,0.412295,0.937393,1.48204,1.87667,1.99842,1.80937,1.36839,0.812777,0.315515,0.031423,0.048953,0.362647,0.874838,1.42606,1.84469,2.00039,1.84469,1.42606,0.874838,0.362647,0.048953,0.031423,0.315515,0.812777,1.36839,1.80937,1.99842,1.87667,1.48204,0.937393,0.412295,0.0702372,0.0177162,0.271084,0.751457,1.30927,1.77086,1.9925,1.9052,1.53613,1.0002,0.464264,0.0951915,0.00788684,0.229532,0.691118,1.24893,1.72931,1.98267,1.93015,1.5881,1.063,0.518348,0.123717,0.00197366,0.19102,0.631999,1.18761,1.68488,1.96897,1.95144,1.63774,1.12555,0.574333,0.155702,2.42961e-30,
0,0.155679,0.574247,1.12539,1.6375,1.95115,1.96867,1.68463,1.18744,0.631905,0.190992,0.00197336,0.123699,0.51827,1.06284,1.58786,1.92987,1.98238,1.72905,1.24875,0.691015,0.229497,0.00788567,0.0951774,0.464195,1.00005,1.5359,1.90492,1.99221,1.7706,1.30908,0.751345,0.271044,0.0177136,0.0702268,0.412234,0.937253,1.48182,1.87639,1.99812,1.8091,1.36819,0.812657,0.315468,0.0314183,0.0489458,0.362593,0.874708,1.42585,1.84441,2.00009,1.84441,1.42585,0.874708,0.362593,0.0489458,0.0314183,0.315468,0.812657,1.36819,1.8091,1.99812,1.87639,1.48182,0.937253,0.412234,0.0702268,0.0177136,0.271044,0.751345,1.30908,1.7706,1.99221,1.90492,1.5359,1.00005,0.464195,0.0951774,0.00788567,0.229497,0.691015,1.24875,1.72905,1.98238,1.92987,1.58786,1.06284,0.51827,0.123699,0.00197336,0.190992,0.631905,1.18744,1.68463,1.96867,1.95115,1.6375,1.12539,0.574247,0.155679,2.42961e-30,
0,0.155733,0.574445,1.12577,1.63806,1.95182,1.96935,1.68521,1.18785,0.632123,0.191058,0.00197404,0.123742,0.518449,1.06321,1.58841,1.93053,1.98306,1.72965,1.24918,0.691253,0.229577,0.00788838,0.0952102,0.464355,1.00039,1.53643,1.90557,1.99289,1.77121,1.30953,0.751604,0.271137,0.0177197,0.070251,0.412376,0.937576,1.48233,1.87704,1.99881,1.80972,1.36866,0.812937,0.315576,0.0314291,0.0489626,0.362718,0.875009,1.42634,1.84505,2.00078,1.84505,1.42634,0.875009,0.362718,0.0489626,0.0314291,0.315576,0.812937,1.36866,1.80972,1.99881,1.87704,1.48233,0.937576,0.412376,0.070251,0.0177197,0.271137,0.751604,1.30953,1.77121,1.99289,1.90557,1.53643,1.00039,0.464355,0.0952102,0.00788838,0.229577,0.691253,1.24918,1.72965,1.98306,1.93053,1.58841,1.06321,0.518449,0.123742,0.00197404,0.191058,0.632123,1.18785,1.68521,1.96935,1.95182,1.63806,1.12577,0.574445,0.155733,2.42961e-30,
0,0.155688,0.574278,1.12545,1.63759,1.95125,1.96878,1.68472,1.1875,0.631938,0.191002,0.00197347,0.123706,0.518298,1.0629,1.58794,1.92997,1.98248,1.72914,1.24881,0.691052,0.22951,0.00788609,0.0951824,0.46422,1.0001,1.53598,1.90502,1.99231,1.77069,1.30915,0.751385,0.271058,0.0177145,0.0702305,0.412256,0.937303,1.4819,1.87649,1.99823,1.8092,1.36826,0.8127,0.315484,0.03142,0.0489484,0.362612,0.874754,1.42592,1.84451,2.0002,1.84451,1.42592,0.874754,0.362612,0.0489484,0.03142,0.315484,0.8127,1.36826,1.8092,1.99823,1.87649,1.4819,0.937303,0.412256,0.0702305,0.0177145,0.271058,0.751385,1.30915,1.77069,1.99231,1.90502,1.53598,1.0001,0.46422,0.0951824,0.00788609,0.22951,0.691052,1.24881,1.72914,1.98248,1.92997,1.58794,1.0629,0.518298,0.123706,0.00197347,0.191002,0.631938,1.1875,1.68472,1.96878,1.95125,1.63759,1.12545,0.574278,0.155688,2.42961e-30,
0,0.155692,0.574294,1.12548,1.63763,1.95131,1.96883,1.68476,1.18753,0.631956,0.191007,0.00197352,0.123709,0.518312,1.06293,1.58799,1.93002,1.98254,1.72919,1.24885,0.691071,0.229516,0.0078863,0.0951851,0.464232,1.00013,1.53602,1.90507,1.99237,1.77074,1.30918,0.751406,0.271066,0.017715,0.0702325,0.412267,0.937329,1.48194,1.87655,1.99828,1.80925,1.3683,0.812722,0.315493,0.0314208,0.0489497,0.362622,0.874778,1.42596,1.84456,2.00025,1.84456,1.42596,0.874778,0.362622,0.0489497,0.0314208,0.315493,0.812722,1.3683,1.80925,1.99828,1.87655,1.48194,0.937329,0.412267,0.0702325,0.017715,0.271066,0.751406,1.30918,1.77074,1.99237,1.90507,1.53602,1.00013,0.464232,0.0951851,0.0078863,0.229516,0.691071,1.24885,1.72919,1.98254,1.93002,1.58799,1.06293,0.518312,0.123709,0.00197352,0.191007,0.631956,1.18753,1.68476,1.96883,1.95131,1.63763,1.12548,0.574294,0.155692,2.42961e-30,
0,0.155732,0.574441,1.12576,1.63805,1.9518,1.96934,1.68519,1.18784,0.632118,0.191056,0.00197403,0.123741,0.518445,1.0632,1.58839,1.93052,1.98305,1.72963,1.24917,0.691248,0.229575,0.00788832,0.0952095,0.464351,1.00038,1.53642,1.90556,1.99288,1.77119,1.30952,0.751598,0.271135,0.0177195,0.0702504,0.412373,0.937569,1.48232,1.87703,1.99879,1.80971,1.36865,0.81293,0.315574,0.0314289,0.0489623,0.362715,0.875002,1.42633,1.84504,2.00077,1.84504,1.42633,0.875002,0.362715,0.0489623,0.0314289,0.315574,0.81293,1.36865,1.80971,1.99879,1.87703,1.48232,0.937569,0.412373,0.0702504,0.0177195,0.271135,0.751598,1.30952,1.77119,1.99288,1.90556,1.53642,1.00038,0.464351,0.0952095,0.00788832,0.229575,0.691248,1.24917,1.72963,1.98305,1.93052,1.58839,1.0632,0.518445,0.123741,0.00197403,0.191056,0.632118,1.18784,1.68519,1.96934,1.9518,1.63805,1.12576,0.574441,0.155732,2.42961e-30,
0,0.155677,0.574237,1.12537,1.63747,1.95111,1.96864,1.6846,1.18742,0.631894,0.190988,0.00197333,0.123697,0.518261,1.06282,1.58783,1.92983,1.98234,1.72902,1.24873,0.691003,0.229493,0.00788553,0.0951757,0.464187,1.00003,1.53587,1.90488,1.99217,1.77056,1.30905,0.751332,0.271039,0.0177133,0.0702255,0.412227,0.937236,1.4818,1.87636,1.99808,1.80907,1.36816,0.812642,0.315462,0.0314177,0.0489449,0.362586,0.874692,1.42582,1.84438,2.00006,1.84438,1.42582,0.874692,0.362586,0.0489449,0.0314177,0.315462,0.812642,1.36816,1.80907,1.99808,1.87636,1.4818,0.937236,0.412227,0.0702255,0.0177133,0.271039,0.751332,1.30905,1.77056,1.99217,1.90488,1.53587,1.00003,0.464187,0.0951757,0.00788553,0.229493,0.691003,1.24873,1.72902,1.98234,1.92983,1.58783,1.06282,0.518261,0.123697,0.00197333,0.190988,0.631894,1.18742,1.6846,1.96864,1.95111,1.63747,1.12537,0.574237,0.155677,2.42961e-30,
0,0.155707,0.57435,1.12559,1.63779,1.9515,1.96903,1.68493,1.18765,0.632018,0.191026,0.00197372,0.123721,0.518363,1.06303,1.58814,1.93021,1.98274,1.72936,1.24897,0.691139,0.229539,0.00788708,0.0951944,0.464278,1.00023,1.53617,1.90526,1.99256,1.77091,1.30931,0.75148,0.271093,0.0177168,0.0702394,0.412308,0.937421,1.48209,1.87673,1.99848,1.80943,1.36843,0.812802,0.315524,0.0314239,0.0489545,0.362658,0.874864,1.4261,1.84474,2.00045,1.84474,1.4261,0.874864,0.362658,0.0489545,0.0314239,0.315524,0.812802,1.36843,1.80943,1.99848,1.87673,1.48209,0.937421,0.412308,0.0702394,0.0177168,0.271093,0.75148,1.30931,1.77091,1.99256,1.90526,1.53617,1.00023,0.464278,0.0951944,0.00788708,0.229539,0.691139,1.24897,1.72936,1.98274,1.93021,1.58814,1.06303,0.518363,0.123721,0.00197372,0.191026,0.632018,1.18765,1.68493,1.96903,1.9515,1.63779,1.12559,0.57435,0.155707,2.42961e-30,
0,0.155723,0.57441,1.1257,1.63796,1.9517,1.96923,1.6851,1.18777,0.632083,0.191046,0.00197392,0.123734,0.518417,1.06314,1.58831,1.93041,1.98294,1.72954,1.2491,0.69121,0.229562,0.00788789,0.0952042,0.464326,1.00033,1.53633,1.90545,1.99277,1.7711,1.30945,0.751557,0.271121,0.0177186,0.0702466,0.41235,0.937518,1.48224,1.87692,1.99868,1.80961,1.36857,0.812886,0.315557,0.0314272,0.0489596,0.362695,0.874954,1.42625,1.84493,2.00066,1.84493,1.42625,0.874954,0.362695,0.0489596,0.0314272,0.315557,0.812886,1.36857,1.80961,1.99868,1.87692,1.48224,0.937518,0.41235,0.0702466,0.0177186,0.271121,0.751557,1.30945,1.7711,1.99277,1.90545,1.53633,1.00033,0.464326,0.0952042,0.00788789,0.229562,0.69121,1.2491,1.72954,1.98294,1.93041,1.58831,1.06314,0.518417,0.123734,0.00197392,0.191046,0.632083,1.18777,1.6851,1.96923,1.9517,1.63796,1.1257,0.57441,0.155723,2.42961e-30,
0,0.155672,0.574221,1.12533,1.63742,1.95106,1.96858,1.68455,1.18738,0.631876,0.190983,0.00197327,0.123693,0.518246,1.06279,1.58779,1.92978,1.98229,1.72897,1.24869,0.690983,0.229487,0.0078853,0.095173,0.464173,1,1.53583,1.90483,1.99212,1.77051,1.30902,0.75131,0.271031,0.0177128,0.0702235,0.412215,0.93721,1.48175,1.87631,1.99803,1.80902,1.36812,0.812619,0.315453,0.0314168,0.0489435,0.362576,0.874667,1.42578,1.84433,2,1.84433,1.42578,0.874667,0.362576,0.0489435,0.0314168,0.315453,0.812619,1.36812,1.80902,1.99803,1.87631,1.48175,0.93721,0.412215,0.0702235,0.0177128,0.271031,0.75131,1.30902,1.77051,1.99212,1.90483,1.53583,1,0.464173,0.095173,0.0078853,0.229487,0.690983,1.24869,1.72897,1.98229,1.92978,1.58779,1.06279,0.518246,0.123693,0.00197327,0.190983,0.631876,1.18738,1.68455,1.96858,1.95106,1.63742,1.12533,0.574221,0.155672,2.42961e-30,
0,0.155721,0.574403,1.12569,1.63794,1.95168,1.96921,1.68508,1.18776,0.632076,0.191044,0.0019739,0.123733,0.518411,1.06313,1.58829,1.93039,1.98292,1.72952,1.24909,0.691202,0.22956,0.0078878,0.0952031,0.46432,1.00032,1.53631,1.90543,1.99275,1.77107,1.30943,0.751548,0.271117,0.0177184,0.0702458,0.412345,0.937507,1.48222,1.8769,1.99866,1.80959,1.36856,0.812876,0.315553,0.0314268,0.048959,0.362691,0.874944,1.42623,1.84491,2.00063,1.84491,1.42623,0.874944,0.362691,0.048959,0.0314268,0.315553,0.812876,1.36856,1.80959,1.99866,1.8769,1.48222,0.937507,0.412345,0.0702458,0.0177184,0.271117,0.751548,1.30943,1.77107,1.99275,1.90543,1.53631,1.00032,0.46432,0.0952031,0.0078878,0.22956,0.691202,1.24909,1.72952,1.98292,1.93039,1.58829,1.06313,0.518411,0.123733,0.0019739,0.191044,0.632076,1.18776,1.68508,1.96921,1.95168,1.63794,1.12569,0.574403,0.155721,2.42961e-30,
0,0.15571,0.574359,1.1256,1.63782,1.95153,1.96906,1.68495,1.18767,0.632028,0.191029,0.00197375,0.123723,0.518371,1.06305,1.58817,1.93024,1.98276,1.72939,1.24899,0.69115,0.229542,0.0078872,0.0951959,0.464285,1.00024,1.5362,1.90529,1.99259,1.77094,1.30933,0.751491,0.271097,0.017717,0.0702404,0.412314,0.937435,1.48211,1.87676,1.99851,1.80945,1.36845,0.812815,0.315529,0.0314244,0.0489553,0.362663,0.874878,1.42612,1.84477,2.00048,1.84477,1.42612,0.874878,0.362663,0.0489553,0.0314244,0.315529,0.812815,1.36845,1.80945,1.99851,1.87676,1.48211,0.937435,0.412314,0.0702404,0.017717,0.271097,0.751491,1.30933,1.77094,1.99259,1.90529,1.5362,1.00024,0.464285,0.0951959,0.0078872,0.229542,0.69115,1.24899,1.72939,1.98276,1.93024,1.58817,1.06305,0.518371,0.123723,0.00197375,0.191029,0.632028,1.18767,1.68495,1.96906,1.95153,1.63782,1.1256,0.574359,0.15571,2.42961e-30,
0,0.155675,0.574233,1.12536,1.63746,1.9511,1.96862,1.68458,1.18741,0.631889,0.190987,0.00197331,0.123696,0.518257,1.06281,1.58782,1.92982,1.98233,1.72901,1.24872,0.690998,0.229492,0.00788547,0.095175,0.464183,1.00002,1.53586,1.90487,1.99216,1.77055,1.30904,0.751326,0.271037,0.0177131,0.070225,0.412224,0.937229,1.48179,1.87635,1.99807,1.80906,1.36815,0.812636,0.31546,0.0314175,0.0489445,0.362584,0.874685,1.42581,1.84437,2.00004,1.84437,1.42581,0.874685,0.362584,0.0489445,0.0314175,0.31546,0.812636,1.36815,1.80906,1.99807,1.87635,1.48179,0.937229,0.412224,0.070225,0.0177131,0.271037,0.751326,1.30904,1.77055,1.99216,1.90487,1.53586,1.00002,0.464183,0.095175,0.00788547,0.229492,0.690998,1.24872,1.72901,1.98233,1.92982,1.58782,1.06281,0.518257,0.123696,0.00197331,0.190987,0.631889,1.18741,1.68458,1.96862,1.9511,1.63746,1.12536,0.574233,0.155675,2.42961e-30,
0,0.155731,0.574438,1.12576,1.63804,1.95179,1.96933,1.68518,1.18783,0.632114,0.191055,0.00197402,0.12374,0.518442,1.06319,1.58839,1.93051,1.98304,1.72962,1.24916,0.691244,0.229574,0.00788828,0.0952089,0.464349,1.00038,1.53641,1.90555,1.99287,1.77118,1.30951,0.751594,0.271134,0.0177194,0.0702501,0.412371,0.937564,1.48231,1.87702,1.99878,1.8097,1.36864,0.812926,0.315572,0.0314287,0.048962,0.362713,0.874997,1.42632,1.84503,2.00076,1.84503,1.42632,0.874997,0.362713,0.048962,0.0314287,0.315572,0.812926,1.36864,1.8097,1.99878,1.87702,1.48231,0.937564,0.412371,0.0702501,0.0177194,0.271134,0.751594,1.30951,1.77118,1.99287,1.90555,1.53641,1.00038,0.464349,0.0952089,0.00788828,0.229574,0.691244,1.24916,1.72962,1.98304,1.93051,1.58839,1.06319,0.518442,0.12374,0.00197402,0.191055,0.632114,1.18783,1.68518,1.96933,1.95179,1.63804,1.12576,0.574438,0.155731,2.42961e-30,
0,0.155694,0.574302,1.12549,1.63766,1.95133,1.96886,1.68479,1.18755,0.631965,0.19101,0.00197355,0.123711,0.51832,1.06294,1.58801,1.93005,1.98257,1.72921,1.24887,0.691081,0.229519,0.00788642,0.0951865,0.464239,1.00014,1.53604,1.9051,1.9924,1.77076,1.3092,0.751417,0.27107,0.0177153,0.0702335,0.412273,0.937343,1.48196,1.87657,1.99831,1.80927,1.36832,0.812734,0.315498,0.0314213,0.0489504,0.362628,0.874791,1.42598,1.84459,2.00028,1.84459,1.42598,0.874791,0.362628,0.0489504,0.0314213,0.315498,0.812734,1.36832,1.80927,1.99831,1.87657,1.48196,0.937343,0.412273,0.0702335,0.0177153,0.27107,0.751417,1.3092,1.77076,1.9924,1.9051,1.53604,1.00014,0.464239,0.0951865,0.00788642,0.229519,0.691081,1.24887,1.72921,1.98257,1.93005,1.58801,1.06294,0.51832,0.123711,0.00197355,0.19101,0.631965,1.18755,1.68479,1.96886,1.95133,1.63766,1.12549,0.574302,0.155694,2.42961e-30,
0,0.155686,0.57427,1.12543,1.63757,1.95123,1.96875,1.68469,1.18748,0.63193,0.191,0.00197344,0.123704,0.518291,1.06288,1.58792,1.92994,1.98246,1.72912,1.2488,0.691043,0.229507,0.00788598,0.0951812,0.464213,1.00009,1.53596,1.90499,1.99229,1.77067,1.30913,0.751375,0.271055,0.0177143,0.0702296,0.41225,0.937291,1.48188,1.87647,1.9982,1.80917,1.36824,0.812689,0.31548,0.0314196,0.0489477,0.362607,0.874743,1.4259,1.84449,2.00017,1.84449,1.4259,0.874743,0.362607,0.0489477,0.0314196,0.31548,0.812689,1.36824,1.80917,1.9982,1.87647,1.48188,0.937291,0.41225,0.0702296,0.0177143,0.271055,0.751375,1.30913,1.77067,1.99229,1.90499,1.53596,1.00009,0.464213,0.0951812,0.00788598,0.229507,0.691043,1.2488,1.72912,1.98246,1.92994,1.58792,1.06288,0.518291,0.123704,0.00197344,0.191,0.63193,1.18748,1.68469,1.96875,1.95123,1.63757,1.12543,0.57427,0.155686,2.42961e-30,
0,0.155733,0.574447,1.12578,1.63807,1.95182,1.96936,1.68521,1.18785,0.632124,0.191058,0.00197405,0.123742,0.51845,1.06321,1.58841,1.93054,1.98307,1.72965,1.24918,0.691255,0.229577,0.0078884,0.0952104,0.464356,1.00039,1.53643,1.90558,1.9929,1.77121,1.30953,0.751606,0.271138,0.0177197,0.0702511,0.412377,0.937578,1.48234,1.87704,1.99881,1.80973,1.36866,0.812938,0.315577,0.0314292,0.0489627,0.362719,0.875011,1.42634,1.84505,2.00079,1.84505,1.42634,0.875011,0.362719,0.0489627,0.0314292,0.315577,0.812938,1.36866,1.80973,1.99881,1.87704,1.48234,0.937578,0.412377,0.0702511,0.0177197,0.271138,0.751606,1.30953,1.77121,1.9929,1.90558,1.53643,1.00039,0.464356,0.0952104,0.0078884,0.229577,0.691255,1.24918,1.72965,1.98307,1.93054,1.58841,1.06321,0.51845,0.123742,0.00197405,0.191058,0.632124,1.18785,1.68521,1.96936,1.95182,1.63807,1.12578,0.574447,0.155733,2.42961e-30,
0,0.155681,0.574253,1.1254,1.63752,1.95117,1.9687,1.68464,1.18745,0.631911,0.190994,0.00197338,0.1237,0.518276,1.06285,1.58788,1.92989,1.9824,1.72907,1.24876,0.691022,0.2295,0.00788575,0.0951784,0.4642,1.00006,1.53591,1.90494,1.99223,1.77061,1.30909,0.751353,0.271047,0.0177138,0.0702275,0.412238,0.937263,1.48184,1.87641,1.99814,1.80912,1.3682,0.812665,0.315471,0.0314186,0.0489463,0.362597,0.874717,1.42586,1.84443,2.00011,1.84443,1.42586,0.874717,0.362597,0.0489463,0.0314186,0.315471,0.812665,1.3682,1.80912,1.99814,1.87641,1.48184,0.937263,0.412238,0.0702275,0.0177138,0.271047,0.751353,1.30909,1.77061,1.99223,1.90494,1.53591,1.00006,0.4642,0.0951784,0.00788575,0.2295,0.691022,1.24876,1.72907,1.9824,1.92989,1.58788,1.06285,0.518276,0.1237,0.00197338,0.190994,0.631911,1.18745,1.68464,1.9687,1.95117,1.63752,1.1254,0.574253,0.155681,2.42961e-30,
0,0.1557,0.574324,1.12554,1.63772,1.95141,1.96894,1.68485,1.18759,0.631989,0.191017,0.00197363,0.123716,0.51834,1.06298,1.58807,1.93012,1.98264,1.72928,1.24891,0.691107,0.229528,0.00788672,0.0951901,0.464257,1.00018,1.5361,1.90517,1.99247,1.77083,1.30925,0.751445,0.27108,0.0177159,0.0702362,0.412289,0.937378,1.48202,1.87664,1.99839,1.80934,1.36837,0.812765,0.31551,0.0314225,0.0489523,0.362641,0.874824,1.42604,1.84466,2.00036,1.84466,1.42604,0.874824,0.362641,0.0489523,0.0314225,0.31551,0.812765,1.36837,1.80934,1.99839,1.87664,1.48202,0.937378,0.412289,0.0702362,0.0177159,0.27108,0.751445,1.30925,1.77083,1.99247,1.90517,1.5361,1.00018,0.464257,0.0951901,0.00788672,0.229528,0.691107,1.24891,1.72928,1.98264,1.93012,1.58807,1.06298,0.51834,0.123716,0.00197363,0.191017,0.631989,1.18759,1.68485,1.96894,1.95141,1.63772,1.12554,0.574324,0.1557,2.42961e-30,
0,0.155728,0.574427,1.12574,1.63801,1.95176,1.96929,1.68515,1.18781,0.632102,0.191052,0.00197398,0.123738,0.518433,1.06317,1.58836,1.93047,1.983,1.72959,1.24914,0.691231,0.229569,0.00788813,0.0952071,0.46434,1.00036,1.53638,1.90551,1.99283,1.77115,1.30949,0.75158,0.271129,0.0177191,0.0702487,0.412363,0.937546,1.48229,1.87698,1.99874,1.80967,1.36862,0.812911,0.315566,0.0314281,0.0489611,0.362706,0.874981,1.42629,1.84499,2.00072,1.84499,1.42629,0.874981,0.362706,0.0489611,0.0314281,0.315566,0.812911,1.36862,1.80967,1.99874,1.87698,1.48229,0.937546,0.412363,0.0702487,0.0177191,0.271129,0.75158,1.30949,1.77115,1.99283,1.90551,1.53638,1.00036,0.46434,0.0952071,0.00788813,0.229569,0.691231,1.24914,1.72959,1.983,1.93047,1.58836,1.06317,0.518433,0.123738,0.00197398,0.191052,0.632102,1.18781,1.68515,1.96929,1.95176,1.63801,1.12574,0.574427,0.155728,2.42961e-30,
0,0.155673,0.574225,1.12534,1.63744,1.95107,1.9686,1.68456,1.18739,0.63188,0.190984,0.00197329,0.123694,0.51825,1.0628,1.5878,1.92979,1.9823,1.72898,1.2487,0.690988,0.229488,0.00788536,0.0951736,0.464177,1.00001,1.53584,1.90484,1.99213,1.77053,1.30903,0.751316,0.271033,0.0177129,0.070224,0.412218,0.937216,1.48176,1.87632,1.99804,1.80903,1.36813,0.812625,0.315455,0.0314171,0.0489438,0.362579,0.874673,1.42579,1.84434,2.00001,1.84434,1.42579,0.874673,0.362579,0.0489438,0.0314171,0.315455,0.812625,1.36813,1.80903,1.99804,1.87632,1.48176,0.937216,0.412218,0.070224,0.0177129,0.271033,0.751316,1.30903,1.77053,1.99213,1.90484,1.53584,1.00001,0.464177,0.0951736,0.00788536,0.229488,0.690988,1.2487,1.72898,1.9823,1.92979,1.5878,1.0628,0.51825,0.123694,0.00197329,0.190984,0.63188,1.18739,1.68456,1.9686,1.95107,1.63744,1.12534,0.574225,0.155673,2.42961e-30,
0,0.155715,0.57438,1.12565,1.63788,1.9516,1.96913,1.68501,1.18771,0.632051,0.191036,0.00197382,0.123728,0.51839,1.06309,1.58823,1.93031,1.98284,1.72945,1.24904,0.691175,0.22955,0.00788749,0.0951994,0.464302,1.00028,1.53625,1.90536,1.99267,1.771,1.30938,0.751519,0.271107,0.0177177,0.070243,0.412329,0.93747,1.48216,1.87683,1.99858,1.80952,1.3685,0.812844,0.31554,0.0314256,0.0489571,0.362677,0.87491,1.42618,1.84484,2.00056,1.84484,1.42618,0.87491,0.362677,0.0489571,0.0314256,0.31554,0.812844,1.3685,1.80952,1.99858,1.87683,1.48216,0.93747,0.412329,0.070243,0.0177177,0.271107,0.751519,1.30938,1.771,1.99267,1.90536,1.53625,1.00028,0.464302,0.0951994,0.00788749,0.22955,0.691175,1.24904,1.72945,1.98284,1.93031,1.58823,1.06309,0.51839,0.123728,0.00197382,0.191036,0.632051,1.18771,1.68501,1.96913,1.9516,1.63788,1.12565,0.57438,0.155715,2.42961e-30,
0,0.155716,0.574384,1.12565,1.63789,1.95161,1.96914,1.68503,1.18772,0.632055,0.191037,0.00197383,0.123728,0.518394,1.06309,1.58824,1.93033,1.98285,1.72946,1.24904,0.691179,0.229552,0.00788754,0.0952,0.464305,1.00028,1.53626,1.90537,1.99268,1.77102,1.30939,0.751524,0.271108,0.0177178,0.0702435,0.412332,0.937476,1.48217,1.87684,1.99859,1.80953,1.36851,0.81285,0.315543,0.0314258,0.0489574,0.362679,0.874915,1.42618,1.84485,2.00057,1.84485,1.42618,0.874915,0.362679,0.0489574,0.0314258,0.315543,0.81285,1.36851,1.80953,1.99859,1.87684,1.48217,0.937476,0.412332,0.0702435,0.0177178,0.271108,0.751524,1.30939,1.77102,1.99268,1.90537,1.53626,1.00028,0.464305,0.0952,0.00788754,0.229552,0.691179,1.24904,1.72946,1.98285,1.93033,1.58824,1.06309,0.518394,0.123728,0.00197383,0.191037,0.632055,1.18772,1.68503,1.96914,1.95161,1.63789,1.12565,0.574384,0.155716,2.42961e-30,
0,0.155673,0.574224,1.12534,1.63743,1.95107,1.96859,1.68456,1.18739,0.631879,0.190984,0.00197328,0.123694,0.518249,1.0628,1.58779,1.92979,1.9823,1.72898,1.2487,0.690987,0.229488,0.00788534,0.0951735,0.464176,1.00001,1.53584,1.90484,1.99213,1.77052,1.30902,0.751314,0.271033,0.0177128,0.0702239,0.412217,0.937215,1.48176,1.87632,1.99804,1.80903,1.36813,0.812623,0.315455,0.031417,0.0489437,0.362578,0.874672,1.42579,1.84434,2.00001,1.84434,1.42579,0.874672,0.362578,0.0489437,0.031417,0.315455,0.812623,1.36813,1.80903,1.99804,1.87632,1.48176,0.937215,0.412217,0.0702239,0.0177128,0.271033,0.751314,1.30902,1.77052,1.99213,1.90484,1.53584,1.00001,0.464176,0.0951735,0.00788534,0.229488,0.690987,1.2487,1.72898,1.9823,1.92979,1.58779,1.0628,0.518249,0.123694,0.00197328,0.190984,0.631879,1.18739,1.68456,1.96859,1.95107,1.63743,1.12534,0.574224,0.155673,2.42961e-30,
0,0.155727,0.574425,1.12573,1.63801,1.95175,1.96928,1.68514,1.1878,0.6321,0.191051,0.00197397,0.123737,0.51843,1.06317,1.58835,1.93046,1.98299,1.72958,1.24913,0.691228,0.229568,0.0078881,0.0952067,0.464338,1.00035,1.53637,1.9055,1.99282,1.77114,1.30948,0.751577,0.271128,0.017719,0.0702484,0.412361,0.937542,1.48228,1.87697,1.99874,1.80966,1.36861,0.812907,0.315565,0.031428,0.0489609,0.362705,0.874977,1.42629,1.84498,2.00071,1.84498,1.42629,0.874977,0.362705,0.0489609,0.031428,0.315565,0.812907,1.36861,1.80966,1.99874,1.87697,1.48228,0.937542,0.412361,0.0702484,0.017719,0.271128,0.751577,1.30948,1.77114,1.99282,1.9055,1.53637,1.00035,0.464338,0.0952067,0.0078881,0.229568,0.691228,1.24913,1.72958,1.98299,1.93046,1.58835,1.06317,0.51843,0.123737,0.00197397,0.191051,0.6321,1.1878,1.68514,1.96928,1.95175,1.63801,1.12573,0.574425,0.155727,2.42961e-30,
0,0.155701,0.574328,1.12554,1.63773,1.95142,1.96895,1.68486,1.1876,0.631994,0.191019,0.00197364,0.123716,0.518343,1.06299,1.58808,1.93014,1.98266,1.72929,1.24892,0.691112,0.22953,0.00788678,0.0951908,0.46426,1.00019,1.53611,1.90518,1.99249,1.77084,1.30926,0.751451,0.271082,0.0177161,0.0702367,0.412292,0.937385,1.48203,1.87666,1.9984,1.80936,1.36838,0.812771,0.315512,0.0314227,0.0489527,0.362644,0.874831,1.42605,1.84467,2.00037,1.84467,1.42605,0.874831,0.362644,0.0489527,0.0314227,0.315512,0.812771,1.36838,1.80936,1.9984,1.87666,1.48203,0.937385,0.412292,0.0702367,0.0177161,0.271082,0.751451,1.30926,1.77084,1.99249,1.90518,1.53611,1.00019,0.46426,0.0951908,0.00788678,0.22953,0.691112,1.24892,1.72929,1.98266,1.93014,1.58808,1.06299,0.518343,0.123716,0.00197364,0.191019,0.631994,1.1876,1.68486,1.96895,1.95142,1.63773,1.12554,0.574328,0.155701,2.42961e-30,
0,0.15568,0.574251,1.12539,1.63751,1.95116,1.96869,1.68463,1.18744,0.631908,0.190993,0.00197337,0.1237,0.518273,1.06285,1.58787,1.92988,1.98239,1.72906,1.24875,0.691019,0.229499,0.00788571,0.0951779,0.464197,1.00005,1.53591,1.90493,1.99222,1.77061,1.30908,0.751349,0.271045,0.0177137,0.0702272,0.412236,0.937258,1.48183,1.8764,1.99813,1.80911,1.3682,0.812661,0.315469,0.0314185,0.048946,0.362595,0.874712,1.42585,1.84442,2.0001,1.84442,1.42585,0.874712,0.362595,0.048946,0.0314185,0.315469,0.812661,1.3682,1.80911,1.99813,1.8764,1.48183,0.937258,0.412236,0.0702272,0.0177137,0.271045,0.751349,1.30908,1.77061,1.99222,1.90493,1.53591,1.00005,0.464197,0.0951779,0.00788571,0.229499,0.691019,1.24875,1.72906,1.98239,1.92988,1.58787,1.06285,0.518273,0.1237,0.00197337,0.190993,0.631908,1.18744,1.68463,1.96869,1.95116,1.63751,1.12539,0.574251,0.15568,2.42961e-30,
0,0.155733,0.574446,1.12577,1.63807,1.95182,1.96936,1.68521,1.18785,0.632123,0.191058,0.00197405,0.123742,0.51845,1.06321,1.58841,1.93053,1.98307,1.72965,1.24918,0.691254,0.229577,0.00788839,0.0952103,0.464355,1.00039,1.53643,1.90557,1.9929,1.77121,1.30953,0.751605,0.271138,0.0177197,0.0702511,0.412377,0.937577,1.48234,1.87704,1.99881,1.80973,1.36866,0.812938,0.315577,0.0314292,0.0489627,0.362718,0.87501,1.42634,1.84505,2.00078,1.84505,1.42634,0.87501,0.362718,0.0489627,0.0314292,0.315577,0.812938,1.36866,1.80973,1.99881,1.87704,1.48234,0.937577,0.412377,0.0702511,0.0177197,0.271138,0.751605,1.30953,1.77121,1.9929,1.90557,1.53643,1.00039,0.464355,0.0952103,0.00788839,0.229577,0.691254,1.24918,1.72965,1.98307,1.93053,1.58841,1.06321,0.51845,0.123742,0.00197405,0.191058,0.632123,1.18785,1.68521,1.96936,1.95182,1.63807,1.12577,0.574446,0.155733,2.42961e-30,
0,0.155687,0.574274,1.12544,1.63758,1.95124,1.96877,1.6847,1.18749,0.631934,0.191001,0.00197345,0.123705,0.518294,1.06289,1.58793,1.92996,1.98247,1.72913,1.24881,0.691047,0.229508,0.00788603,0.0951818,0.464216,1.00009,1.53597,1.905,1.9923,1.77068,1.30914,0.75138,0.271057,0.0177144,0.07023,0.412253,0.937297,1.48189,1.87648,1.99821,1.80919,1.36825,0.812694,0.315482,0.0314198,0.048948,0.36261,0.874748,1.42591,1.8445,2.00019,1.8445,1.42591,0.874748,0.36261,0.048948,0.0314198,0.315482,0.812694,1.36825,1.80919,1.99821,1.87648,1.48189,0.937297,0.412253,0.07023,0.0177144,0.271057,0.75138,1.30914,1.77068,1.9923,1.905,1.53597,1.00009,0.464216,0.0951818,0.00788603,0.229508,0.691047,1.24881,1.72913,1.98247,1.92996,1.58793,1.06289,0.518294,0.123705,0.00197345,0.191001,0.631934,1.18749,1.6847,1.96877,1.95124,1.63758,1.12544,0.574274,0.155687,2.42961e-30,
0,0.155693,0.574298,1.12549,1.63764,1.95132,1.96885,1.68477,1.18754,0.631961,0.191009,0.00197354,0.12371,0.518316,1.06293,1.588,1.93004,1.98255,1.7292,1.24886,0.691076,0.229518,0.00788636,0.0951858,0.464236,1.00013,1.53603,1.90508,1.99238,1.77075,1.30919,0.751412,0.271068,0.0177151,0.070233,0.41227,0.937336,1.48195,1.87656,1.9983,1.80926,1.36831,0.812728,0.315495,0.0314211,0.0489501,0.362625,0.874785,1.42597,1.84458,2.00027,1.84458,1.42597,0.874785,0.362625,0.0489501,0.0314211,0.315495,0.812728,1.36831,1.80926,1.9983,1.87656,1.48195,0.937336,0.41227,0.070233,0.0177151,0.271068,0.751412,1.30919,1.77075,1.99238,1.90508,1.53603,1.00013,0.464236,0.0951858,0.00788636,0.229518,0.691076,1.24886,1.7292,1.98255,1.93004,1.588,1.06293,0.518316,0.12371,0.00197354,0.191009,0.631961,1.18754,1.68477,1.96885,1.95132,1.63764,1.12549,0.574298,0.155693,2.42961e-30,
0,0.155731,0.574439,1.12576,1.63805,1.9518,1.96933,1.68519,1.18783,0.632116,0.191056,0.00197402,0.12374,0.518444,1.0632,1.58839,1.93051,1.98304,1.72963,1.24917,0.691246,0.229574,0.0078883,0.0952092,0.46435,1.00038,1.53641,1.90555,1.99287,1.77119,1.30952,0.751596,0.271135,0.0177195,0.0702503,0.412372,0.937566,1.48232,1.87702,1.99879,1.80971,1.36865,0.812928,0.315573,0.0314288,0.0489621,0.362714,0.875,1.42632,1.84503,2.00076,1.84503,1.42632,0.875,0.362714,0.0489621,0.0314288,0.315573,0.812928,1.36865,1.80971,1.99879,1.87702,1.48232,0.937566,0.412372,0.0702503,0.0177195,0.271135,0.751596,1.30952,1.77119,1.99287,1.90555,1.53641,1.00038,0.46435,0.0952092,0.0078883,0.229574,0.691246,1.24917,1.72963,1.98304,1.93051,1.58839,1.0632,0.518444,0.12374,0.00197402,0.191056,0.632116,1.18783,1.68519,1.96933,1.9518,1.63805,1.12576,0.574439,0.155731,2.42961e-30,
0,0.155676,0.574235,1.12536,1.63746,1.9511,1.96863,1.68459,1.18741,0.631891,0.190988,0.00197332,0.123696,0.518259,1.06282,1.58782,1.92982,1.98234,1.72901,1.24872,0.691,0.229492,0.00788549,0.0951753,0.464185,1.00002,1.53586,1.90487,1.99216,1.77056,1.30905,0.751329,0.271038,0.0177132,0.0702252,0.412225,0.937233,1.48179,1.87635,1.99808,1.80906,1.36816,0.812639,0.315461,0.0314176,0.0489447,0.362585,0.874688,1.42581,1.84437,2.00005,1.84437,1.42581,0.874688,0.362585,0.0489447,0.0314176,0.315461,0.812639,1.36816,1.80906,1.99808,1.87635,1.48179,0.937233,0.412225,0.0702252,0.0177132,0.271038,0.751329,1.30905,1.77056,1.99216,1.90487,1.53586,1.00002,0.464185,0.0951753,0.00788549,0.229492,0.691,1.24872,1.72901,1.98234,1.92982,1.58782,1.06282,0.518259,0.123696,0.00197332,0.190988,0.631891,1.18741,1.68459,1.96863,1.9511,1.63746,1.12536,0.574235,0.155676,2.42961e-30,
0,0.155708,0.574355,1.1256,1.63781,1.95151,1.96904,1.68494,1.18766,0.632023,0.191028,0.00197373,0.123722,0.518367,1.06304,1.58816,1.93023,1.98275,1.72937,1.24898,0.691145,0.22954,0.00788714,0.0951952,0.464282,1.00023,1.53619,1.90527,1.99258,1.77093,1.30932,0.751486,0.271095,0.0177169,0.0702399,0.412311,0.937429,1.4821,1.87675,1.99849,1.80944,1.36844,0.812809,0.315527,0.0314242,0.0489549,0.362661,0.874871,1.42611,1.84476,2.00047,1.84476,1.42611,0.874871,0.362661,0.0489549,0.0314242,0.315527,0.812809,1.36844,1.80944,1.99849,1.87675,1.4821,0.937429,0.412311,0.0702399,0.0177169,0.271095,0.751486,1.30932,1.77093,1.99258,1.90527,1.53619,1.00023,0.464282,0.0951952,0.00788714,0.22954,0.691145,1.24898,1.72937,1.98275,1.93023,1.58816,1.06304,0.518367,0.123722,0.00197373,0.191028,0.632023,1.18766,1.68494,1.96904,1.95151,1.63781,1.1256,0.574355,0.155708,2.42961e-30,
0,0.155722,0.574406,1.1257,1.63795,1.95169,1.96922,1.68509,1.18776,0.632079,0.191045,0.00197391,0.123733,0.518414,1.06313,1.5883,1.9304,1.98293,1.72953,1.24909,0.691206,0.229561,0.00788784,0.0952037,0.464323,1.00032,1.53632,1.90544,1.99276,1.77108,1.30944,0.751553,0.271119,0.0177185,0.0702462,0.412348,0.937512,1.48223,1.87691,1.99867,1.8096,1.36857,0.812881,0.315555,0.031427,0.0489593,0.362693,0.874949,1.42624,1.84492,2.00065,1.84492,1.42624,0.874949,0.362693,0.0489593,0.031427,0.315555,0.812881,1.36857,1.8096,1.99867,1.87691,1.48223,0.937512,0.412348,0.0702462,0.0177185,0.271119,0.751553,1.30944,1.77108,1.99276,1.90544,1.53632,1.00032,0.464323,0.0952037,0.00788784,0.229561,0.691206,1.24909,1.72953,1.98293,1.9304,1.5883,1.06313,0.518414,0.123733,0.00197391,0.191045,0.632079,1.18776,1.68509,1.96922,1.95169,1.63795,1.1257,0.574406,0.155722,2.42961e-30,
0,0.155672,0.574221,1.12533,1.63742,1.95106,1.96858,1.68455,1.18738,0.631875,0.190983,0.00197327,0.123693,0.518246,1.06279,1.58779,1.92978,1.98229,1.72897,1.24869,0.690983,0.229487,0.0078853,0.0951729,0.464173,1,1.53583,1.90483,1.99211,1.77051,1.30902,0.75131,0.271031,0.0177127,0.0702235,0.412215,0.937209,1.48175,1.87631,1.99803,1.80902,1.36812,0.812619,0.315453,0.0314168,0.0489435,0.362576,0.874667,1.42578,1.84433,2,1.84433,1.42578,0.874667,0.362576,0.0489435,0.0314168,0.315453,0.812619,1.36812,1.80902,1.99803,1.87631,1.48175,0.937209,0.412215,0.0702235,0.0177127,0.271031,0.75131,1.30902,1.77051,1.99211,1.90483,1.53583,1,0.464173,0.0951729,0.0078853,0.229487,0.690983,1.24869,1.72897,1.98229,1.92978,1.58779,1.06279,0.518246,0.123693,0.00197327,0.190983,0.631875,1.18738,1.68455,1.96858,1.95106,1.63742,1.12533,0.574221,0.155672,2.42961e-30,
0,0.155722,0.574406,1.1257,1.63795,1.95169,1.96922,1.68509,1.18777,0.63208,0.191045,0.00197391,0.123733,0.518414,1.06313,1.5883,1.9304,1.98293,1.72953,1.24909,0.691206,0.229561,0.00788785,0.0952037,0.464323,1.00032,1.53632,1.90544,1.99276,1.77109,1.30944,0.751553,0.271119,0.0177185,0.0702462,0.412348,0.937512,1.48223,1.87691,1.99867,1.8096,1.36857,0.812881,0.315555,0.031427,0.0489593,0.362693,0.87495,1.42624,1.84492,2.00065,1.84492,1.42624,0.87495,0.362693,0.0489593,0.031427,0.315555,0.812881,1.36857,1.8096,1.99867,1.87691,1.48223,0.937512,0.412348,0.0702462,0.0177185,0.271119,0.751553,1.30944,1.77109,1.99276,1.90544,1.53632,1.00032,0.464323,0.0952037,0.00788785,0.229561,0.691206,1.24909,1.72953,1.98293,1.9304,1.5883,1.06313,0.518414,0.123733,0.00197391,0.191045,0.63208,1.18777,1.68509,1.96922,1.95169,1.63795,1.1257,0.574406,0.155722,2.42961e-30,
0,0.155708,0.574355,1.1256,1.63781,1.95151,1.96904,1.68494,1.18766,0.632023,0.191028,0.00197373,0.123722,0.518367,1.06304,1.58816,1.93023,1.98275,1.72937,1.24898,0.691144,0.22954,0.00788714,0.0951951,0.464281,1.00023,1.53618,1.90527,1.99258,1.77093,1.30932,0.751485,0.271095,0.0177169,0.0702399,0.412311,0.937428,1.4821,1.87674,1.99849,1.80944,1.36844,0.812808,0.315526,0.0314242,0.0489549,0.362661,0.874871,1.42611,1.84476,2.00047,1.84476,1.42611,0.874871,0.362661,0.0489549,0.0314242,0.315526,0.812808,1.36844,1.80944,1.99849,1.87674,1.4821,0.937428,0.412311,0.0702399,0.0177169,0.271095,0.751485,1.30932,1.77093,1.99258,1.90527,1.53618,1.00023,0.464281,0.0951951,0.00788714,0.22954,0.691144,1.24898,1.72937,1.98275,1.93023,1.58816,1.06304,0.518367,0.123722,0.00197373,0.191028,0.632023,1.18766,1.68494,1.96904,1.95151,1.63781,1.1256,0.574355,0.155708,2.42961e-30,
0,0.155676,0.574235,1.12536,1.63746,1.95111,1.96863,1.68459,1.18741,0.631891,0.190988,0.00197332,0.123696,0.518259,1.06282,1.58782,1.92982,1.98234,1.72901,1.24872,0.691,0.229492,0.0078855,0.0951753,0.464185,1.00002,1.53587,1.90487,1.99216,1.77056,1.30905,0.751329,0.271038,0.0177132,0.0702253,0.412225,0.937233,1.48179,1.87635,1.99808,1.80906,1.36816,0.812639,0.315461,0.0314176,0.0489447,0.362585,0.874689,1.42581,1.84437,2.00005,1.84437,1.42581,0.874689,0.362585,0.0489447,0.0314176,0.315461,0.812639,1.36816,1.80906,1.99808,1.87635,1.48179,0.937233,0.412225,0.0702253,0.0177132,0.271038,0.751329,1.30905,1.77056,1.99216,1.90487,1.53587,1.00002,0.464185,0.0951753,0.0078855,0.229492,0.691,1.24872,1.72901,1.98234,1.92982,1.58782,1.06282,0.518259,0.123696,0.00197332,0.190988,0.631891,1.18741,1.68459,1.96863,1.95111,1.63746,1.12536,0.574235,0.155676,2.42961e-30,
0,0.155731,0.574439,1.12576,1.63805,1.9518,1.96933,1.68519,1.18783,0.632116,0.191056,0.00197402,0.12374,0.518444,1.0632,1.58839,1.93051,1.98304,1.72963,1.24917,0.691246,0.229574,0.0078883,0.0952092,0.46435,1.00038,1.53641,1.90555,1.99287,1.77119,1.30952,0.751596,0.271135,0.0177195,0.0702503,0.412372,0.937567,1.48232,1.87702,1.99879,1.80971,1.36865,0.812928,0.315573,0.0314288,0.0489621,0.362714,0.875,1.42632,1.84503,2.00076,1.84503,1.42632,0.875,0.362714,0.0489621,0.0314288,0.315573,0.812928,1.36865,1.80971,1.99879,1.87702,1.48232,0.937567,0.412372,0.0702503,0.0177195,0.271135,0.751596,1.30952,1.77119,1.99287,1.90555,1.53641,1.00038,0.46435,0.0952092,0.0078883,0.229574,0.691246,1.24917,1.72963,1.98304,1.93051,1.58839,1.0632,0.518444,0.12374,0.00197402,0.191056,0.632116,1.18783,1.68519,1.96933,1.9518,1.63805,1.12576,0.574439,0.155731,2.42961e-30,
0,0.155693,0.574298,1.12548,1.63764,1.95132,1.96885,1.68477,1.18754,0.63196,0.191009,0.00197354,0.12371,0.518316,1.06293,1.588,1.93004,1.98255,1.7292,1.24886,0.691076,0.229518,0.00788636,0.0951857,0.464236,1.00013,1.53603,1.90508,1.99238,1.77075,1.30919,0.751411,0.271068,0.0177151,0.070233,0.41227,0.937335,1.48195,1.87656,1.9983,1.80926,1.36831,0.812728,0.315495,0.0314211,0.0489501,0.362625,0.874784,1.42597,1.84458,2.00027,1.84458,1.42597,0.874784,0.362625,0.0489501,0.0314211,0.315495,0.812728,1.36831,1.80926,1.9983,1.87656,1.48195,0.937335,0.41227,0.070233,0.0177151,0.271068,0.751411,1.30919,1.77075,1.99238,1.90508,1.53603,1.00013,0.464236,0.0951857,0.00788636,0.229518,0.691076,1.24886,1.7292,1.98255,1.93004,1.588,1.06293,0.518316,0.12371,0.00197354,0.191009,0.63196,1.18754,1.68477,1.96885,1.95132,1.63764,1.12548,0.574298,0.155693,2.42961e-30,
0,0.155687,0.574274,1.12544,1.63758,1.95124,1.96877,1.6847,1.18749,0.631934,0.191001,0.00197346,0.123705,0.518295,1.06289,1.58793,1.92996,1.98247,1.72913,1.24881,0.691048,0.229508,0.00788603,0.0951818,0.464217,1.00009,1.53597,1.905,1.9923,1.77068,1.30914,0.75138,0.271057,0.0177144,0.0702301,0.412253,0.937297,1.48189,1.87648,1.99821,1.80919,1.36825,0.812695,0.315482,0.0314198,0.0489481,0.36261,0.874748,1.42591,1.8445,2.00019,1.8445,1.42591,0.874748,0.36261,0.0489481,0.0314198,0.315482,0.812695,1.36825,1.80919,1.99821,1.87648,1.48189,0.937297,0.412253,0.0702301,0.0177144,0.271057,0.75138,1.30914,1.77068,1.9923,1.905,1.53597,1.00009,0.464217,0.0951818,0.00788603,0.229508,0.691048,1.24881,1.72913,1.98247,1.92996,1.58793,1.06289,0.518295,0.123705,0.00197346,0.191001,0.631934,1.18749,1.6847,1.96877,1.95124,1.63758,1.12544,0.574274,0.155687,2.42961e-30,
0,0.155733,0.574446,1.12577,1.63807,1.95182,1.96936,1.68521,1.18785,0.632123,0.191058,0.00197405,0.123742,0.51845,1.06321,1.58841,1.93053,1.98307,1.72965,1.24918,0.691254,0.229577,0.00788839,0.0952103,0.464355,1.00039,1.53643,1.90557,1.9929,1.77121,1.30953,0.751605,0.271138,0.0177197,0.0702511,0.412377,0.937577,1.48234,1.87704,1.99881,1.80973,1.36866,0.812938,0.315577,0.0314292,0.0489627,0.362718,0.87501,1.42634,1.84505,2.00078,1.84505,1.42634,0.87501,0.362718,0.0489627,0.0314292,0.315577,0.812938,1.36866,1.80973,1.99881,1.87704,1.48234,0.937577,0.412377,0.0702511,0.0177197,0.271138,0.751605,1.30953,1.77121,1.9929,1.90557,1.53643,1.00039,0.464355,0.0952103,0.00788839,0.229577,0.691254,1.24918,1.72965,1.98307,1.93053,1.58841,1.06321,0.51845,0.123742,0.00197405,0.191058,0.632123,1.18785,1.68521,1.96936,1.95182,1.63807,1.12577,0.574446,0.155733,2.42961e-30,
0,0.15568,0.57425,1.12539,1.63751,1.95116,1.96868,1.68463,1.18744,0.631908,0.190993,0.00197337,0.1237,0.518273,1.06285,1.58787,1.92988,1.98239,1.72906,1.24875,0.691019,0.229499,0.0078857,0.0951779,0.464197,1.00005,1.53591,1.90493,1.99222,1.7706,1.30908,0.751349,0.271045,0.0177137,0.0702271,0.412236,0.937258,1.48183,1.8764,1.99813,1.80911,1.3682,0.812661,0.315469,0.0314185,0.048946,0.362595,0.874712,1.42585,1.84442,2.0001,1.84442,1.42585,0.874712,0.362595,0.048946,0.0314185,0.315469,0.812661,1.3682,1.80911,1.99813,1.8764,1.48183,0.937258,0.412236,0.0702271,0.0177137,0.271045,0.751349,1.30908,1.7706,1.99222,1.90493,1.53591,1.00005,0.464197,0.0951779,0.0078857,0.229499,0.691019,1.24875,1.72906,1.98239,1.92988,1.58787,1.06285,0.518273,0.1237,0.00197337,0.190993,0.631908,1.18744,1.68463,1.96868,1.95116,1.63751,1.12539,0.57425,0.15568,2.42961e-30,
0,0.155701,0.574329,1.12554,1.63773,1.95142,1.96895,1.68486,1.1876,0.631994,0.191019,0.00197364,0.123717,0.518344,1.06299,1.58808,1.93014,1.98266,1.72929,1.24892,0.691113,0.22953,0.00788678,0.0951908,0.46426,1.00019,1.53612,1.90518,1.99249,1.77085,1.30926,0.751451,0.271082,0.0177161,0.0702367,0.412292,0.937386,1.48203,1.87666,1.9984,1.80936,1.36838,0.812771,0.315512,0.0314227,0.0489527,0.362644,0.874831,1.42605,1.84467,2.00038,1.84467,1.42605,0.874831,0.362644,0.0489527,0.0314227,0.315512,0.812771,1.36838,1.80936,1.9984,1.87666,1.48203,0.937386,0.412292,0.0702367,0.0177161,0.271082,0.751451,1.30926,1.77085,1.99249,1.90518,1.53612,1.00019,0.46426,0.0951908,0.00788678,0.22953,0.691113,1.24892,1.72929,1.98266,1.93014,1.58808,1.06299,0.518344,0.123717,0.00197364,0.191019,0.631994,1.1876,1.68486,1.96895,1.95142,1.63773,1.12554,0.574329,0.155701,2.42961e-30,
0,0.155727,0.574424,1.12573,1.638,1.95175,1.96928,1.68514,1.1878,0.6321,0.191051,0.00197397,0.123737,0.51843,1.06317,1.58835,1.93046,1.98299,1.72958,1.24913,0.691228,0.229568,0.00788809,0.0952067,0.464338,1.00035,1.53637,1.9055,1.99282,1.77114,1.30948,0.751577,0.271127,0.017719,0.0702484,0.412361,0.937542,1.48228,1.87697,1.99874,1.80966,1.36861,0.812907,0.315565,0.031428,0.0489608,0.362705,0.874977,1.42628,1.84498,2.00071,1.84498,1.42628,0.874977,0.362705,0.0489608,0.031428,0.315565,0.812907,1.36861,1.80966,1.99874,1.87697,1.48228,0.937542,0.412361,0.0702484,0.017719,0.271127,0.751577,1.30948,1.77114,1.99282,1.9055,1.53637,1.00035,0.464338,0.0952067,0.00788809,0.229568,0.691228,1.24913,1.72958,1.98299,1.93046,1.58835,1.06317,0.51843,0.123737,0.00197397,0.191051,0.6321,1.1878,1.68514,1.96928,1.95175,1.638,1.12573,0.574424,0.155727,2.42961e-30,
0,0.155673,0.574224,1.12534,1.63743,1.95107,1.96859,1.68456,1.18739,0.631879,0.190984,0.00197328,0.123694,0.518249,1.0628,1.58779,1.92979,1.9823,1.72898,1.2487,0.690987,0.229488,0.00788534,0.0951735,0.464176,1.00001,1.53583,1.90484,1.99213,1.77052,1.30902,0.751314,0.271033,0.0177128,0.0702239,0.412217,0.937214,1.48176,1.87632,1.99804,1.80903,1.36813,0.812623,0.315455,0.031417,0.0489437,0.362578,0.874671,1.42579,1.84434,2.00001,1.84434,1.42579,0.874671,0.362578,0.0489437,0.031417,0.315455,0.812623,1.36813,1.80903,1.99804,1.87632,1.48176,0.937214,0.412217,0.0702239,0.0177128,0.271033,0.751314,1.30902,1.77052,1.99213,1.90484,1.53583,1.00001,0.464176,0.0951735,0.00788534,0.229488,0.690987,1.2487,1.72898,1.9823,1.92979,1.58779,1.0628,0.518249,0.123694,0.00197328,0.190984,0.631879,1.18739,1.68456,1.96859,1.95107,1.63743,1.12534,0.574224,0.155673,2.42961e-30,
0,0.155716,0.574384,1.12565,1.63789,1.95161,1.96914,1.68503,1.18772,0.632055,0.191037,0.00197383,0.123729,0.518394,1.06309,1.58824,1.93033,1.98285,1.72946,1.24905,0.69118,0.229552,0.00788754,0.0952001,0.464305,1.00028,1.53626,1.90537,1.99268,1.77102,1.30939,0.751524,0.271109,0.0177178,0.0702435,0.412332,0.937476,1.48218,1.87684,1.9986,1.80953,1.36851,0.81285,0.315543,0.0314258,0.0489574,0.362679,0.874916,1.42619,1.84485,2.00057,1.84485,1.42619,0.874916,0.362679,0.0489574,0.0314258,0.315543,0.81285,1.36851,1.80953,1.9986,1.87684,1.48218,0.937476,0.412332,0.0702435,0.0177178,0.271109,0.751524,1.30939,1.77102,1.99268,1.90537,1.53626,1.00028,0.464305,0.0952001,0.00788754,0.229552,0.69118,1.24905,1.72946,1.98285,1.93033,1.58824,1.06309,0.518394,0.123729,0.00197383,0.191037,0.632055,1.18772,1.68503,1.96914,1.95161,1.63789,1.12565,0.574384,0.155716,2.42961e-30,
0,0.155715,0.57438,1.12565,1.63788,1.9516,1.96913,1.68501,1.18771,0.632051,0.191036,0.00197382,0.123728,0.51839,1.06308,1.58823,1.93031,1.98284,1.72945,1.24904,0.691174,0.22955,0.00788748,0.0951993,0.464302,1.00028,1.53625,1.90535,1.99267,1.771,1.30938,0.751518,0.271106,0.0177177,0.070243,0.412329,0.937469,1.48216,1.87683,1.99858,1.80952,1.3685,0.812844,0.31554,0.0314255,0.048957,0.362676,0.874909,1.42617,1.84484,2.00055,1.84484,1.42617,0.874909,0.362676,0.048957,0.0314255,0.31554,0.812844,1.3685,1.80952,1.99858,1.87683,1.48216,0.937469,0.412329,0.070243,0.0177177,0.271106,0.751518,1.30938,1.771,1.99267,1.90535,1.53625,1.00028,0.464302,0.0951993,0.00788748,0.22955,0.691174,1.24904,1.72945,1.98284,1.93031,1.58823,1.06308,0.51839,0.123728,0.00197382,0.191036,0.632051,1.18771,1.68501,1.96913,1.9516,1.63788,1.12565,0.57438,0.155715,2.42961e-30,
0,0.155673,0.574225,1.12534,1.63744,1.95107,1.9686,1.68456,1.18739,0.63188,0.190984,0.00197329,0.123694,0.51825,1.0628,1.5878,1.92979,1.9823,1.72898,1.2487,0.690988,0.229488,0.00788536,0.0951737,0.464177,1.00001,1.53584,1.90484,1.99213,1.77053,1.30903,0.751316,0.271033,0.0177129,0.070224,0.412218,0.937216,1.48176,1.87632,1.99804,1.80903,1.36813,0.812625,0.315455,0.0314171,0.0489438,0.362579,0.874673,1.42579,1.84434,2.00001,1.84434,1.42579,0.874673,0.362579,0.0489438,0.0314171,0.315455,0.812625,1.36813,1.80903,1.99804,1.87632,1.48176,0.937216,0.412218,0.070224,0.0177129,0.271033,0.751316,1.30903,1.77053,1.99213,1.90484,1.53584,1.00001,0.464177,0.0951737,0.00788536,0.229488,0.690988,1.2487,1.72898,1.9823,1.92979,1.5878,1.0628,0.51825,0.123694,0.00197329,0.190984,0.63188,1.18739,1.68456,1.9686,1.95107,1.63744,1.12534,0.574225,0.155673,2.42961e-30,
0,0.155728,0.574427,1.12574,1.63801,1.95176,1.96929,1.68515,1.18781,0.632103,0.191052,0.00197398,0.123738,0.518433,1.06317,1.58836,1.93047,1.983,1.72959,1.24914,0.691231,0.229569,0.00788813,0.0952072,0.46434,1.00036,1.53638,1.90551,1.99283,1.77115,1.30949,0.75158,0.271129,0.0177191,0.0702488,0.412363,0.937546,1.48229,1.87698,1.99875,1.80967,1.36862,0.812911,0.315566,0.0314281,0.0489611,0.362706,0.874981,1.42629,1.84499,2.00072,1.84499,1.42629,0.874981,0.362706,0.0489611,0.0314281,0.315566,0.812911,1.36862,1.80967,1.99875,1.87698,1.48229,0.937546,0.412363,0.0702488,0.0177191,0.271129,0.75158,1.30949,1.77115,1.99283,1.90551,1.53638,1.00036,0.46434,0.0952072,0.00788813,0.229569,0.691231,1.24914,1.72959,1.983,1.93047,1.58836,1.06317,0.518433,0.123738,0.00197398,0.191052,0.632103,1.18781,1.68515,1.96929,1.95176,1.63801,1.12574,0.574427,0.155728,2.42961e-30,
0,0.1557,0.574324,1.12554,1.63772,1.95141,1.96894,1.68485,1.18759,0.631989,0.191017,0.00197363,0.123716,0.518339,1.06298,1.58807,1.93012,1.98264,1.72928,1.24891,0.691107,0.229528,0.00788671,0.09519,0.464256,1.00018,1.5361,1.90517,1.99247,1.77083,1.30925,0.751445,0.27108,0.0177159,0.0702361,0.412289,0.937378,1.48202,1.87664,1.99839,1.80934,1.36837,0.812764,0.315509,0.0314225,0.0489523,0.362641,0.874824,1.42604,1.84466,2.00036,1.84466,1.42604,0.874824,0.362641,0.0489523,0.0314225,0.315509,0.812764,1.36837,1.80934,1.99839,1.87664,1.48202,0.937378,0.412289,0.0702361,0.0177159,0.27108,0.751445,1.30925,1.77083,1.99247,1.90517,1.5361,1.00018,0.464256,0.09519,0.00788671,0.229528,0.691107,1.24891,1.72928,1.98264,1.93012,1.58807,1.06298,0.518339,0.123716,0.00197363,0.191017,0.631989,1.18759,1.68485,1.96894,1.95141,1.63772,1.12554,0.574324,0.1557,2.42961e-30,
0,0.155681,0.574254,1.1254,1.63752,1.95117,1.9687,1.68464,1.18745,0.631912,0.190994,0.00197338,0.1237,0.518276,1.06285,1.58788,1.92989,1.9824,1.72907,1.24876,0.691023,0.2295,0.00788575,0.0951784,0.4642,1.00006,1.53591,1.90494,1.99223,1.77061,1.30909,0.751353,0.271047,0.0177138,0.0702275,0.412238,0.937263,1.48184,1.87641,1.99814,1.80912,1.3682,0.812665,0.315471,0.0314186,0.0489463,0.362597,0.874717,1.42586,1.84443,2.00011,1.84443,1.42586,0.874717,0.362597,0.0489463,0.0314186,0.315471,0.812665,1.3682,1.80912,1.99814,1.87641,1.48184,0.937263,0.412238,0.0702275,0.0177138,0.271047,0.751353,1.30909,1.77061,1.99223,1.90494,1.53591,1.00006,0.4642,0.0951784,0.00788575,0.2295,0.691023,1.24876,1.72907,1.9824,1.92989,1.58788,1.06285,0.518276,0.1237,0.00197338,0.190994,0.631912,1.18745,1.68464,1.9687,1.95117,1.63752,1.1254,0.574254,0.155681,2.42961e-30,
0,0.155733,0.574447,1.12578,1.63807,1.95182,1.96936,1.68521,1.18785,0.632124,0.191058,0.00197405,0.123742,0.51845,1.06321,1.58841,1.93054,1.98307,1.72965,1.24918,0.691255,0.229577,0.0078884,0.0952104,0.464356,1.00039,1.53643,1.90558,1.9929,1.77121,1.30953,0.751606,0.271138,0.0177197,0.0702511,0.412377,0.937578,1.48234,1.87704,1.99881,1.80973,1.36866,0.812938,0.315577,0.0314292,0.0489627,0.362719,0.875011,1.42634,1.84505,2.00079,1.84505,1.42634,0.875011,0.362719,0.0489627,0.0314292,0.315577,0.812938,1.36866,1.80973,1.99881,1.87704,1.48234,0.937578,0.412377,0.0702511,0.0177197,0.271138,0.751606,1.30953,1.77121,1.9929,1.90558,1.53643,1.00039,0.464356,0.0952104,0.0078884,0.229577,0.691255,1.24918,1.72965,1.98307,1.93054,1.58841,1.06321,0.51845,0.123742,0.00197405,0.191058,0.632124,1.18785,1.68521,1.96936,1.95182,1.63807,1.12578,0.574447,0.155733,2.42961e-30,
0,0.155685,0.57427,1.12543,1.63757,1.95122,1.96875,1.68469,1.18748,0.63193,0.190999,0.00197344,0.123704,0.518291,1.06288,1.58792,1.92994,1.98246,1.72912,1.2488,0.691043,0.229507,0.00788598,0.0951812,0.464213,1.00009,1.53596,1.90499,1.99229,1.77067,1.30913,0.751375,0.271055,0.0177143,0.0702296,0.41225,0.93729,1.48188,1.87647,1.9982,1.80917,1.36824,0.812689,0.31548,0.0314195,0.0489477,0.362607,0.874742,1.4259,1.84449,2.00017,1.84449,1.4259,0.874742,0.362607,0.0489477,0.0314195,0.31548,0.812689,1.36824,1.80917,1.9982,1.87647,1.48188,0.93729,0.41225,0.0702296,0.0177143,0.271055,0.751375,1.30913,1.77067,1.99229,1.90499,1.53596,1.00009,0.464213,0.0951812,0.00788598,0.229507,0.691043,1.2488,1.72912,1.98246,1.92994,1.58792,1.06288,0.518291,0.123704,0.00197344,0.190999,0.63193,1.18748,1.68469,1.96875,1.95122,1.63757,1.12543,0.57427,0.155685,2.42961e-30,
0,0.155694,0.574303,1.12549,1.63766,1.95133,1.96886,1.68479,1.18755,0.631966,0.19101,0.00197355,0.123711,0.51832,1.06294,1.58801,1.93005,1.98257,1.72922,1.24887,0.691082,0.229519,0.00788642,0.0951865,0.464239,1.00014,1.53605,1.9051,1.9924,1.77077,1.3092,0.751417,0.27107,0.0177153,0.0702335,0.412274,0.937343,1.48196,1.87657,1.99831,1.80927,1.36832,0.812735,0.315498,0.0314213,0.0489505,0.362628,0.874791,1.42598,1.84459,2.00029,1.84459,1.42598,0.874791,0.362628,0.0489505,0.0314213,0.315498,0.812735,1.36832,1.80927,1.99831,1.87657,1.48196,0.937343,0.412274,0.0702335,0.0177153,0.27107,0.751417,1.3092,1.77077,1.9924,1.9051,1.53605,1.00014,0.464239,0.0951865,0.00788642,0.229519,0.691082,1.24887,1.72922,1.98257,1.93005,1.58801,1.06294,0.51832,0.123711,0.00197355,0.19101,0.631966,1.18755,1.68479,1.96886,1.95133,1.63766,1.12549,0.574303,0.155694,2.42961e-30,
0,0.155731,0.574438,1.12576,1.63804,1.95179,1.96933,1.68518,1.18783,0.632114,0.191055,0.00197402,0.12374,0.518442,1.06319,1.58839,1.93051,1.98304,1.72962,1.24916,0.691244,0.229573,0.00788828,0.0952089,0.464349,1.00038,1.53641,1.90555,1.99287,1.77118,1.30951,0.751594,0.271134,0.0177194,0.07025,0.41237,0.937564,1.48231,1.87702,1.99878,1.8097,1.36864,0.812926,0.315572,0.0314287,0.048962,0.362713,0.874997,1.42632,1.84502,2.00076,1.84502,1.42632,0.874997,0.362713,0.048962,0.0314287,0.315572,0.812926,1.36864,1.8097,1.99878,1.87702,1.48231,0.937564,0.41237,0.07025,0.0177194,0.271134,0.751594,1.30951,1.77118,1.99287,1.90555,1.53641,1.00038,0.464349,0.0952089,0.00788828,0.229573,0.691244,1.24916,1.72962,1.98304,1.93051,1.58839,1.06319,0.518442,0.12374,0.00197402,0.191055,0.632114,1.18783,1.68518,1.96933,1.95179,1.63804,1.12576,0.574438,0.155731,2.42961e-30,
0,0.155675,0.574233,1.12536,1.63746,1.9511,1.96862,1.68458,1.18741,0.631889,0.190987,0.00197331,0.123696,0.518257,1.06281,1.58782,1.92982,1.98233,1.729,1.24872,0.690998,0.229492,0.00788546,0.0951749,0.464183,1.00002,1.53586,1.90487,1.99216,1.77055,1.30904,0.751326,0.271037,0.0177131,0.070225,0.412223,0.937229,1.48178,1.87635,1.99807,1.80905,1.36815,0.812636,0.31546,0.0314175,0.0489445,0.362584,0.874685,1.42581,1.84437,2.00004,1.84437,1.42581,0.874685,0.362584,0.0489445,0.0314175,0.31546,0.812636,1.36815,1.80905,1.99807,1.87635,1.48178,0.937229,0.412223,0.070225,0.0177131,0.271037,0.751326,1.30904,1.77055,1.99216,1.90487,1.53586,1.00002,0.464183,0.0951749,0.00788546,0.229492,0.690998,1.24872,1.729,1.98233,1.92982,1.58782,1.06281,0.518257,0.123696,0.00197331,0.190987,0.631889,1.18741,1.68458,1.96862,1.9511,1.63746,1.12536,0.574233,0.155675,2.42961e-30,
0,0.15571,0.574359,1.12561,1.63782,1.95153,1.96906,1.68495,1.18767,0.632028,0.191029,0.00197375,0.123723,0.518371,1.06305,1.58817,1.93024,1.98277,1.72939,1.24899,0.69115,0.229542,0.0078872,0.0951959,0.464285,1.00024,1.5362,1.90529,1.9926,1.77094,1.30933,0.751492,0.271097,0.017717,0.0702405,0.412314,0.937436,1.48211,1.87676,1.99851,1.80945,1.36845,0.812815,0.315529,0.0314244,0.0489553,0.362664,0.874878,1.42612,1.84477,2.00048,1.84477,1.42612,0.874878,0.362664,0.0489553,0.0314244,0.315529,0.812815,1.36845,1.80945,1.99851,1.87676,1.48211,0.937436,0.412314,0.0702405,0.017717,0.271097,0.751492,1.30933,1.77094,1.9926,1.90529,1.5362,1.00024,0.464285,0.0951959,0.0078872,0.229542,0.69115,1.24899,1.72939,1.98277,1.93024,1.58817,1.06305,0.518371,0.123723,0.00197375,0.191029,0.632028,1.18767,1.68495,1.96906,1.95153,1.63782,1.12561,0.574359,0.15571,2.42961e-30,
0,0.155721,0.574403,1.12569,1.63794,1.95167,1.96921,1.68508,1.18776,0.632076,0.191043,0.0019739,0.123732,0.51841,1.06313,1.58829,1.93039,1.98291,1.72952,1.24909,0.691202,0.229559,0.0078878,0.0952031,0.46432,1.00032,1.53631,1.90543,1.99275,1.77107,1.30943,0.751548,0.271117,0.0177184,0.0702457,0.412345,0.937506,1.48222,1.8769,1.99866,1.80959,1.36856,0.812876,0.315553,0.0314268,0.048959,0.362691,0.874944,1.42623,1.84491,2.00063,1.84491,1.42623,0.874944,0.362691,0.048959,0.0314268,0.315553,0.812876,1.36856,1.80959,1.99866,1.8769,1.48222,0.937506,0.412345,0.0702457,0.0177184,0.271117,0.751548,1.30943,1.77107,1.99275,1.90543,1.53631,1.00032,0.46432,0.0952031,0.0078878,0.229559,0.691202,1.24909,1.72952,1.98291,1.93039,1.58829,1.06313,0.51841,0.123732,0.0019739,0.191043,0.632076,1.18776,1.68508,1.96921,1.95167,1.63794,1.12569,0.574403,0.155721,2.42961e-30,
0,0.155672,0.574221,1.12533,1.63742,1.95106,1.96858,1.68455,1.18738,0.631876,0.190983,0.00197327,0.123693,0.518246,1.06279,1.58779,1.92978,1.98229,1.72897,1.24869,0.690983,0.229487,0.0078853,0.095173,0.464173,1,1.53583,1.90483,1.99212,1.77051,1.30902,0.75131,0.271031,0.0177128,0.0702235,0.412215,0.93721,1.48175,1.87631,1.99803,1.80902,1.36812,0.812619,0.315453,0.0314168,0.0489435,0.362576,0.874667,1.42578,1.84433,2,1.84433,1.42578,0.874667,0.362576,0.0489435,0.0314168,0.315453,0.812619,1.36812,1.80902,1.99803,1.87631,1.48175,0.93721,0.412215,0.0702235,0.0177128,0.271031,0.75131,1.30902,1.77051,1.99212,1.90483,1.53583,1,0.464173,0.095173,0.0078853,0.229487,0.690983,1.24869,1.72897,1.98229,1.92978,1.58779,1.06279,0.518246,0.123693,0.00197327,0.190983,0.631876,1.18738,1.68455,1.96858,1.95106,1.63742,1.12533,0.574221,0.155672,2.42961e-30,
0,0.155723,0.57441,1.1257,1.63796,1.9517,1.96923,1.6851,1.18777,0.632084,0.191046,0.00197392,0.123734,0.518417,1.06314,1.58831,1.93041,1.98294,1.72954,1.2491,0.691211,0.229562,0.0078879,0.0952043,0.464326,1.00033,1.53633,1.90545,1.99277,1.7711,1.30945,0.751558,0.271121,0.0177186,0.0702466,0.41235,0.937518,1.48224,1.87692,1.99868,1.80961,1.36858,0.812886,0.315557,0.0314272,0.0489596,0.362695,0.874955,1.42625,1.84494,2.00066,1.84494,1.42625,0.874955,0.362695,0.0489596,0.0314272,0.315557,0.812886,1.36858,1.80961,1.99868,1.87692,1.48224,0.937518,0.41235,0.0702466,0.0177186,0.271121,0.751558,1.30945,1.7711,1.99277,1.90545,1.53633,1.00033,0.464326,0.0952043,0.0078879,0.229562,0.691211,1.2491,1.72954,1.98294,1.93041,1.58831,1.06314,0.518417,0.123734,0.00197392,0.191046,0.632084,1.18777,1.6851,1.96923,1.9517,1.63796,1.1257,0.57441,0.155723,2.42961e-30,
0,0.155707,0.57435,1.12559,1.63779,1.9515,1.96903,1.68493,1.18765,0.632018,0.191026,0.00197372,0.123721,0.518363,1.06303,1.58814,1.93021,1.98273,1.72936,1.24897,0.691139,0.229538,0.00788708,0.0951944,0.464278,1.00023,1.53617,1.90526,1.99256,1.77091,1.30931,0.751479,0.271092,0.0177167,0.0702393,0.412308,0.937421,1.48209,1.87673,1.99848,1.80942,1.36843,0.812802,0.315524,0.0314239,0.0489545,0.362658,0.874864,1.4261,1.84474,2.00045,1.84474,1.4261,0.874864,0.362658,0.0489545,0.0314239,0.315524,0.812802,1.36843,1.80942,1.99848,1.87673,1.48209,0.937421,0.412308,0.0702393,0.0177167,0.271092,0.751479,1.30931,1.77091,1.99256,1.90526,1.53617,1.00023,0.464278,0.0951944,0.00788708,0.229538,0.691139,1.24897,1.72936,1.98273,1.93021,1.58814,1.06303,0.518363,0.123721,0.00197372,0.191026,0.632018,1.18765,1.68493,1.96903,1.9515,1.63779,1.12559,0.57435,0.155707,2.42961e-30,
0,0.155677,0.574237,1.12537,1.63747,1.95111,1.96864,1.6846,1.18742,0.631894,0.190989,0.00197333,0.123697,0.518261,1.06282,1.58783,1.92983,1.98234,1.72902,1.24873,0.691003,0.229493,0.00788553,0.0951757,0.464187,1.00003,1.53587,1.90488,1.99217,1.77056,1.30905,0.751332,0.271039,0.0177133,0.0702256,0.412227,0.937237,1.4818,1.87636,1.99808,1.80907,1.36816,0.812642,0.315462,0.0314178,0.0489449,0.362587,0.874692,1.42582,1.84438,2.00006,1.84438,1.42582,0.874692,0.362587,0.0489449,0.0314178,0.315462,0.812642,1.36816,1.80907,1.99808,1.87636,1.4818,0.937237,0.412227,0.0702256,0.0177133,0.271039,0.751332,1.30905,1.77056,1.99217,1.90488,1.53587,1.00003,0.464187,0.0951757,0.00788553,0.229493,0.691003,1.24873,1.72902,1.98234,1.92983,1.58783,1.06282,0.518261,0.123697,0.00197333,0.190989,0.631894,1.18742,1.6846,1.96864,1.95111,1.63747,1.12537,0.574237,0.155677,2.42961e-30,
0,0.155732,0.574441,1.12577,1.63805,1.95181,1.96934,1.68519,1.18784,0.632118,0.191056,0.00197403,0.123741,0.518445,1.0632,1.58839,1.93052,1.98305,1.72963,1.24917,0.691248,0.229575,0.00788832,0.0952095,0.464351,1.00038,1.53642,1.90556,1.99288,1.77119,1.30952,0.751598,0.271135,0.0177195,0.0702505,0.412373,0.937569,1.48232,1.87703,1.99879,1.80971,1.36865,0.812931,0.315574,0.0314289,0.0489623,0.362715,0.875002,1.42633,1.84504,2.00077,1.84504,1.42633,0.875002,0.362715,0.0489623,0.0314289,0.315574,0.812931,1.36865,1.80971,1.99879,1.87703,1.48232,0.937569,0.412373,0.0702505,0.0177195,0.271135,0.751598,1.30952,1.77119,1.99288,1.90556,1.53642,1.00038,0.464351,0.0952095,0.00788832,0.229575,0.691248,1.24917,1.72963,1.98305,1.93052,1.58839,1.0632,0.518445,0.123741,0.00197403,0.191056,0.632118,1.18784,1.68519,1.96934,1.95181,1.63805,1.12577,0.574441,0.155732,2.42961e-30,
0,0.155692,0.574294,1.12548,1.63763,1.9513,1.96883,1.68476,1.18753,0.631956,0.191007,0.00197352,0.123709,0.518312,1.06293,1.58799,1.93002,1.98254,1.72919,1.24885,0.691071,0.229516,0.0078863,0.095185,0.464232,1.00013,1.53602,1.90507,1.99237,1.77074,1.30918,0.751405,0.271066,0.017715,0.0702324,0.412267,0.937328,1.48194,1.87654,1.99828,1.80925,1.3683,0.812722,0.315493,0.0314208,0.0489497,0.362622,0.874778,1.42596,1.84456,2.00025,1.84456,1.42596,0.874778,0.362622,0.0489497,0.0314208,0.315493,0.812722,1.3683,1.80925,1.99828,1.87654,1.48194,0.937328,0.412267,0.0702324,0.017715,0.271066,0.751405,1.30918,1.77074,1.99237,1.90507,1.53602,1.00013,0.464232,0.095185,0.0078863,0.229516,0.691071,1.24885,1.72919,1.98254,1.93002,1.58799,1.06293,0.518312,0.123709,0.00197352,0.191007,0.631956,1.18753,1.68476,1.96883,1.9513,1.63763,1.12548,0.574294,0.155692,2.42961e-30,
0,0.155688,0.574278,1.12545,1.63759,1.95125,1.96878,1.68472,1.1875,0.631939,0.191002,0.00197347,0.123706,0.518298,1.0629,1.58794,1.92997,1.98249,1.72914,1.24882,0.691052,0.22951,0.00788609,0.0951825,0.46422,1.0001,1.53598,1.90502,1.99231,1.77069,1.30915,0.751385,0.271059,0.0177145,0.0702306,0.412256,0.937303,1.4819,1.87649,1.99823,1.8092,1.36826,0.8127,0.315485,0.03142,0.0489484,0.362612,0.874754,1.42592,1.84451,2.0002,1.84451,1.42592,0.874754,0.362612,0.0489484,0.03142,0.315485,0.8127,1.36826,1.8092,1.99823,1.87649,1.4819,0.937303,0.412256,0.0702306,0.0177145,0.271059,0.751385,1.30915,1.77069,1.99231,1.90502,1.53598,1.0001,0.46422,0.0951825,0.00788609,0.22951,0.691052,1.24882,1.72914,1.98249,1.92997,1.58794,1.0629,0.518298,0.123706,0.00197347,0.191002,0.631939,1.1875,1.68472,1.96878,1.95125,1.63759,1.12545,0.574278,0.155688,2.42961e-30,
0,0.155733,0.574445,1.12577,1.63806,1.95182,1.96935,1.68521,1.18785,0.632123,0.191058,0.00197404,0.123742,0.518449,1.06321,1.58841,1.93053,1.98306,1.72964,1.24918,0.691253,0.229577,0.00788838,0.0952102,0.464355,1.00039,1.53643,1.90557,1.99289,1.77121,1.30953,0.751604,0.271137,0.0177197,0.070251,0.412376,0.937576,1.48233,1.87704,1.99881,1.80972,1.36866,0.812937,0.315576,0.0314291,0.0489626,0.362718,0.875009,1.42634,1.84505,2.00078,1.84505,1.42634,0.875009,0.362718,0.0489626,0.0314291,0.315576,0.812937,1.36866,1.80972,1.99881,1.87704,1.48233,0.937576,0.412376,0.070251,0.0177197,0.271137,0.751604,1.30953,1.77121,1.99289,1.90557,1.53643,1.00039,0.464355,0.0952102,0.00788838,0.229577,0.691253,1.24918,1.72964,1.98306,1.93053,1.58841,1.06321,0.518449,0.123742,0.00197404,0.191058,0.632123,1.18785,1.68521,1.96935,1.95182,1.63806,1.12577,0.574445,0.155733,2.42961e-30,
0,0.155679,0.574247,1.12539,1.6375,1.95115,1.96867,1.68463,1.18744,0.631905,0.190992,0.00197336,0.123699,0.51827,1.06284,1.58786,1.92987,1.98238,1.72905,1.24875,0.691015,0.229497,0.00788566,0.0951774,0.464195,1.00005,1.5359,1.90492,1.99221,1.7706,1.30908,0.751345,0.271044,0.0177136,0.0702268,0.412234,0.937253,1.48182,1.87639,1.99812,1.8091,1.36819,0.812656,0.315467,0.0314183,0.0489457,0.362593,0.874707,1.42585,1.84441,2.00009,1.84441,1.42585,0.874707,0.362593,0.0489457,0.0314183,0.315467,0.812656,1.36819,1.8091,1.99812,1.87639,1.48182,0.937253,0.412234,0.0702268,0.0177136,0.271044,0.751345,1.30908,1.7706,1.99221,1.90492,1.5359,1.00005,0.464195,0.0951774,0.00788566,0.229497,0.691015,1.24875,1.72905,1.98238,1.92987,1.58786,1.06284,0.51827,0.123699,0.00197336,0.190992,0.631905,1.18744,1.68463,1.96867,1.95115,1.6375,1.12539,0.574247,0.155679,2.42961e-30,
0,0.155703,0.574333,1.12555,1.63774,1.95144,1.96897,1.68488,1.18761,0.631999,0.19102,0.00197366,0.123718,0.518348,1.063,1.5881,1.93015,1.98268,1.72931,1.24893,0.691118,0.229532,0.00788684,0.0951916,0.464264,1.0002,1.53613,1.9052,1.9925,1.77086,1.30927,0.751457,0.271084,0.0177162,0.0702373,0.412295,0.937393,1.48204,1.87667,1.99842,1.80937,1.36839,0.812778,0.315515,0.031423,0.0489531,0.362647,0.874838,1.42606,1.84469,2.00039,1.84469,1.42606,0.874838,0.362647,0.0489531,0.031423,0.315515,0.812778,1.36839,1.80937,1.99842,1.87667,1.48204,0.937393,0.412295,0.0702373,0.0177162,0.271084,0.751457,1.30927,1.77086,1.9925,1.9052,1.53613,1.0002,0.464264,0.0951916,0.00788684,0.229532,0.691118,1.24893,1.72931,1.98268,1.93015,1.5881,1.063,0.518348,0.123718,0.00197366,0.19102,0.631999,1.18761,1.68488,1.96897,1.95144,1.63774,1.12555,0.574333,0.155703,2.42961e-30,
0,0.155727,0.574421,1.12573,1.638,1.95174,1.96927,1.68514,1.1878,0.632096,0.19105,0.00197396,0.123737,0.518428,1.06316,1.58834,1.93045,1.98298,1.72957,1.24913,0.691225,0.229567,0.00788806,0.0952062,0.464336,1.00035,1.53636,1.90549,1.99281,1.77113,1.30947,0.751573,0.271126,0.0177189,0.0702481,0.412359,0.937537,1.48227,1.87696,1.99873,1.80965,1.3686,0.812903,0.315563,0.0314278,0.0489606,0.362703,0.874973,1.42628,1.84497,2.0007,1.84497,1.42628,0.874973,0.362703,0.0489606,0.0314278,0.315563,0.812903,1.3686,1.80965,1.99873,1.87696,1.48227,0.937537,0.412359,0.0702481,0.0177189,0.271126,0.751573,1.30947,1.77113,1.99281,1.90549,1.53636,1.00035,0.464336,0.0952062,0.00788806,0.229567,0.691225,1.24913,1.72957,1.98298,1.93045,1.58834,1.06316,0.518428,0.123737,0.00197396,0.19105,0.632096,1.1878,1.68514,1.96927,1.95174,1.638,1.12573,0.574421,0.155727,2.42961e-30,
0,0.155673,0.574223,1.12534,1.63743,1.95106,1.96859,1.68455,1.18739,0.631878,0.190984,0.00197328,0.123694,0.518248,1.06279,1.58779,1.92978,1.98229,1.72897,1.24869,0.690986,0.229488,0.00788533,0.0951733,0.464175,1,1.53583,1.90483,1.99212,1.77052,1.30902,0.751313,0.271032,0.0177128,0.0702238,0.412216,0.937213,1.48176,1.87631,1.99803,1.80902,1.36813,0.812622,0.315454,0.031417,0.0489437,0.362577,0.87467,1.42578,1.84433,2.00001,1.84433,1.42578,0.87467,0.362577,0.0489437,0.031417,0.315454,0.812622,1.36813,1.80902,1.99803,1.87631,1.48176,0.937213,0.412216,0.0702238,0.0177128,0.271032,0.751313,1.30902,1.77052,1.99212,1.90483,1.53583,1,0.464175,0.0951733,0.00788533,0.229488,0.690986,1.24869,1.72897,1.98229,1.92978,1.58779,1.06279,0.518248,0.123694,0.00197328,0.190984,0.631878,1.18739,1.68455,1.96859,1.95106,1.63743,1.12534,0.574223,0.155673,2.42961e-30,
0,0.155718,0.574388,1.12566,1.6379,1.95163,1.96916,1.68504,1.18773,0.63206,0.191039,0.00197385,0.123729,0.518398,1.0631,1.58825,1.93034,1.98287,1.72947,1.24905,0.691185,0.229554,0.0078876,0.0952007,0.464309,1.00029,1.53628,1.90538,1.9927,1.77103,1.3094,0.751529,0.27111,0.0177179,0.070244,0.412335,0.937483,1.48219,1.87685,1.99861,1.80954,1.36852,0.812856,0.315545,0.031426,0.0489578,0.362682,0.874922,1.4262,1.84487,2.00058,1.84487,1.4262,0.874922,0.362682,0.0489578,0.031426,0.315545,0.812856,1.36852,1.80954,1.99861,1.87685,1.48219,0.937483,0.412335,0.070244,0.0177179,0.27111,0.751529,1.3094,1.77103,1.9927,1.90538,1.53628,1.00029,0.464309,0.0952007,0.0078876,0.229554,0.691185,1.24905,1.72947,1.98287,1.93034,1.58825,1.0631,0.518398,0.123729,0.00197385,0.191039,0.63206,1.18773,1.68504,1.96916,1.95163,1.6379,1.12566,0.574388,0.155718,2.42961e-30,
0,0.155714,0.574376,1.12564,1.63787,1.95158,1.96911,1.685,1.1877,0.632046,0.191035,0.0019738,0.123727,0.518386,1.06308,1.58821,1.9303,1.98282,1.72943,1.24903,0.691169,0.229549,0.00788743,0.0951986,0.464298,1.00027,1.53624,1.90534,1.99265,1.77099,1.30937,0.751513,0.271104,0.0177175,0.0702425,0.412326,0.937462,1.48215,1.87681,1.99857,1.8095,1.36849,0.812838,0.315538,0.0314253,0.0489567,0.362674,0.874903,1.42616,1.84483,2.00054,1.84483,1.42616,0.874903,0.362674,0.0489567,0.0314253,0.315538,0.812838,1.36849,1.8095,1.99857,1.87681,1.48215,0.937462,0.412326,0.0702425,0.0177175,0.271104,0.751513,1.30937,1.77099,1.99265,1.90534,1.53624,1.00027,0.464298,0.0951986,0.00788743,0.229549,0.691169,1.24903,1.72943,1.98282,1.9303,1.58821,1.06308,0.518386,0.123727,0.0019738,0.191035,0.632046,1.1877,1.685,1.96911,1.95158,1.63787,1.12564,0.574376,0.155714,2.42961e-30,
0,0.155674,0.574226,1.12534,1.63744,1.95108,1.9686,1.68456,1.18739,0.631882,0.190985,0.00197329,0.123695,0.518251,1.0628,1.5878,1.9298,1.98231,1.72899,1.2487,0.69099,0.229489,0.00788538,0.0951739,0.464178,1.00001,1.53584,1.90485,1.99213,1.77053,1.30903,0.751317,0.271034,0.0177129,0.0702242,0.412219,0.937219,1.48177,1.87632,1.99805,1.80903,1.36814,0.812627,0.315456,0.0314171,0.048944,0.36258,0.874675,1.42579,1.84435,2.00002,1.84435,1.42579,0.874675,0.36258,0.048944,0.0314171,0.315456,0.812627,1.36814,1.80903,1.99805,1.87632,1.48177,0.937219,0.412219,0.0702242,0.0177129,0.271034,0.751317,1.30903,1.77053,1.99213,1.90485,1.53584,1.00001,0.464178,0.0951739,0.00788538,0.229489,0.69099,1.2487,1.72899,1.98231,1.9298,1.5878,1.0628,0.518251,0.123695,0.00197329,0.190985,0.631882,1.18739,1.68456,1.9686,1.95108,1.63744,1.12534,0.574226,0.155674,2.42961e-30,
0,0.155729,0.57443,1.12574,1.63802,1.95177,1.9693,1.68516,1.18781,0.632105,0.191053,0.00197399,0.123738,0.518435,1.06318,1.58836,1.93048,1.98301,1.7296,1.24914,0.691234,0.22957,0.00788817,0.0952076,0.464342,1.00036,1.53639,1.90552,1.99284,1.77116,1.30949,0.751584,0.27113,0.0177192,0.0702491,0.412365,0.937551,1.48229,1.87699,1.99875,1.80968,1.36862,0.812914,0.315568,0.0314283,0.0489613,0.362708,0.874985,1.4263,1.845,2.00073,1.845,1.4263,0.874985,0.362708,0.0489613,0.0314283,0.315568,0.812914,1.36862,1.80968,1.99875,1.87699,1.48229,0.937551,0.412365,0.0702491,0.0177192,0.27113,0.751584,1.30949,1.77116,1.99284,1.90552,1.53639,1.00036,0.464342,0.0952076,0.00788817,0.22957,0.691234,1.24914,1.7296,1.98301,1.93048,1.58836,1.06318,0.518435,0.123738,0.00197399,0.191053,0.632105,1.18781,1.68516,1.9693,1.95177,1.63802,1.12574,0.57443,0.155729,2.42961e-30,
0,0.155699,0.574319,1.12553,1.6377,1.95139,1.96892,1.68484,1.18758,0.631984,0.191016,0.00197361,0.123715,0.518335,1.06297,1.58806,1.93011,1.98263,1.72927,1.2489,0.691102,0.229526,0.00788665,0.0951893,0.464253,1.00017,1.53609,1.90515,1.99246,1.77082,1.30924,0.751439,0.271078,0.0177158,0.0702356,0.412285,0.93737,1.48201,1.87663,1.99837,1.80933,1.36836,0.812758,0.315507,0.0314222,0.0489519,0.362638,0.874817,1.42602,1.84464,2.00034,1.84464,1.42602,0.874817,0.362638,0.0489519,0.0314222,0.315507,0.812758,1.36836,1.80933,1.99837,1.87663,1.48201,0.93737,0.412285,0.0702356,0.0177158,0.271078,0.751439,1.30924,1.77082,1.99246,1.90515,1.53609,1.00017,0.464253,0.0951893,0.00788665,0.229526,0.691102,1.2489,1.72927,1.98263,1.93011,1.58806,1.06297,0.518335,0.123715,0.00197361,0.191016,0.631984,1.18758,1.68484,1.96892,1.95139,1.6377,1.12553,0.574319,0.155699,2.42961e-30,
0,0.155682,0.574257,1.1254,1.63753,1.95118,1.96871,1.68465,1.18746,0.631915,0.190995,0.0019734,0.123701,0.518279,1.06286,1.58789,1.9299,1.98241,1.72908,1.24877,0.691027,0.229501,0.0078858,0.095179,0.464203,1.00006,1.53592,1.90495,1.99224,1.77062,1.3091,0.751358,0.271048,0.0177139,0.0702279,0.412241,0.937269,1.48185,1.87643,1.99815,1.80913,1.36821,0.81267,0.315473,0.0314188,0.0489466,0.362599,0.874722,1.42587,1.84444,2.00013,1.84444,1.42587,0.874722,0.362599,0.0489466,0.0314188,0.315473,0.81267,1.36821,1.80913,1.99815,1.87643,1.48185,0.937269,0.412241,0.0702279,0.0177139,0.271048,0.751358,1.3091,1.77062,1.99224,1.90495,1.53592,1.00006,0.464203,0.095179,0.0078858,0.229501,0.691027,1.24877,1.72908,1.98241,1.9299,1.58789,1.06286,0.518279,0.123701,0.0019734,0.190995,0.631915,1.18746,1.68465,1.96871,1.95118,1.63753,1.1254,0.574257,0.155682,2.42961e-30,
0,0.155733,0.574447,1.12578,1.63807,1.95183,1.96936,1.68521,1.18785,0.632124,0.191058,0.00197405,0.123742,0.518451,1.06321,1.58841,1.93054,1.98307,1.72965,1.24918,0.691255,0.229577,0.00788841,0.0952104,0.464356,1.00039,1.53643,1.90558,1.9929,1.77121,1.30953,0.751606,0.271138,0.0177197,0.0702512,0.412377,0.937579,1.48234,1.87705,1.99881,1.80973,1.36866,0.812939,0.315577,0.0314292,0.0489628,0.362719,0.875011,1.42634,1.84505,2.00079,1.84505,1.42634,0.875011,0.362719,0.0489628,0.0314292,0.315577,0.812939,1.36866,1.80973,1.99881,1.87705,1.48234,0.937579,0.412377,0.0702512,0.0177197,0.271138,0.751606,1.30953,1.77121,1.9929,1.90558,1.53643,1.00039,0.464356,0.0952104,0.00788841,0.229577,0.691255,1.24918,1.72965,1.98307,1.93054,1.58841,1.06321,0.518451,0.123742,0.00197405,0.191058,0.632124,1.18785,1.68521,1.96936,1.95183,1.63807,1.12578,0.574447,0.155733,2.42961e-30,
0,0.155684,0.574266,1.12542,1.63755,1.95121,1.96874,1.68468,1.18748,0.631926,0.190998,0.00197343,0.123703,0.518288,1.06288,1.58791,1.92993,1.98245,1.72911,1.24879,0.691038,0.229505,0.00788593,0.0951805,0.46421,1.00008,1.53595,1.90498,1.99227,1.77065,1.30912,0.75137,0.271053,0.0177142,0.0702291,0.412248,0.937284,1.48187,1.87646,1.99819,1.80916,1.36823,0.812683,0.315478,0.0314193,0.0489474,0.362605,0.874737,1.42589,1.84447,2.00016,1.84447,1.42589,0.874737,0.362605,0.0489474,0.0314193,0.315478,0.812683,1.36823,1.80916,1.99819,1.87646,1.48187,0.937284,0.412248,0.0702291,0.0177142,0.271053,0.75137,1.30912,1.77065,1.99227,1.90498,1.53595,1.00008,0.46421,0.0951805,0.00788593,0.229505,0.691038,1.24879,1.72911,1.98245,1.92993,1.58791,1.06288,0.518288,0.123703,0.00197343,0.190998,0.631926,1.18748,1.68468,1.96874,1.95121,1.63755,1.12542,0.574266,0.155684,2.42961e-30,
0,0.155695,0.574307,1.1255,1.63767,1.95135,1.96888,1.6848,1.18756,0.63197,0.191012,0.00197357,0.123712,0.518324,1.06295,1.58802,1.93007,1.98259,1.72923,1.24888,0.691087,0.229521,0.00788648,0.0951872,0.464243,1.00015,1.53606,1.90511,1.99241,1.77078,1.30921,0.751423,0.271072,0.0177154,0.0702341,0.412277,0.93735,1.48198,1.87659,1.99833,1.80929,1.36833,0.812741,0.3155,0.0314216,0.0489508,0.36263,0.874798,1.42599,1.84461,2.0003,1.84461,1.42599,0.874798,0.36263,0.0489508,0.0314216,0.3155,0.812741,1.36833,1.80929,1.99833,1.87659,1.48198,0.93735,0.412277,0.0702341,0.0177154,0.271072,0.751423,1.30921,1.77078,1.99241,1.90511,1.53606,1.00015,0.464243,0.0951872,0.00788648,0.229521,0.691087,1.24888,1.72923,1.98259,1.93007,1.58802,1.06295,0.518324,0.123712,0.00197357,0.191012,0.63197,1.18756,1.6848,1.96888,1.95135,1.63767,1.1255,0.574307,0.155695,2.42961e-30,
0,0.15573,0.574436,1.12575,1.63804,1.95179,1.96932,1.68518,1.18783,0.632112,0.191055,0.00197401,0.12374,0.51844,1.06319,1.58838,1.9305,1.98303,1.72962,1.24916,0.691242,0.229573,0.00788825,0.0952086,0.464347,1.00037,1.5364,1.90554,1.99286,1.77118,1.30951,0.751591,0.271133,0.0177194,0.0702498,0.412369,0.93756,1.48231,1.87701,1.99877,1.80969,1.36864,0.812923,0.315571,0.0314286,0.0489618,0.362712,0.874994,1.42631,1.84502,2.00075,1.84502,1.42631,0.874994,0.362712,0.0489618,0.0314286,0.315571,0.812923,1.36864,1.80969,1.99877,1.87701,1.48231,0.93756,0.412369,0.0702498,0.0177194,0.271133,0.751591,1.30951,1.77118,1.99286,1.90554,1.5364,1.00037,0.464347,0.0952086,0.00788825,0.229573,0.691242,1.24916,1.72962,1.98303,1.9305,1.58838,1.06319,0.51844,0.12374,0.00197401,0.191055,0.632112,1.18783,1.68518,1.96932,1.95179,1.63804,1.12575,0.574436,0.15573,2.42961e-30,
0,0.155675,0.574231,1.12535,1.63745,1.95109,1.96862,1.68458,1.1874,0.631887,0.190986,0.00197331,0.123695,0.518255,1.06281,1.58781,1.92981,1.98232,1.729,1.24871,0.690995,0.229491,0.00788544,0.0951746,0.464181,1.00002,1.53585,1.90486,1.99215,1.77054,1.30904,0.751323,0.271036,0.0177131,0.0702247,0.412222,0.937226,1.48178,1.87634,1.99806,1.80905,1.36815,0.812633,0.315458,0.0314174,0.0489443,0.362582,0.874682,1.4258,1.84436,2.00004,1.84436,1.4258,0.874682,0.362582,0.0489443,0.0314174,0.315458,0.812633,1.36815,1.80905,1.99806,1.87634,1.48178,0.937226,0.412222,0.0702247,0.0177131,0.271036,0.751323,1.30904,1.77054,1.99215,1.90486,1.53585,1.00002,0.464181,0.0951746,0.00788544,0.229491,0.690995,1.24871,1.729,1.98232,1.92981,1.58781,1.06281,0.518255,0.123695,0.00197331,0.190986,0.631887,1.1874,1.68458,1.96862,1.95109,1.63745,1.12535,0.574231,0.155675,2.42961e-30,
0,0.155711,0.574364,1.12561,1.63783,1.95154,1.96907,1.68497,1.18768,0.632033,0.191031,0.00197376,0.123724,0.518376,1.06306,1.58818,1.93026,1.98278,1.7294,1.249,0.691155,0.229544,0.00788726,0.0951967,0.464289,1.00025,1.53621,1.9053,1.99261,1.77095,1.30934,0.751497,0.271099,0.0177172,0.070241,0.412317,0.937443,1.48212,1.87677,1.99852,1.80947,1.36847,0.812821,0.315532,0.0314247,0.0489557,0.362666,0.874885,1.42613,1.84479,2.0005,1.84479,1.42613,0.874885,0.362666,0.0489557,0.0314247,0.315532,0.812821,1.36847,1.80947,1.99852,1.87677,1.48212,0.937443,0.412317,0.070241,0.0177172,0.271099,0.751497,1.30934,1.77095,1.99261,1.9053,1.53621,1.00025,0.464289,0.0951967,0.00788726,0.229544,0.691155,1.249,1.7294,1.98278,1.93026,1.58818,1.06306,0.518376,0.123724,0.00197376,0.191031,0.632033,1.18768,1.68497,1.96907,1.95154,1.63783,1.12561,0.574364,0.155711,2.42961e-30,
0,0.15572,0.574399,1.12568,1.63793,1.95166,1.96919,1.68507,1.18775,0.632071,0.191042,0.00197388,0.123732,0.518407,1.06312,1.58828,1.93038,1.9829,1.7295,1.24908,0.691197,0.229558,0.00788774,0.0952025,0.464317,1.00031,1.5363,1.90542,1.99273,1.77106,1.30942,0.751543,0.271115,0.0177182,0.0702453,0.412343,0.9375,1.48221,1.87689,1.99865,1.80958,1.36855,0.812871,0.315551,0.0314266,0.0489587,0.362688,0.874938,1.42622,1.8449,2.00062,1.8449,1.42622,0.874938,0.362688,0.0489587,0.0314266,0.315551,0.812871,1.36855,1.80958,1.99865,1.87689,1.48221,0.9375,0.412343,0.0702453,0.0177182,0.271115,0.751543,1.30942,1.77106,1.99273,1.90542,1.5363,1.00031,0.464317,0.0952025,0.00788774,0.229558,0.691197,1.24908,1.7295,1.9829,1.93038,1.58828,1.06312,0.518407,0.123732,0.00197388,0.191042,0.632071,1.18775,1.68507,1.96919,1.95166,1.63793,1.12568,0.574399,0.15572,2.42961e-30,
