0,0.031417,0.123694,0.271032,0.464174,0.690983,0.93721,1.18738,1.42578,1.63742,1.80902,1.92978,1.99211,1.99211,1.92978,1.80902,1.63742,1.42578,1.18738,0.937209,0.690983,0.464173,0.271031,0.123693,0.0314167,1.27697e-13,0.031417,0.123694,0.271032,0.464174,0.690983,0.93721,1.18738,1.42578,1.63742,1.80902,1.92978,1.99211,1.99211,1.92978,1.80902,1.63742,1.42578,1.18738,0.937209,0.690983,0.464173,0.271031,0.123693,0.0314167,1.27697e-13,0.031417,0.123694,0.271032,0.464174,0.690983,0.93721,1.18738,1.42578,1.63742,1.80902,1.92978,1.99211,1.99211,1.92978,1.80902,1.63742,1.42578,1.18738,0.937209,0.690983,0.464173,0.271031,0.123693,0.0314167,1.27697e-13,0.031417,0.123694,0.271032,0.464174,0.690983,0.93721,1.18738,1.42578,1.63742,1.80902,1.92978,1.99211,1.99211,1.92978,1.80902,1.63742,1.42578,1.18738,0.937209,0.690983,0.464173,0.271031,0.123693,0.0314167,4.79923e-31,
0,0.0311954,0.122751,0.26871,0.459579,0.68295,0.924311,1.16799,1.39817,1.59991,1.76015,1.86851,1.91799,1.90541,1.83161,1.7014,1.52324,1.30868,1.0716,0.827356,0.59173,0.379957,0.205729,0.0803152,0.0118453,0.00479058,0.0596824,0.173083,0.337813,0.543409,0.776805,1.02316,1.26681,1.49228,1.68524,1.83344,1.92746,1.96135,1.93295,1.84406,1.70034,1.51089,1.28774,1.04506,0.798243,0.562983,0.354239,0.185318,0.0670261,0.0069937,0.00919053,0.0736756,0.196592,0.370409,0.584392,0.825274,1.07809,1.32712,1.55685,1.75299,1.90331,1.99846,2.03249,2.0033,1.91271,1.76633,1.5733,1.34562,1.09745,0.84424,0.601729,0.385003,0.207546,0.0804115,0.0115411,0.00527945,0.0621093,0.178627,0.347757,0.559192,0.80003,1.05557,1.31021,1.54842,1.75568,1.91935,2.02948,2.07939,2.06606,1.99034,1.85687,1.67379,1.45225,1.20573,0.949241,0.698354,0.468313,0.273084,0.124512,0.0316067,4.79923e-31,
0,0.0339362,0.133552,0.292414,0.50027,0.743717,1.00707,1.27338,1.52553,1.74732,1.92454,2.04586,2.10356,2.09399,2.01785,1.8801,1.68962,1.45866,1.20201,0.93609,0.677834,0.443654,0.248368,0.104261,0.020308,0.00160989,0.0490832,0.159418,0.32531,0.535941,0.777691,1.03501,1.29144,1.53061,1.73736,1.89862,2.00427,2.04776,2.02648,1.94195,1.79966,1.60872,1.38127,1.13167,0.875633,0.62916,0.407588,0.224602,0.0913917,0.0159645,0.00265886,0.051894,0.160167,0.320295,0.521886,0.752008,0.996012,1.23846,1.46408,1.65876,1.81037,1.90952,1.95016,1.9299,1.85016,1.71606,1.53605,1.32143,1.08557,0.843111,0.609039,0.397754,0.22219,0.0930157,0.0179935,0.00151172,0.0443316,0.143557,0.292828,0.482725,0.70136,0.935113,1.16948,1.38995,1.58294,1.73655,1.84138,1.89103,1.88251,1.8164,1.69684,1.53123,1.32978,1.1049,0.870396,0.640668,0.429797,0.250698,0.114328,0.029025,4.79923e-31,
0,0.030043,0.118246,0.258954,0.443155,0.659053,0.892834,1.12954,1.35404,1.55199,1.71073,1.82013,1.8732,1.86653,1.80055,1.67946,1.51098,1.30587,1.07722,0.839654,0.608397,0.398282,0.222825,0.0933627,0.0183254,0.00269958,0.0477064,0.150719,0.305425,0.50222,0.728816,0.971013,1.21359,1.44128,1.63972,1.79638,1.90132,1.94787,1.93303,1.85769,1.72653,1.54779,1.33273,1.09493,0.849439,0.611835,0.397242,0.219377,0.0896848,0.0166066,0.00504382,0.0560382,0.166698,0.330369,0.537044,0.773985,1.02651,1.27892,1.51548,1.72139,1.88375,1.99236,2.04036,2.02468,1.94623,1.80984,1.624,1.40031,1.15277,0.896872,0.648704,0.423882,0.236602,0.0987413,0.0191193,0.00293827,0.0514568,0.161906,0.327656,0.538625,0.781899,1.04254,1.30449,1.5516,1.76862,1.94211,2.06136,2.11896,2.11134,2.03896,1.90628,1.72149,1.496,1.24373,0.980265,0.72185,0.484431,0.282643,0.128922,0.0327339,4.79923e-31,
0,0.0315876,0.124329,0.272291,0.466015,0.693126,0.939128,1.18833,1.42486,1.63367,1.80147,1.91761,1.97473,1.96923,1.9015,1.77587,1.60035,1.38611,1.14678,0.897559,0.65428,0.432383,0.245945,0.10679,0.0237397,0.00206069,0.0431338,0.144371,0.299382,0.498382,0.728813,0.976135,1.22475,1.45899,1.66408,1.82711,1.93782,1.98926,1.97819,1.90533,1.77529,1.59627,1.37956,1.1388,0.889177,0.6464,0.42576,0.241154,0.104209,0.0235585,0.0042968,0.0476619,0.150957,0.307718,0.508125,0.739612,0.987666,1.23673,1.47119,1.67635,1.83935,1.94997,2.00128,1.99007,1.91704,1.78678,1.60745,1.39029,1.1489,0.898377,0.654417,0.432282,0.245869,0.106842,0.0238974,0.00222816,0.0431998,0.144268,0.299142,0.498177,0.728982,0.977192,1.22737,1.46394,1.67222,1.83926,1.95469,2.01135,2.00576,1.93827,1.8131,1.63805,1.42398,1.18419,0.933537,0.687558,0.461478,0.269277,0.122833,0.0311893,4.79923e-31,
0,0.0331723,0.130529,0.285733,0.488688,0.726203,0.982856,1.242,1.48683,1.70151,1.87217,1.98779,2.04095,2.02828,1.95063,1.81311,1.62463,1.39741,1.14613,0.886991,0.636672,0.411238,0.225116,0.0901688,0.0149402,0.00411701,0.0582397,0.17368,0.342886,0.554879,0.795969,1.05064,1.30256,1.53561,1.73493,1.88784,1.98469,2.01941,1.9899,1.89817,1.75016,1.55537,1.32623,1.0773,0.82433,0.583267,0.369244,0.195625,0.0731776,0.00940323,0.00808577,0.0690707,0.188295,0.358061,0.567539,0.803456,1.05094,1.29447,1.51881,1.71,1.8562,1.94839,1.98097,1.95202,1.86346,1.7209,1.53326,1.31221,1.07145,0.825875,0.590595,0.380062,0.207154,0.0824013,0.0133414,0.00407198,0.0550098,0.162877,0.320912,0.519298,0.745773,0.986387,1.22636,1.45099,1.64655,1.8011,1.90526,1.95271,1.94061,1.86975,1.74452,1.57258,1.36446,1.13283,0.891824,0.656089,0.439953,0.256537,0.116964,0.0296902,4.79923e-31,
0,0.0313988,0.123569,0.270564,0.462909,0.688213,0.931973,1.17851,1.41198,1.61738,1.78155,1.89397,1.94746,1.93861,1.86805,1.74031,1.56363,1.34933,1.11116,0.86437,0.624738,0.407583,0.226775,0.0938582,0.0173242,0.00207438,0.0491148,0.155496,0.314503,0.516086,0.747495,0.994091,1.24027,1.47045,1.67008,1.82651,1.92985,1.97355,1.95486,1.87496,1.73888,1.55525,1.33566,1.09401,0.845584,0.606101,0.390731,0.213132,0.0845905,0.013313,0.00390759,0.0570949,0.169663,0.334667,0.541867,0.778371,1.02944,1.27941,1.51268,1.71469,1.87282,1.97719,2.02128,2.00233,1.92153,1.78391,1.59805,1.37557,1.13034,0.877667,0.633324,0.412566,0.229184,0.0946388,0.0173525,0.00218181,0.0501194,0.158235,0.319861,0.525012,0.761008,1.01327,1.26621,1.50424,1.71267,1.87868,1.99205,2.04585,2.03678,1.96545,1.83628,1.65725,1.43938,1.19608,0.942317,0.693664,0.465382,0.271469,0.123805,0.0314318,4.79923e-31,
0,0.0310505,0.122235,0.26778,0.458476,0.682262,0.92499,1.17132,1.40569,1.6133,1.78103,1.89829,1.95768,1.95545,1.89174,1.77057,1.5996,1.38961,1.15387,0.907268,0.665374,0.443481,0.255627,0.11371,0.0267458,0.000292758,0.0361045,0.132014,0.282068,0.476897,0.704302,0.95002,1.19862,1.43446,1.64271,1.81025,1.92651,1.98417,1.97956,1.91297,1.78857,1.61418,1.40077,1.16178,0.912266,0.667947,0.444228,0.255222,0.112863,0.0261515,0.000593856,0.0378528,0.135645,0.287885,0.485068,0.714864,0.962896,1.21364,1.45138,1.66122,1.83002,1.94717,2.00533,2.00082,1.93392,1.80879,1.63326,1.41833,1.17745,0.925749,0.67901,0.452743,0.261183,0.116405,0.02756,0.000296247,0.036404,0.133699,0.286156,0.484285,0.715726,0.966023,1.21953,1.4604,1.67357,1.84569,1.96601,2.02699,2.02482,1.95964,1.83552,1.66024,1.44475,1.20253,0.948718,0.699186,0.469526,0.274083,0.125061,0.0317602,4.79923e-31,
0,0.0318946,0.125491,0.274667,0.469672,0.697771,0.94408,1.19255,1.42699,1.63218,1.79477,1.90425,1.95353,1.93947,1.86304,1.72923,1.54677,1.32752,1.08571,0.837004,0.597498,0.382674,0.20641,0.0800878,0.011866,0.00616461,0.0633861,0.179896,0.348263,0.557739,0.794956,1.04478,1.2913,1.51882,1.71286,1.8611,1.95414,1.98611,1.95501,1.86287,1.71557,1.5225,1.29593,1.05026,0.80105,0.564101,0.354407,0.185231,0.0672638,0.0079605,0.011074,0.0764282,0.199938,0.373873,0.587354,0.827034,1.07794,1.32443,1.55113,1.74393,1.89085,1.98277,2.01403,1.98271,1.89081,1.74408,1.55167,1.32553,1.07973,0.829495,0.590338,0.377057,0.202842,0.078453,0.0115702,0.00632457,0.0630516,0.178277,0.344937,0.55282,0.789198,1.03961,1.28877,1.52146,1.72353,1.88267,1.98924,2.0368,2.02251,1.94729,1.81576,1.63594,1.41879,1.17749,0.926676,0.681544,0.456922,0.266387,0.12144,0.0308242,4.79923e-31,
0,0.0336132,0.132286,0.28966,0.495601,0.736863,0.997941,1.26208,1.51234,1.73272,1.90914,2.03035,2.08868,2.08047,2.00633,1.87106,1.68337,1.45527,1.20133,0.937719,0.681195,0.448005,0.252874,0.108065,0.022604,0.00171703,0.0465107,0.153914,0.316888,0.524887,0.76454,1.02051,1.27649,1.5162,1.72448,1.88819,1.99707,2.04435,2.02717,1.94675,1.8083,1.62065,1.39568,1.1476,0.891998,0.644855,0.421559,0.235924,0.0993336,0.0200387,0.00265598,0.0478981,0.15255,0.309692,0.509151,0.738158,0.982154,1.22571,1.45351,1.65127,1.80665,1.91002,1.95502,1.93897,1.863,1.73196,1.55412,1.34065,1.10487,0.861445,0.625456,0.411475,0.232657,0.099932,0.0213356,0.00152491,0.0415009,0.138559,0.286467,0.475865,0.694853,0.929731,1.16586,1.38855,1.58399,1.7401,1.84726,1.89887,1.89183,1.82662,1.70735,1.54144,1.33918,1.11306,0.877061,0.64571,0.433252,0.252744,0.115271,0.029266,4.79923e-31,
0,0.0293248,0.115419,0.252764,0.43256,0.643293,0.871469,1.10249,1.32156,1.51467,1.66947,1.77604,1.82755,1.8207,1.7559,1.63725,1.47232,1.27163,1.04801,0.815789,0.589874,0.38481,0.213857,0.0881443,0.0159537,0.00218995,0.0480586,0.150979,0.304736,0.499867,0.724249,0.963863,1.20367,1.42858,1.6244,1.7787,1.88169,1.92676,1.91095,1.83516,1.70408,1.52592,1.3119,1.07557,0.831927,0.596516,0.384414,0.209296,0.0825598,0.0125988,0.00426263,0.0585376,0.172472,0.339347,0.549088,0.788885,1.04398,1.29861,1.53695,1.74414,1.90724,2.01598,2.06349,2.04668,1.9665,1.82785,1.63931,1.41263,1.16196,0.903,0.652021,0.424843,0.235853,0.0970984,0.0175316,0.002441,0.0531122,0.166737,0.336579,0.552381,0.801001,1.06722,1.33468,1.58692,1.80838,1.98538,2.10696,2.16558,2.15761,2.0835,1.94783,1.75894,1.52851,1.27074,1.00154,0.737514,0.494943,0.288777,0.13172,0.0334445,4.79923e-31,
0,0.0329435,0.129664,0.283973,0.485999,0.722833,0.97935,1.23919,1.48578,1.70345,1.87836,1.99943,2.05901,2.05338,1.98297,1.85232,1.66978,1.44698,1.19806,0.938807,0.685602,0.454413,0.259779,0.113889,0.0258198,0.000971543,0.0407341,0.142411,0.2994,0.501622,0.736171,0.98813,1.24152,1.48033,1.68947,1.8558,1.96888,2.02165,2.01088,1.93733,1.8057,1.62435,1.40472,1.16064,0.907454,0.661014,0.436725,0.248557,0.10818,0.0242375,0.00180719,0.042097,0.142377,0.296164,0.493635,0.722252,0.967557,1.21408,1.44632,1.64969,1.81146,1.92154,1.9731,1.96297,1.89186,1.76431,1.58835,1.37503,1.13771,0.891219,0.650916,0.431736,0.247259,0.108867,0.0250344,0.000814504,0.0375308,0.132706,0.280225,0.470729,0.6922,0.930725,1.17136,1.39906,1.59964,1.76062,1.872,1.92692,1.92202,1.85767,1.73791,1.57025,1.36512,1.13529,0.895015,0.659203,0.442455,0.258181,0.117773,0.0299045,4.79923e-31,
0,0.0321575,0.126526,0.276935,0.473553,0.703538,0.951874,1.20236,1.43866,1.64537,1.80904,1.91901,1.96816,1.9533,1.87545,1.7397,1.55493,1.33317,1.08886,0.837866,0.596497,0.380409,0.203607,0.0775375,0.0103557,0.00640097,0.0659258,0.185088,0.356207,0.568266,0.80763,1.05893,1.30604,1.53315,1.72573,1.87152,1.96123,1.9892,1.95372,1.85713,1.70564,1.50898,1.27971,1.03244,0.782886,0.546887,0.339382,0.173482,0.059641,0.00501267,0.013006,0.0830854,0.210817,0.388162,0.603991,0.844789,1.09551,1.34053,1.5646,1.75383,1.89651,1.98384,2.01049,1.97489,1.87931,1.72975,1.53551,1.30862,1.06311,0.814129,0.577019,0.366357,0.195073,0.0736642,0.00955521,0.00665243,0.0651138,0.181348,0.348243,0.555608,0.790797,1.03949,1.28656,1.517,1.71683,1.87395,1.97884,2.02521,2.01026,1.93496,1.80388,1.625,1.40916,1.16942,0.920292,0.676837,0.453765,0.264547,0.120602,0.0306115,4.79923e-31,
0,0.0318198,0.125253,0.274353,0.469631,0.698669,0.946905,1.19857,1.43768,1.64906,1.81933,1.93768,1.99666,1.99255,1.92564,1.80022,1.62425,1.40891,1.16784,0.916304,0.670192,0.445052,0.255081,0.112244,0.0255184,0.000333014,0.0382342,0.136793,0.289766,0.487491,0.717499,0.965303,1.2153,1.45177,1.65985,1.82644,1.9411,1.99663,1.98955,1.92032,1.7933,1.61649,1.401,1.16038,0.909735,0.664811,0.440988,0.252321,0.110656,0.0248846,0.000388582,0.0386993,0.137402,0.290287,0.487741,0.717348,0.964675,1.21417,1.45016,1.65781,1.82407,1.93851,1.99395,1.98691,1.91786,1.79114,1.61473,1.3997,1.15957,0.90942,0.664936,0.441457,0.252986,0.111322,0.0253175,0.000327555,0.0378777,0.135575,0.287267,0.483426,0.711758,0.957971,1.20667,1.44233,1.65024,1.81747,1.93359,1.99142,1.98737,1.92174,1.79865,1.62579,1.41393,1.17627,0.927597,0.683374,0.458776,0.26775,0.122153,0.0310191,4.79923e-31,
0,0.0303677,0.119529,0.261784,0.448044,0.66641,0.902937,1.14252,1.36987,1.57045,1.73147,1.84263,1.89683,1.89058,1.82428,1.70213,1.53191,1.32449,1.09311,0.85255,0.618218,0.405127,0.226966,0.0952142,0.0184148,0.00162714,0.0461029,0.149204,0.304565,0.502496,0.730594,0.974522,1.21892,1.44838,1.64841,1.80636,1.91223,1.9593,1.94454,1.86886,1.73698,1.55722,1.34091,1.10173,0.85479,0.615748,0.399774,0.220613,0.089719,0.0155261,0.00291795,0.0529131,0.162595,0.325291,0.530982,0.766931,1.01848,1.26996,1.50568,1.71091,1.87282,1.98126,2.02941,2.01421,1.93657,1.80128,1.61678,1.39458,1.14855,0.894118,0.647222,0.423376,0.236679,0.0989385,0.0189283,0.00184038,0.048957,0.157566,0.321126,0.52967,0.770419,1.02858,1.28824,1.5334,1.7489,1.92142,2.04029,2.09812,2.09131,2.02028,1.88938,1.7067,1.48353,1.23365,0.972521,0.716277,0.480763,0.280537,0.127972,0.0324945,4.79923e-31,
0,0.0332722,0.130923,0.286602,0.49019,0.728467,0.985975,1.24603,1.49179,1.70738,1.87889,1.99528,2.0491,2.03692,1.95962,1.82225,1.63371,1.40622,1.15445,0.894591,0.643343,0.416791,0.229396,0.0930635,0.0163875,0.00411084,0.0568353,0.170999,0.33912,0.550294,0.790904,1.0455,1.2978,1.5317,1.73236,1.88706,1.98607,2.02321,1.99625,1.90702,1.76128,1.56837,1.34053,1.0922,0.839057,0.597004,0.381204,0.205106,0.0796169,0.0124222,0.0075197,0.0649818,0.180965,0.347967,0.555309,0.789822,1.03668,1.28034,1.50551,1.69813,1.84619,1.94053,1.97537,1.94865,1.86215,1.72137,1.53515,1.31514,1.07504,0.82974,0.594401,0.383519,0.210026,0.0845005,0.0145263,0.00424019,0.0540931,0.160838,0.317747,0.515032,0.740465,0.980127,1.21927,1.44321,1.63824,1.79245,1.89646,1.94396,1.93211,1.86172,1.73712,1.56597,1.35875,1.12811,0.888115,0.653364,0.438127,0.255472,0.116478,0.0295668,4.79923e-31,
0,0.0322117,0.126771,0.277588,0.474957,0.706184,0.956412,1.20957,1.44943,1.66062,1.82963,1.94565,2.0013,1.99306,1.92151,1.79126,1.61068,1.39136,1.14732,0.89418,0.648095,0.42476,0.238397,0.100844,0.0208116,0.00333007,0.0494367,0.156119,0.316514,0.520358,0.754644,1.00446,1.25392,1.48722,1.68957,1.8482,1.95311,1.99772,1.97926,1.89898,1.76201,1.57704,1.3558,1.11226,0.861793,0.620169,0.402589,0.222721,0.0918397,0.0181291,0.00616852,0.0566534,0.166357,0.328341,0.532394,0.765678,1.01354,1.26044,1.49089,1.69049,1.84677,1.94998,1.99373,1.97532,1.89596,1.76065,1.57788,1.35906,1.11785,0.86929,0.62883,0.411411,0.230515,0.0973372,0.0200952,0.00352818,0.0486104,0.152498,0.308713,0.507548,0.736672,0.981897,1.22805,1.45993,1.66321,1.82536,1.93637,1.98943,1.98128,1.91245,1.78722,1.61333,1.4015,1.16479,0.917787,0.675681,0.453358,0.264473,0.120621,0.0306242,4.79923e-31,
0,0.0298579,0.117529,0.257432,0.440661,0.655559,0.888458,1.12455,1.34881,1.547,1.70649,1.81713,1.87189,1.86725,1.80348,1.68463,1.51821,1.31482,1.08737,0.850357,0.618903,0.407801,0.230585,0.0986684,0.0206115,0.00157747,0.0429971,0.142472,0.293921,0.487956,0.712473,0.95341,1.19564,1.4239,1.62379,1.78268,1.89049,1.94035,1.92904,1.85719,1.72929,1.55334,1.34043,1.104,0.859042,0.621109,0.405377,0.22567,0.0935859,0.0177602,0.00331393,0.0515184,0.159704,0.321414,0.526801,0.763236,1.01609,1.26967,1.50817,1.71668,1.88214,1.99413,2.0456,2.03323,1.95772,1.82372,1.63957,1.41676,1.16922,0.912472,0.662648,0.435485,0.245335,0.104274,0.021332,0.00192827,0.0475263,0.155535,0.319465,0.529326,0.772246,1.03326,1.29626,1.54497,1.76398,1.93971,2.06123,2.12099,2.11524,2.04433,1.91262,1.72827,1.5027,1.24989,0.985514,0.72596,0.487322,0.28439,0.129738,0.0329442,4.79923e-31,
0,0.0332942,0.131031,0.286913,0.490905,0.729886,0.988498,1.25014,1.49802,1.71626,1.89092,2.01084,2.0684,2.06,1.98625,1.85194,1.66572,1.43953,1.18782,0.926651,0.672615,0.44181,0.248805,0.10572,0.0214628,0.00117581,0.0459223,0.152634,0.314319,0.520522,0.758002,1.01158,1.2651,1.50247,1.70867,1.8707,1.97838,2.02502,2.00775,1.9278,1.7903,1.604,1.3807,1.13448,0.880834,0.635651,0.414252,0.230412,0.0955047,0.0177986,0.00194464,0.048699,0.154888,0.313622,0.514737,0.745445,0.991144,1.23634,1.4656,1.66457,1.82081,1.9246,1.96952,1.95288,1.87579,1.74319,1.56342,1.34777,1.10972,0.864107,0.626184,0.410692,0.230925,0.0979176,0.0197664,0.00113828,0.0429934,0.142538,0.293412,0.486091,0.708493,0.946731,1.18598,1.41139,1.60901,1.76666,1.87463,1.92632,1.91861,1.85204,1.73078,1.56236,1.35719,1.12794,0.888725,0.654268,0.438979,0.256079,0.11679,0.0296514,4.79923e-31,
0,0.0318333,0.125256,0.274173,0.468874,0.696669,0.942715,1.19099,1.42533,1.63048,1.79312,1.90267,1.95204,1.93802,1.86156,1.72765,1.54501,1.32553,1.08346,0.834523,0.594875,0.380056,0.203993,0.0781004,0.0105485,0.00574041,0.0640338,0.181722,0.351281,0.561852,0.799954,1.05035,1.29701,1.5242,1.71739,1.8643,1.95558,1.98545,1.95207,1.85762,1.70816,1.51325,1.28532,1.03887,0.789568,0.553226,0.344815,0.177517,0.0618948,0.00523522,0.0111002,0.0791143,0.204999,0.380853,0.595657,0.835977,1.08681,1.33251,1.55779,1.74867,1.89329,1.98274,2.0115,1.97785,1.88394,1.73563,1.54216,1.31554,1.0698,0.820151,0.582019,0.370106,0.197492,0.074827,0.00968919,0.00612205,0.0643931,0.180983,0.348806,0.557647,0.794793,1.04581,1.29544,1.5285,1.73083,1.89018,1.99688,2.04448,2.03011,1.95469,1.82279,1.64245,1.4246,1.18247,0.930716,0.684602,0.459027,0.26764,0.122021,0.030973,4.79923e-31,
0,0.0317094,0.124829,0.273461,0.468199,0.696725,0.944591,1.19614,1.43549,1.64753,1.81892,1.93885,1.99979,1.99794,1.93344,1.8104,1.63659,1.42297,1.18301,0.931793,0.685128,0.458509,0.266161,0.120148,0.0296172,0.000230619,0.033813,0.128241,0.277579,0.472452,0.70063,0.947802,1.19847,1.43691,1.64819,1.81906,1.93882,1.99996,1.99865,1.93497,1.81292,1.64014,1.42746,1.18821,0.937405,0.69076,0.463748,0.270601,0.123425,0.0314359,0.000380992,0.0321787,0.124798,0.272386,0.465636,0.692375,0.938324,1.188,1.42568,1.6364,1.8069,1.92643,1.98747,1.98617,1.92261,1.80081,1.62843,1.41634,1.1779,0.928112,0.682708,0.457126,0.265554,0.120032,0.0296956,0.000203226,0.0333787,0.1271,0.275438,0.46903,0.69568,0.941123,1.18993,1.42647,1.6359,1.80509,1.92346,1.98361,1.9818,1.91819,1.79679,1.62523,1.41428,1.17715,0.928673,0.684396,0.459584,0.268274,0.122409,0.0310866,4.79923e-31,
0,0.0302984,0.119234,0.261059,0.446612,0.663913,0.898939,1.13653,1.36138,1.55898,1.71662,1.82413,1.87459,1.86476,1.79524,1.67052,1.49862,1.2906,1.05985,0.821259,0.590201,0.381608,0.208987,0.0835625,0.0135568,0.00365844,0.0547202,0.1637,0.323851,0.525149,0.754928,0.998684,1.241,1.46653,1.66097,1.81197,1.90992,1.94857,1.92542,1.84191,1.70329,1.51833,1.29874,1.05845,0.812739,0.577243,0.366989,0.195435,0.0736221,0.00947393,0.00729579,0.0675003,0.18658,0.357324,0.56927,0.809353,1.06272,1.31367,1.54662,1.74706,1.90251,2.00326,2.043,2.0192,1.9333,1.7906,1.59994,1.37317,1.1244,0.869134,0.623304,0.402289,0.219955,0.0877923,0.0142054,0.00398539,0.0580095,0.173182,0.342621,0.556078,0.800567,1.06116,1.32193,1.5669,1.78104,1.95122,2.067,2.12126,2.11066,2.03584,1.90139,1.71554,1.48969,1.23768,0.974964,0.717624,0.481421,0.280809,0.12806,0.0325114,4.79923e-31,
0,0.0343134,0.135028,0.295616,0.50568,0.751632,1.01759,1.28639,1.54074,1.76428,1.94267,2.06453,2.1221,2.11179,2.03435,1.89485,1.70231,1.46912,1.21023,0.942159,0.681987,0.446208,0.249702,0.104783,0.0204268,0.00170774,0.0494924,0.160404,0.327056,0.538545,0.781158,1.03926,1.29631,1.53589,1.74279,1.90392,2.00918,2.05203,2.02992,1.94442,1.8011,1.60915,1.38079,1.13045,0.873888,0.627156,0.405605,0.222913,0.0902404,0.0155412,0.00308251,0.0532019,0.162312,0.323152,0.525264,0.755671,0.999699,1.24191,1.46705,1.66105,1.81183,1.91008,1.94981,1.92871,1.84827,1.71364,1.53334,1.31865,1.08296,0.840867,0.607301,0.396592,0.221586,0.0928605,0.0180861,0.00156783,0.0439968,0.142427,0.290473,0.478725,0.695332,0.926751,1.15858,1.37646,1.56693,1.71828,1.82125,1.86958,1.86039,1.79435,1.6756,1.5115,1.31219,1.08993,0.858357,0.631644,0.42365,0.247068,0.112658,0.0285988,4.79923e-31,
0,0.0306153,0.120482,0.26379,0.451285,0.670864,0.908364,1.14848,1.37575,1.57556,1.73507,1.84403,1.89546,1.88608,1.81651,1.69124,1.51832,1.30887,1.07634,0.835671,0.602329,0.391317,0.216224,0.0883535,0.016003,0.00393593,0.0530773,0.160454,0.319384,0.519894,0.749358,0.993293,1.23628,1.46294,1.65892,1.81179,1.91184,1.95273,1.93181,1.85039,1.7136,1.53008,1.31144,1.07154,0.82559,0.589225,0.377497,0.203932,0.0796745,0.0127833,0.00772076,0.065068,0.181484,0.34991,0.560011,0.798817,1.05154,1.30248,1.53603,1.73764,1.89473,1.99749,2.03948,2.01804,1.93446,1.79391,1.60513,1.37985,1.1321,0.877333,0.631445,0.409808,0.226307,0.0924745,0.0167729,0.0040665,0.0553155,0.167514,0.333876,0.544253,0.785763,1.04359,1.30188,1.54477,1.7573,1.92641,2.0417,2.09607,2.08619,2.01268,1.88007,1.69651,1.4733,1.22414,0.964342,0.709827,0.4762,0.277768,0.126674,0.0321597,4.79923e-31,
0,0.0310839,0.122364,0.268052,0.458915,0.682862,0.925713,1.1721,1.40643,1.6139,1.7814,1.89833,1.95733,1.95467,1.89052,1.76895,1.59763,1.3874,1.15153,0.90495,0.66324,0.441693,0.254337,0.113052,0.0268203,0.00116064,0.0377786,0.134456,0.285189,0.480556,0.708318,0.95418,1.20269,1.43822,1.64595,1.81278,1.9282,1.98493,1.97938,1.91188,1.78667,1.61162,1.39778,1.15859,0.909132,0.665127,0.441959,0.253706,0.112256,0.0265574,0.00205651,0.0403541,0.139104,0.29216,0.48996,0.720129,0.968253,1.21879,1.45603,1.66511,1.83291,1.94892,2.00585,2.00012,1.93207,1.80596,1.62968,1.41427,1.17322,0.921654,0.675349,0.449772,0.259099,0.115329,0.027528,0.00126282,0.0382447,0.136222,0.289116,0.487407,0.718726,0.968628,1.22151,1.46156,1.67378,1.84491,1.96426,2.02437,2.02149,1.9558,1.83141,1.6561,1.44083,1.19902,0.945794,0.696934,0.467961,0.273146,0.124626,0.0316488,4.79923e-31,
0,0.0327291,0.12878,0.28189,0.482079,0.716312,0.969352,1.22475,1.46594,1.67727,1.84508,1.95852,2.01031,1.99717,1.92,1.78388,1.59765,1.3734,1.12561,0.870286,0.623843,0.402109,0.219284,0.0870366,0.0137672,0.00407827,0.0584934,0.173437,0.341475,0.5518,0.79093,1.04358,1.29362,1.52515,1.72345,1.87597,1.97306,2.00865,1.98055,1.89063,1.74466,1.55196,1.32477,1.07748,0.825708,0.585331,0.371453,0.197474,0.0742499,0.00942069,0.00693802,0.0668297,0.185209,0.354531,0.564073,0.800623,1.04931,1.29454,1.52097,1.71448,1.86305,1.95745,1.9919,1.96431,1.87649,1.73397,1.54568,1.32336,1.08083,0.833157,0.595671,0.383051,0.208403,0.0824596,0.0129219,0.0039923,0.0561259,0.166014,0.326799,0.528512,0.758692,1.00316,1.24689,1.47496,1.6734,1.83013,1.93561,1.98347,1.97086,1.89862,1.77121,1.59644,1.385,1.14978,0.905089,0.665801,0.446441,0.260308,0.118679,0.030125,4.79923e-31,
0,0.0322357,0.126859,0.277752,0.47517,0.706365,0.95642,1.20921,1.44843,1.65869,1.82645,1.94092,1.99477,1.98456,1.91097,1.77878,1.59651,1.3759,1.13114,0.87796,0.632614,0.410838,0.226841,0.0923951,0.0160911,0.00278763,0.0533097,0.164403,0.328948,0.536425,0.773589,1.02532,1.27558,1.50845,1.70915,1.86494,1.96597,2.00589,1.98221,1.89652,1.75431,1.56464,1.33957,1.09336,0.841582,0.60011,0.384142,0.207231,0.0804348,0.0116326,0.00503778,0.0609455,0.175728,0.342073,0.549459,0.784819,1.03337,1.27953,1.50792,1.7043,1.85645,1.95493,1.99369,1.97036,1.88648,1.74732,1.56158,1.34083,1.09881,0.850535,0.611413,0.396253,0.218365,0.0887382,0.0153641,0.00274877,0.0516413,0.158995,0.318162,0.51931,0.750032,0.996113,1.24241,1.47378,1.67601,1.83671,1.94602,1.99726,1.98733,1.91685,1.79019,1.61514,1.40244,1.16513,0.917775,0.675506,0.453152,0.264315,0.120536,0.030601,4.79923e-31,
0,0.0308363,0.121387,0.265905,0.455221,0.677334,0.91817,1.16248,1.39479,1.6004,1.76633,1.88208,1.94035,1.93746,1.87363,1.75288,1.58287,1.37433,1.14045,0.896001,0.656442,0.43692,0.251326,0.111419,0.0260875,0.000787799,0.0372014,0.133129,0.282626,0.47638,0.702287,0.946215,1.19289,1.42684,1.63338,1.79954,1.91486,1.97205,1.96748,1.90139,1.7779,1.60474,1.39276,1.15529,0.907267,0.664335,0.441837,0.253862,0.112352,0.0263478,0.00141572,0.0392905,0.137759,0.290792,0.488919,0.719813,0.969066,1.22109,1.46009,1.67107,1.84077,1.9585,2.01683,2.01206,1.94443,1.81817,1.64116,1.42452,1.18185,0.928424,0.680183,0.452774,0.260541,0.115626,0.027204,0.000903633,0.0384551,0.13758,0.292134,0.492495,0.726163,0.978547,1.23388,1.47621,1.69039,1.86303,1.98336,2.04386,2.04077,1.97428,1.84857,1.6715,1.45413,1.21003,0.954426,0.703264,0.472194,0.275609,0.125747,0.0319329,4.79923e-31,
0,0.0312777,0.123083,0.26947,0.460961,0.685168,0.927594,1.17258,1.40429,1.6078,1.76996,1.88035,1.93185,1.92118,1.84903,1.72009,1.54267,1.32823,1.09058,0.845047,0.607445,0.393091,0.215804,0.0870277,0.0150923,0.00468356,0.0565444,0.16743,0.330321,0.534872,0.768082,1.01512,1.2603,1.48802,1.68383,1.8353,1.93283,1.97023,1.94516,1.85922,1.71788,1.53012,1.30786,1.06521,0.817562,0.580627,0.369444,0.197428,0.0755253,0.0115296,0.00959323,0.0699689,0.188995,0.359327,0.570399,0.80909,1.06055,1.30912,1.53934,1.73686,1.8894,1.98746,2.02495,1.99954,1.91282,1.77018,1.5805,1.35557,1.10938,0.857219,0.614756,0.39705,0.217628,0.0876434,0.0151955,0.00482972,0.057262,0.169337,0.334227,0.541849,0.779493,1.0326,1.28565,1.52314,1.73052,1.89506,2.0067,2.05861,2.04762,1.97441,1.84348,1.66286,1.44361,1.19916,0.944454,0.695066,0.466233,0.271925,0.124,0.0314795,4.79923e-31,
0,0.0340619,0.134045,0.293488,0.502093,0.746399,1.01065,1.27784,1.53076,1.75317,1.93082,2.05235,2.11002,2.10022,2.02366,1.88534,1.69418,1.46247,1.20507,0.938425,0.679525,0.444811,0.249119,0.104742,0.0206482,0.00192393,0.049462,0.159923,0.325967,0.536741,0.77859,1.03594,1.29231,1.53133,1.73785,1.8988,2.00409,2.0472,2.02555,1.94068,1.79811,1.60698,1.37943,1.12985,0.873934,0.6277,0.406472,0.223928,0.0912414,0.0164003,0.0037203,0.0535961,0.162498,0.323216,0.52533,0.755884,1.00021,1.24285,1.46854,1.66314,1.81453,1.91336,1.95359,1.93286,1.85263,1.71805,1.53761,1.32263,1.0865,0.84387,0.609709,0.398396,0.222828,0.0936314,0.018523,0.00184864,0.0443336,0.143056,0.291641,0.480672,0.698279,0.930878,1.16401,1.38325,1.57505,1.72763,1.83163,1.8807,1.87192,1.8059,1.68677,1.52192,1.32152,1.0979,0.864791,0.636487,0.426962,0.249031,0.113563,0.0288303,4.79923e-31,
0,0.0298259,0.117384,0.25704,0.439814,0.653953,0.885694,1.12014,1.34224,1.53771,1.694,1.80107,1.85204,1.84363,1.77639,1.6546,1.48608,1.28163,1.05437,0.818914,0.590393,0.383535,0.211706,0.0860602,0.0148265,0.00278198,0.0509433,0.156498,0.312977,0.510664,0.737205,0.978387,1.21904,1.44399,1.63903,1.79183,1.89267,1.93514,1.91646,1.83776,1.70393,1.52337,1.30745,1.06983,0.825568,0.590202,0.378765,0.204838,0.0796845,0.0115429,0.00509086,0.0611412,0.176576,0.344531,0.55481,0.794518,1.04886,1.30208,1.53842,1.74313,1.90341,2.00917,2.05373,2.03423,1.95181,1.81153,1.6221,1.39535,1.14542,0.887971,0.639155,0.414623,0.228548,0.092739,0.015902,0.00309013,0.0553853,0.169825,0.339582,0.554381,0.801135,1.06475,1.32906,1.57784,1.79578,1.96948,2.08822,2.1447,2.13541,2.06092,1.9258,1.73835,1.5101,1.25509,0.988976,0.728129,0.488574,0.285031,0.130001,0.0330067,4.79923e-31,
0,0.0320583,0.126202,0.276472,0.473358,0.704407,0.95501,1.20932,1.45128,1.66558,1.8387,1.9597,2.02096,2.0186,1.95281,1.82775,1.65135,1.43474,1.19162,0.937333,0.687922,0.45911,0.26531,0.118718,0.0285394,0.000418335,0.0360795,0.133225,0.285682,0.483798,0.715047,0.964833,1.2174,1.45685,1.6681,1.83788,1.95553,2.0137,2.00876,1.94107,1.81494,1.63831,1.42232,1.18054,0.928147,0.680961,0.454449,0.262755,0.117817,0.0286173,0.000623703,0.0354529,0.130775,0.280465,0.474995,0.702038,0.947245,1.19515,1.43014,1.63743,1.80402,1.91946,1.97654,1.97172,1.90535,1.78164,1.60838,1.39647,1.15921,0.911484,0.668805,0.446355,0.258033,0.115588,0.0278845,0.000355779,0.0346643,0.128603,0.276236,0.468275,0.692661,0.935323,1.18106,1.41448,1.62099,1.78767,1.90412,1.96307,1.96085,1.89761,1.77733,1.60753,1.39883,1.16427,0.91852,0.676922,0.454571,0.265352,0.121077,0.0307483,4.79923e-31,
0,0.0321926,0.126656,0.277191,0.473922,0.703954,0.952217,1.20246,1.43833,1.6444,1.80723,1.91623,1.96431,1.94837,1.86952,1.73294,1.54758,1.32556,1.08135,0.830834,0.590296,0.37533,0.199853,0.0752028,0.00941428,0.00670991,0.0672386,0.187078,0.3585,0.570476,0.809399,1.05996,1.30612,1.53217,1.72371,1.86855,1.95751,1.98498,1.94929,1.85276,1.70159,1.50543,1.27678,1.03015,0.781207,0.545712,0.338574,0.172887,0.0591177,0.00444694,0.0123295,0.0822831,0.209927,0.387268,0.603204,0.844233,1.0953,1.34074,1.56526,1.7549,1.89788,1.98535,2.01193,1.97603,1.87994,1.72968,1.53463,1.3069,1.06064,0.811082,0.573657,0.363014,0.192129,0.0715059,0.00854286,0.00708528,0.0672024,0.185194,0.35383,0.5628,0.799354,1.04908,1.29681,1.5275,1.72717,1.88378,1.98788,2.03322,2.01713,1.94062,1.80837,1.6284,1.41161,1.17109,0.921362,0.677471,0.454106,0.264708,0.120663,0.0306252,4.79923e-31,
0,0.0326436,0.128489,0.281416,0.481665,0.716467,0.970855,1.22863,1.47338,1.68953,1.86336,1.98382,2.04329,2.03801,1.96836,1.83879,1.65757,1.43624,1.18887,0.931146,0.679424,0.449633,0.256287,0.111562,0.0245257,0.00057138,0.0410813,0.14335,0.300767,0.503239,0.737841,0.989641,1.24265,1.48082,1.6891,1.85435,1.96617,2.01757,2.00537,1.93043,1.79755,1.61517,1.39484,1.15045,0.89739,0.651552,0.428326,0.241644,0.103105,0.0212481,0.00103029,0.043525,0.145867,0.301448,0.500336,0.729918,0.975689,1.22217,1.45387,1.65627,1.81672,1.92522,1.97504,1.96315,1.89035,1.76127,1.58404,1.36976,1.13185,0.885131,0.644981,0.426319,0.242702,0.10548,0.0230932,0.000557172,0.0391533,0.136359,0.286015,0.478714,0.702391,0.943078,1.18577,1.41537,1.61761,1.77991,1.89223,1.94761,1.94264,1.87766,1.75674,1.58739,1.38016,1.14791,0.905051,0.666653,0.447487,0.261132,0.119124,0.0302483,4.79923e-31,
0,0.0298797,0.117607,0.257574,0.440835,0.655686,0.888412,1.12416,1.34791,1.54538,1.70401,1.81367,1.86738,1.86171,1.79701,1.67738,1.51044,1.3068,1.07945,0.842891,0.61222,0.40219,0.226264,0.0957607,0.0191387,0.00145479,0.0440413,0.144417,0.29644,0.490686,0.715043,0.955467,1.19687,1.42407,1.62274,1.78033,1.88685,1.93551,1.92315,1.85048,1.722,1.54574,1.33281,1.09664,0.852191,0.61501,0.400227,0.221625,0.0907566,0.0162116,0.00306271,0.0525353,0.161916,0.324709,0.531033,0.768231,1.02165,1.27558,1.51419,1.72259,1.8877,1.99914,2.04985,2.03657,1.96002,1.82492,1.63967,1.41582,1.16738,0.909952,0.659719,0.432462,0.242556,0.102075,0.0200253,0.0017799,0.0487344,0.158214,0.323636,0.534913,0.779085,1.04112,1.30484,1.55395,1.77303,1.94852,2.06953,2.12856,2.12192,2.05002,1.91729,1.73195,1.50547,1.25188,0.986856,0.72681,0.487815,0.284643,0.129842,0.0329688,4.79923e-31,
0,0.032943,0.129639,0.283832,0.485552,0.721771,0.977248,1.23552,1.47997,1.69487,1.86646,1.98373,2.03921,2.02939,1.95498,1.8208,1.63553,1.41106,1.16183,0.903772,0.653401,0.426681,0.238032,0.0994095,0.0195433,0.00339181,0.0518352,0.161631,0.325633,0.533256,0.771167,1.02413,1.27601,1.51077,1.71351,1.8714,1.9745,2.01636,1.99443,1.9102,1.76912,1.58017,1.35538,1.10896,0.856472,0.613786,0.396122,0.217073,0.08776,0.0161456,0.006541,0.0593509,0.171062,0.334477,0.539179,0.772199,1.01883,1.26357,1.49106,1.68708,1.83943,1.93866,1.97864,1.95699,1.87515,1.73829,1.55502,1.33678,1.09717,0.851071,0.613729,0.399808,0.222482,0.0926316,0.0181733,0.00358343,0.0496295,0.153333,0.308165,0.504456,0.730004,0.970828,1.21204,1.43875,1.637,1.79459,1.90187,1.95229,1.94278,1.87398,1.75018,1.579,1.37099,1.13894,0.897071,0.660213,0.442859,0.258293,0.117784,0.0299012,4.79923e-31,
0,0.0327118,0.128723,0.281805,0.482032,0.716433,0.969838,1.22586,1.46797,1.68055,1.84991,1.96516,2.01892,2.00778,1.93252,1.79804,1.61304,1.38947,1.14172,0.885713,0.63789,0.414123,0.228721,0.0935049,0.0170627,0.00420159,0.0556513,0.168028,0.33406,0.543065,0.781635,1.03451,1.28553,1.51871,1.71923,1.87438,1.97437,2.01293,1.98771,1.90043,1.7567,1.56572,1.33962,1.09274,0.84068,0.59931,0.38379,0.207604,0.0817155,0.0138924,0.00822857,0.0649016,0.180176,0.346651,0.55374,0.788344,1.03568,1.28022,1.50664,1.70082,1.85065,1.94687,1.98354,1.95848,1.87334,1.73349,1.5477,1.32756,1.08675,0.84022,0.603221,0.39039,0.214843,0.0873662,0.0157585,0.00435768,0.0537809,0.160897,0.319029,0.518372,0.746605,0.989651,1.23255,1.46037,1.65914,1.81668,1.92336,1.9727,1.96171,1.89111,1.76528,1.59195,1.38174,1.14752,0.903614,0.664898,0.445934,0.260057,0.118579,0.0301016,4.79923e-31,
0,0.0302191,0.118944,0.260505,0.445858,0.663173,0.898584,1.13708,1.36345,1.56328,1.72384,1.83491,1.88943,1.88393,1.81877,1.6981,1.52959,1.32398,1.09433,0.855278,0.622038,0.409483,0.231191,0.0985891,0.0202295,0.00125012,0.0430451,0.143173,0.295506,0.490609,0.716328,0.958555,1.20211,1.4317,1.63287,1.79294,1.90178,1.95249,1.9418,1.87031,1.74247,1.56629,1.35283,1.11555,0.869424,0.630045,0.412616,0.231001,0.0968488,0.0188544,0.00219973,0.0482205,0.154312,0.314083,0.517748,0.752733,1.00446,1.25725,1.49532,1.70376,1.8695,1.98211,2.03445,2.02319,1.94894,1.81631,1.63354,1.41207,1.16577,0.910117,0.661204,0.434735,0.245046,0.104195,0.0212032,0.00148551,0.0465028,0.153665,0.316489,0.524998,0.766346,1.02562,1.28677,1.5336,1.75081,1.92493,2.04515,2.10402,2.09787,2.0271,1.89609,1.71298,1.48912,1.23837,0.976277,0.719059,0.482635,0.281629,0.12847,0.0326209,4.79923e-31,
0,0.032229,0.126855,0.277832,0.475517,0.707292,0.958372,1.21275,1.45421,1.66739,1.83871,1.9573,2.01562,2.01,1.94083,1.81253,1.63331,1.41456,1.17021,0.915776,0.66741,0.440854,0.250456,0.108256,0.0232275,0.000709713,0.0420763,0.144651,0.301884,0.503766,0.737472,0.988175,1.23999,1.47696,1.68412,1.84838,1.95938,2.01015,1.99754,1.92239,1.78949,1.6073,1.38732,1.14346,0.891095,0.646091,0.423828,0.23822,0.10084,0.0202065,0.00125067,0.0450216,0.148629,0.305434,0.505479,0.736118,0.98282,1.23008,1.46239,1.66521,1.82587,1.93436,1.98395,1.97158,1.89808,1.76809,1.58976,1.37426,1.13505,0.887056,0.645743,0.426138,0.2419,0.104477,0.0223855,0.000694068,0.0407042,0.139876,0.291989,0.487536,0.714313,0.958189,1.20398,1.43639,1.64099,1.80508,1.91849,1.97421,1.96881,1.90265,1.77987,1.60811,1.39804,1.16268,0.91664,0.675154,0.453176,0.264444,0.120632,0.0306309,4.79923e-31,
0,0.0324156,0.127533,0.279108,0.477196,0.708811,0.958782,1.21075,1.44825,1.65577,1.8198,1.92968,1.9783,1.96257,1.88356,1.7465,1.56036,1.33727,1.09176,0.83976,0.597608,0.380962,0.203802,0.0775334,0.0102554,0.00625213,0.0657269,0.184801,0.355774,0.567629,0.806749,1.0578,1.3047,1.53168,1.72426,1.87019,1.96021,1.98865,1.95375,1.85781,1.70698,1.51092,1.28212,1.03513,0.785655,0.549495,0.3416,0.175104,0.0605045,0.00500882,0.0120913,0.0812865,0.20823,0.384942,0.600344,0.840953,1.09174,1.33707,1.56168,1.7516,1.89508,1.98326,2.01071,1.9758,1.88076,1.73155,1.53745,1.31053,1.06484,0.815573,0.578119,0.367104,0.195496,0.0738164,0.00949419,0.00642414,0.064736,0.180798,0.347451,0.554458,0.789137,1.03715,1.28336,1.5128,1.71153,1.86753,1.97137,2.01682,2.0012,1.92552,1.79444,1.61594,1.40085,1.16218,0.914349,0.672313,0.450647,0.26269,0.119743,0.0303915,4.79923e-31,
0,0.0321849,0.126694,0.277523,0.475096,0.706876,0.958164,1.21303,1.45534,1.66975,1.84271,1.9633,2.02394,2.02081,1.95416,1.82822,1.65099,1.43367,1.19,0.935369,0.685843,0.457149,0.263689,0.117627,0.0281265,0.000771261,0.0372191,0.1351,0.28817,0.486712,0.718148,0.967843,1.22002,1.45878,1.66905,1.83761,1.95385,2.01049,2.00399,1.93481,1.80735,1.62967,1.41298,1.17092,0.91874,0.672266,0.446959,0.256916,0.113993,0.0270593,0.00145335,0.0386506,0.136182,0.287798,0.48387,0.711999,0.957802,1.20581,1.44046,1.64701,1.81255,1.92672,1.9824,1.97616,1.90841,1.78344,1.60911,1.39636,1.15851,0.910428,0.667632,0.445268,0.257196,0.11511,0.0278175,0.000690671,0.0353341,0.12949,0.277185,0.469104,0.693179,0.935343,1.18041,1.41304,1.61867,1.78445,1.90002,1.95819,1.95535,1.89171,1.77127,1.6016,1.3933,1.15939,0.914475,0.673818,0.452419,0.264064,0.120479,0.0305951,4.79923e-31,
0,0.0296643,0.116746,0.255639,0.437408,0.650364,0.880824,1.11398,1.33487,1.5293,1.68481,1.79141,1.84227,1.83411,1.76746,1.64657,1.47918,1.27601,1.0501,0.815931,0.588563,0.382645,0.211489,0.0862234,0.0150765,0.00285088,0.050609,0.1556,0.311426,0.508445,0.734372,0.975058,1.21538,1.44019,1.63529,1.78833,1.88957,1.93255,1.91445,1.83633,1.70304,1.52295,1.30742,1.07007,0.825984,0.590698,0.37926,0.205271,0.0800191,0.0117634,0.00520462,0.0611768,0.176582,0.344574,0.554973,0.794897,1.04956,1.30321,1.54008,1.74542,1.90638,2.01286,2.05813,2.03928,1.95738,1.81745,1.62818,1.40133,1.15106,0.89305,0.643479,0.418055,0.231021,0.0942628,0.0165631,0.00304839,0.0548636,0.169093,0.338935,0.554117,0.801527,1.06602,1.33138,1.58127,1.8003,1.97498,2.09453,2.15157,2.14256,2.06806,1.93264,1.74464,1.51563,1.25971,0.992631,0.730819,0.490375,0.286077,0.130477,0.033127,4.79923e-31,
0,0.0341173,0.134263,0.293963,0.502903,0.7476,1.01228,1.2799,1.53325,1.75607,1.93408,2.05592,2.11384,2.10422,2.02777,1.88947,1.69825,1.46639,1.20875,0.941769,0.682432,0.447187,0.250884,0.105841,0.0210657,0.00168874,0.0486569,0.158688,0.324499,0.535289,0.77744,1.0354,1.29269,1.53291,1.74086,1.90341,2.01037,2.05513,2.03499,1.95142,1.80984,1.6193,1.39191,1.14201,0.885287,0.637775,0.414843,0.230232,0.0952071,0.0178598,0.00262168,0.0500069,0.156602,0.315303,0.515781,0.745146,0.988773,1.23122,1.45721,1.65257,1.80512,1.90541,1.94732,1.92839,1.84996,1.71707,1.53813,1.32436,1.0891,0.846974,0.612937,0.401394,0.225283,0.0952934,0.0192113,0.00145753,0.0428296,0.14047,0.288061,0.476228,0.693127,0.925189,1.15796,1.377,1.56876,1.72143,1.82565,1.87505,1.86668,1.80114,1.68255,1.51827,1.31846,1.09543,0.862885,0.635105,0.426044,0.248499,0.113322,0.0287691,4.79923e-31,
0,0.0311766,0.122682,0.268574,0.459386,0.68274,0.924154,1.16798,1.39843,1.60057,1.76134,1.87033,1.9205,1.90863,1.83549,1.70584,1.52806,1.31366,1.07651,0.831944,0.595789,0.383325,0.208313,0.0821107,0.0129388,0.00535776,0.0599766,0.173417,0.33853,0.544857,0.779302,1.02696,1.2721,1.49912,1.69359,1.84317,1.93834,1.97308,1.94521,1.85651,1.71263,1.52272,1.29885,1.05523,0.807308,0.570817,0.360756,0.190461,0.0707587,0.0092921,0.0100402,0.0730719,0.194544,0.366942,0.579561,0.819172,1.07086,1.31895,1.54799,1.74374,1.89402,1.98948,2.02422,1.99608,1.90683,1.76203,1.57068,1.34468,1.09805,0.846116,0.604511,0.388239,0.21074,0.0830641,0.0131892,0.00553195,0.0606762,0.175339,0.342577,0.55221,0.791457,1.04571,1.29945,1.53717,1.74435,1.90834,2.01913,2.06995,2.05772,1.98319,1.85092,1.669,1.44853,1.20296,0.947261,0.697025,0.467492,0.272636,0.124318,0.031559,4.79923e-31,
0,0.0311047,0.122449,0.268248,0.459276,0.68345,0.926596,1.17335,1.40812,1.61609,1.78413,1.90164,1.96123,1.95914,1.89553,1.77442,1.60345,1.39344,1.15762,0.910866,0.66874,0.446504,0.258168,0.11561,0.0278279,0.000378371,0.0350306,0.129656,0.278364,0.471866,0.69806,0.942788,1.19072,1.42633,1.63482,1.80313,1.92067,1.98006,1.97754,1.91323,1.79115,1.61892,1.40735,1.16972,0.920948,0.676686,0.452321,0.262009,0.117791,0.0288299,0.00082953,0.0356718,0.131289,0.281787,0.477808,0.707114,0.955355,1.20697,1.44616,1.65789,1.82885,1.94826,2.00859,2.00601,1.94067,1.81664,1.6417,1.42685,1.1856,0.933141,0.685356,0.457857,0.264981,0.118887,0.0287953,0.000403068,0.0355254,0.131982,0.283737,0.481281,0.71223,0.962108,1.21526,1.45581,1.66872,1.84063,1.96082,2.02175,2.01965,1.95464,1.83082,1.65595,1.44098,1.19935,0.946186,0.697304,0.468253,0.273336,0.124719,0.0316732,4.79923e-31,
0,0.0317686,0.125021,0.27373,0.468292,0.696147,0.942593,1.19174,1.42751,1.63474,1.80006,1.91283,1.96581,1.95559,1.88284,1.75225,1.57227,1.35447,1.11291,0.863118,0.621179,0.402649,0.221572,0.0895805,0.0151506,0.00306292,0.0541011,0.165007,0.328696,0.534717,0.769923,1.01932,1.267,1.49722,1.69534,1.84876,1.94777,1.98611,1.96138,1.87519,1.73306,1.54404,1.32014,1.07558,0.825856,0.586779,0.37347,0.199405,0.075577,0.00979993,0.00622931,0.0651055,0.182747,0.35179,0.561654,0.799214,1.04963,1.29727,1.52669,1.7236,1.87577,1.97375,2.01149,1.98668,1.90091,1.75953,1.57138,1.34815,1.10372,0.853267,0.612324,0.395819,0.217161,0.0874037,0.0145754,0.00318253,0.0539395,0.163731,0.325809,0.530212,0.764385,1.01395,1.26359,1.49799,1.70279,1.86545,1.97602,2.02772,2.0174,1.94572,1.81707,1.63935,1.42344,1.18258,0.931516,0.685622,0.459941,0.268275,0.122343,0.0310596,4.79923e-31,
0,0.0331747,0.130539,0.285761,0.488751,0.726328,0.98308,1.24237,1.48741,1.70236,1.87336,1.98938,2.043,2.03082,1.95369,1.81667,1.62864,1.40178,1.15072,0.891606,0.641081,0.415175,0.228294,0.0922958,0.0157392,0.00334551,0.0557135,0.169299,0.33666,0.546946,0.786605,1.04026,1.29168,1.52486,1.72496,1.87934,1.97826,2.01554,1.98894,1.90024,1.75517,1.56298,1.33589,1.08826,0.835739,0.594202,0.378805,0.203008,0.0777407,0.0107232,0.00599132,0.063658,0.179921,0.347314,0.555193,0.790407,1.03814,1.28282,1.50913,1.70295,1.85219,1.94763,1.98339,1.95735,1.87123,1.7305,1.54399,1.32335,1.08231,0.835838,0.599167,0.386887,0.21203,0.0852737,0.0142923,0.00329443,0.0527787,0.159519,0.31678,0.514745,0.741131,0.98195,1.22237,1.44762,1.6439,1.79923,1.90414,1.95228,1.94077,1.87037,1.74546,1.5737,1.36562,1.13394,0.892778,0.656841,0.440484,0.256857,0.117113,0.0297285,4.79923e-31,
0,0.0308791,0.121553,0.266257,0.455799,0.678142,0.919174,1.1636,1.39593,1.60141,1.76704,1.88231,1.93991,1.93619,1.87139,1.74959,1.57853,1.36904,1.13442,0.889542,0.649957,0.430888,0.246268,0.107861,0.0245154,0.00160174,0.0406718,0.13936,0.291532,0.487668,0.715467,0.960619,1.20771,1.4412,1.64637,1.81032,1.9227,1.97642,1.96808,1.8982,1.77115,1.59492,1.3806,1.14169,0.893251,0.650956,0.430114,0.2447,0.10647,0.0242263,0.00325457,0.0449921,0.146933,0.302785,0.502858,0.734674,0.983748,1.23449,1.4712,1.67903,1.84494,1.9585,2.01256,2.00373,1.93251,1.80338,1.62439,1.40677,1.16417,0.911784,0.665465,0.440679,0.251555,0.110002,0.0249593,0.00183882,0.0421859,0.143581,0.299789,0.501152,0.735184,0.987354,1.24199,1.48325,1.69612,1.86735,1.98627,2.04547,2.04126,1.97389,1.84755,1.67008,1.45254,1.20847,0.953043,0.702154,0.471401,0.275125,0.12552,0.0318743,4.79923e-31,
0,0.0306624,0.120676,0.264251,0.452157,0.672322,0.910609,1.15172,1.3802,1.5814,1.74241,1.85293,1.90589,1.89789,1.82946,1.70498,1.53244,1.32289,1.08977,0.848023,0.613146,0.400217,0.222922,0.0926848,0.0179392,0.0035918,0.0507083,0.156444,0.314223,0.514153,0.743657,0.988269,1.23255,1.46109,1.65943,1.81505,1.91809,1.96205,1.94411,1.86539,1.73085,1.54895,1.3312,1.09133,0.844536,0.606432,0.39213,0.215261,0.0871199,0.0159542,0.00643915,0.0593806,0.171658,0.336417,0.543493,0.780046,1.03137,1.28179,1.51569,1.71845,1.87738,1.98253,2.02728,2.00881,1.92823,1.79056,1.60437,1.38128,1.13523,0.88161,0.63628,0.414611,0.230514,0.0955779,0.0183462,0.00378777,0.0529845,0.163061,0.327361,0.535855,0.775764,1.03235,1.28983,1.53234,1.74495,1.91454,2.03066,2.08615,2.07757,2.00545,1.87423,1.69199,1.46995,1.22178,0.96277,0.70885,0.475643,0.277487,0.126561,0.032133,4.79923e-31,
0,0.0341085,0.134222,0.293853,0.502664,0.747144,1.01149,1.27863,1.53134,1.75335,1.9304,2.05113,2.10786,2.09703,2.01943,1.88013,1.68816,1.45589,1.19824,0.931692,0.673264,0.439377,0.244825,0.101833,0.0192856,0.00217134,0.0512831,0.163185,0.330449,0.542152,0.784583,1.04213,1.2983,1.53675,1.74232,1.90205,2.00591,2.04747,2.02425,1.9379,1.79402,1.60183,1.37354,1.12357,0.867648,0.621777,0.401258,0.21972,0.0882692,0.0148122,0.00357414,0.0548562,0.165037,0.32682,0.529713,0.760704,1.00509,1.2474,1.47237,1.66593,1.81599,1.91328,1.95185,1.92946,1.84765,1.71168,1.53016,1.31445,1.07803,0.83554,0.601973,0.391676,0.217496,0.0899919,0.016794,0.00214874,0.0466732,0.147336,0.297659,0.488137,0.706828,0.940105,1.1735,1.39259,1.58389,1.73567,1.83865,1.8866,1.87666,1.80951,1.68937,1.52366,1.32258,1.09846,0.865015,0.636518,0.426911,0.248968,0.113524,0.0288187,4.79923e-31,
