0,0.00197327,0.0078853,0.0177127,0.0314168,0.0489435,0.0702235,0.0951729,0.123693,0.155672,0.190983,0.229487,0.271031,0.315453,0.362576,0.412215,0.464173,0.518246,0.574221,0.631875,0.690983,0.75131,0.812619,0.874667,0.937209,1,1.06279,1.12533,1.18738,1.24869,1.30902,1.36812,1.42578,1.48175,1.53583,1.58779,1.63742,1.68455,1.72897,1.77051,1.80902,1.84433,1.87631,1.90483,1.92978,1.95106,1.96858,1.98229,1.99211,1.99803,2,1.99803,1.99211,1.98229,1.96858,1.95106,1.92978,1.90483,1.87631,1.84433,1.80902,1.77051,1.72897,1.68455,1.63742,1.58779,1.53583,1.48175,1.42578,1.36812,1.30902,1.24869,1.18738,1.12533,1.06279,1,0.937209,0.874667,0.812619,0.75131,0.690983,0.631875,0.574221,0.518246,0.464173,0.412215,0.362576,0.315453,0.271031,0.229487,0.190983,0.155672,0.123693,0.0951729,0.0702235,0.0489435,0.0314168,0.0177127,0.0078853,0.00197327,2.99952e-32,
0,0.00215205,0.00859862,0.019311,0.0342417,0.0533243,0.0764742,0.103589,0.134548,0.169214,0.207435,0.249042,0.293851,0.341665,0.392274,0.445457,0.500981,0.558603,0.618073,0.679131,0.741514,0.804953,0.869172,0.933898,0.998852,1.06376,1.12834,1.19233,1.25545,1.31744,1.37805,1.43701,1.4941,1.54908,1.60172,1.65182,1.69917,1.7436,1.78492,1.82299,1.85766,1.8888,1.91629,1.94006,1.96001,1.97607,1.98822,1.99641,2.00063,2.00088,1.99718,1.98956,1.97807,1.96278,1.94376,1.9211,1.8949,1.86529,1.83239,1.79635,1.7573,1.71542,1.67088,1.62385,1.57452,1.52308,1.46973,1.41469,1.35815,1.30034,1.24148,1.18177,1.12146,1.06075,0.999878,0.939061,0.878524,0.818486,0.759165,0.700775,0.643526,0.587624,0.53327,0.480656,0.429971,0.381394,0.335099,0.291248,0.249997,0.21149,0.175864,0.143244,0.113743,0.0874665,0.0645047,0.0449384,0.0288359,0.0162532,0.00723411,0.0018101,2.99952e-32,
0,0.00200208,0.00800044,0.0179715,0.0318759,0.049659,0.0712505,0.0965652,0.125503,0.157949,0.193775,0.232839,0.274985,0.320045,0.367841,0.418181,0.470863,0.525678,0.582405,0.640817,0.700679,0.761751,0.823786,0.886535,0.949744,1.01316,1.07652,1.13958,1.20208,1.26376,1.32439,1.3837,1.44147,1.49747,1.55146,1.60324,1.65259,1.69932,1.74324,1.78418,1.82197,1.85648,1.88756,1.91509,1.93898,1.95911,1.97544,1.98788,1.9964,2.00096,2.00157,1.99821,1.99091,1.97971,1.96464,1.94579,1.92322,1.89703,1.86733,1.83424,1.7979,1.75844,1.71604,1.67086,1.62308,1.57289,1.52048,1.46607,1.40986,1.35208,1.29295,1.23271,1.17158,1.10981,1.04763,0.98528,0.923009,0.861053,0.799652,0.739041,0.679455,0.621123,0.564268,0.509111,0.455863,0.404729,0.355905,0.309579,0.26593,0.225125,0.187322,0.152665,0.121288,0.0933111,0.0688429,0.0479773,0.0307946,0.017361,0.00772844,0.00193398,2.99952e-32,
0,0.00179238,0.00716347,0.0160951,0.028557,0.0445071,0.0638914,0.0866442,0.112688,0.141936,0.174287,0.209631,0.247848,0.288807,0.332368,0.37838,0.426685,0.477115,0.529494,0.583641,0.639364,0.696467,0.754748,0.813998,0.874007,0.934556,0.995428,1.0564,1.11725,1.17774,1.23767,1.29679,1.35489,1.41175,1.46715,1.52087,1.5727,1.62244,1.66989,1.71486,1.75717,1.79664,1.8331,1.8664,1.8964,1.92296,1.94596,1.9653,1.98088,1.99262,2.00047,2.00436,2.00426,2.00016,1.99206,1.97997,1.96392,1.94396,1.92016,1.89259,1.86136,1.82658,1.78839,1.74691,1.70233,1.6548,1.60453,1.5517,1.49654,1.43927,1.38012,1.31933,1.25716,1.19387,1.12972,1.06499,0.999937,0.934847,0.869996,0.80566,0.742116,0.679637,0.618492,0.558945,0.501255,0.445672,0.392439,0.341787,0.293938,0.249102,0.207473,0.169236,0.134559,0.103592,0.0764736,0.0533219,0.034239,0.019309,0.00859753,0.00215175,2.99952e-32,
0,0.00194433,0.00776966,0.017453,0.0309561,0.0482256,0.0691932,0.093776,0.121877,0.153385,0.188176,0.226112,0.267044,0.310811,0.35724,0.40615,0.457348,0.510634,0.5658,0.62263,0.680902,0.74039,0.800862,0.862084,0.923818,0.985825,1.04786,1.1097,1.17109,1.2318,1.29159,1.35024,1.40752,1.4632,1.51709,1.56896,1.61862,1.66587,1.71055,1.75246,1.79146,1.82738,1.8601,1.88947,1.9154,1.93776,1.95648,1.97148,1.98269,1.99008,1.99359,1.99323,1.98897,1.98084,1.96886,1.95307,1.93352,1.91028,1.88345,1.85312,1.81939,1.7824,1.74229,1.69921,1.65332,1.6048,1.55383,1.50062,1.44537,1.3883,1.32963,1.26959,1.20842,1.14637,1.08367,1.02059,0.957377,0.894281,0.831562,0.769472,0.708266,0.648192,0.589498,0.532425,0.477207,0.424073,0.373243,0.324927,0.279328,0.236635,0.197027,0.16067,0.127715,0.0983027,0.0725554,0.0505823,0.0324759,0.018313,0.00815356,0.00204056,2.99952e-32,
0,0.00210999,0.00843074,0.0189347,0.0335761,0.0522913,0.0749991,0.101601,0.131982,0.166011,0.203542,0.244413,0.288449,0.335461,0.385249,0.437601,0.492294,0.549095,0.607765,0.668056,0.729714,0.792478,0.856087,0.920273,0.98477,1.04931,1.11362,1.17743,1.24049,1.30254,1.36331,1.42256,1.48005,1.53554,1.58882,1.63966,1.68786,1.73323,1.77559,1.81478,1.85064,1.88303,1.91184,1.93694,1.95826,1.97571,1.98923,1.99878,2.00434,2.00589,2.00343,1.997,1.98662,1.97236,1.95427,1.93245,1.90699,1.87801,1.84563,1.80998,1.77123,1.72953,1.68506,1.638,1.58853,1.53687,1.48321,1.42778,1.37078,1.31245,1.25301,1.19269,1.13172,1.07034,1.00877,0.94726,0.886029,0.825308,0.76532,0.706286,0.648422,0.591938,0.537037,0.483917,0.432765,0.383764,0.337086,0.292894,0.251342,0.212573,0.176721,0.143908,0.114246,0.0878358,0.0647657,0.0451133,0.0289443,0.0163126,0.00726003,0.0018165,2.99952e-32,
0,0.0020786,0.00830578,0.0186557,0.0330852,0.0515342,0.0739257,0.100166,0.130146,0.163739,0.200806,0.24119,0.284722,0.33122,0.380488,0.43232,0.486498,0.542795,0.600976,0.660795,0.722004,0.784346,0.847561,0.911385,0.975554,1.0398,1.10386,1.16746,1.23035,1.29226,1.35295,1.41216,1.46965,1.5252,1.57857,1.62955,1.67795,1.72356,1.76621,1.80573,1.84198,1.8748,1.90408,1.9297,1.95159,1.96964,1.98381,1.99405,2.00033,2.00263,2.00095,1.99532,1.98577,1.97235,1.95512,1.93415,1.90956,1.88143,1.84989,1.81508,1.77714,1.73622,1.6925,1.64615,1.59735,1.54631,1.49322,1.43828,1.38173,1.32377,1.26463,1.20454,1.14372,1.08242,1.02085,0.959253,0.897861,0.836902,0.776603,0.717189,0.658879,0.601888,0.546427,0.492699,0.440901,0.391222,0.343845,0.298941,0.256674,0.217198,0.180656,0.147181,0.116895,0.0899075,0.0663164,0.0462075,0.0296539,0.0167159,0.00744062,0.00186186,2.99952e-32,
0,0.00182599,0.00729732,0.0163941,0.0290835,0.0453196,0.0650437,0.0881847,0.114659,0.144372,0.177217,0.213075,0.251817,0.293305,0.337389,0.383911,0.432704,0.483591,0.53639,0.59091,0.646955,0.704321,0.762802,0.822184,0.882252,0.942787,1.00357,1.06437,1.12498,1.18516,1.24469,1.30336,1.36093,1.41721,1.47196,1.525,1.5761,1.62508,1.67175,1.71591,1.75741,1.79606,1.83172,1.86423,1.89346,1.91929,1.9416,1.96029,1.97528,1.98648,1.99385,1.99733,1.99689,1.99252,1.98422,1.97201,1.9559,1.93595,1.91223,1.88481,1.85378,1.81925,1.78136,1.74023,1.69602,1.6489,1.59905,1.54667,1.49196,1.43515,1.37645,1.31611,1.25437,1.19149,1.12773,1.06336,0.99864,0.933854,0.869276,0.80518,0.741843,0.679538,0.618536,0.559103,0.501498,0.445974,0.392777,0.34214,0.294289,0.249435,0.20778,0.169507,0.134788,0.103779,0.0766174,0.0534258,0.0343076,0.0193484,0.00861533,0.00215624,2.99952e-32,
0,0.00187547,0.00749527,0.0168395,0.0298752,0.0465558,0.066822,0.0906012,0.117808,0.148346,0.182103,0.218957,0.258776,0.301414,0.346715,0.394513,0.444632,0.496888,0.551086,0.607027,0.6645,0.723291,0.783179,0.843939,0.90534,0.967151,1.02913,1.09105,1.15267,1.21375,1.27406,1.33336,1.39141,1.448,1.5029,1.5559,1.60677,1.65533,1.70137,1.74471,1.78518,1.82261,1.85685,1.88775,1.91519,1.93906,1.95924,1.97566,1.98824,1.99693,2.00168,2.00246,1.99928,1.99212,1.98102,1.96601,1.94714,1.92449,1.89814,1.86818,1.83473,1.79793,1.7579,1.71482,1.66884,1.62015,1.56894,1.51542,1.45979,1.40229,1.34313,1.28257,1.22083,1.15818,1.09487,1.03115,0.967286,0.903534,0.840156,0.777413,0.71556,0.654853,0.59554,0.537867,0.482072,0.428384,0.377028,0.328215,0.282148,0.239019,0.199009,0.162283,0.128996,0.0992878,0.0732821,0.0510886,0.032801,0.0184963,0.00823517,0.00206098,2.99952e-32,
0,0.00207035,0.00827243,0.0185794,0.0329467,0.0513124,0.0735977,0.0997069,0.129529,0.162935,0.199785,0.239922,0.283176,0.329365,0.378293,0.429757,0.48354,0.539417,0.597158,0.656521,0.717261,0.779127,0.841865,0.905216,0.968923,1.03272,1.09636,1.15957,1.2221,1.28371,1.34413,1.40312,1.46046,1.51591,1.56926,1.62028,1.66878,1.71458,1.75748,1.79732,1.83395,1.86723,1.89703,1.92323,1.94575,1.96449,1.9794,1.99041,1.99749,2.00062,1.9998,1.99503,1.98634,1.97378,1.9574,1.93727,1.91348,1.88613,1.85532,1.8212,1.78389,1.74355,1.70034,1.65444,1.60602,1.55528,1.50242,1.44764,1.39117,1.33323,1.27403,1.21382,1.15282,1.09126,1.0294,0.967461,0.905684,0.844306,0.78356,0.723676,0.664882,0.607399,0.551444,0.497225,0.444946,0.3948,0.346974,0.301644,0.258977,0.21913,0.182247,0.148464,0.117903,0.0906743,0.0668759,0.0465933,0.0298992,0.0168531,0.00750128,0.00187697,2.99952e-32,
0,0.00214447,0.00856867,0.0192449,0.0341272,0.0531512,0.0762343,0.103277,0.13416,0.168751,0.206898,0.248435,0.293181,0.34094,0.391504,0.444652,0.500153,0.557765,0.617236,0.678309,0.740719,0.804196,0.868465,0.933251,0.998276,1.06326,1.12793,1.19201,1.25523,1.31733,1.37804,1.43712,1.49432,1.5494,1.60216,1.65236,1.69982,1.74435,1.78578,1.82393,1.85869,1.8899,1.91747,1.94129,1.96129,1.9774,1.98957,1.99777,2.00199,2.00223,1.9985,1.99085,1.97931,1.96395,1.94485,1.9221,1.89581,1.86609,1.83308,1.79691,1.75774,1.71573,1.67106,1.6239,1.57444,1.52288,1.46943,1.41428,1.35765,1.29976,1.24082,1.18106,1.1207,1.05996,0.99907,0.93825,0.877721,0.817703,0.758413,0.700063,0.642862,0.587014,0.532717,0.480163,0.42954,0.381023,0.334786,0.29099,0.249788,0.211327,0.17574,0.143152,0.113679,0.0874226,0.0644768,0.0449218,0.0288269,0.0162489,0.00723248,0.00180974,2.99952e-32,
0,0.00184726,0.00738224,0.0165846,0.0294208,0.0458439,0.0657942,0.0891991,0.115974,0.146021,0.179233,0.215488,0.254656,0.296595,0.341154,0.388171,0.437475,0.488889,0.542226,0.597291,0.653884,0.711798,0.770823,0.83074,0.891331,0.952372,1.01364,1.0749,1.13592,1.19649,1.25637,1.31534,1.37316,1.42963,1.48452,1.53763,1.58874,1.63765,1.68418,1.72813,1.76933,1.80761,1.84282,1.8748,1.90343,1.92858,1.95014,1.968,1.9821,1.99236,1.99872,2.00115,1.99962,1.99413,1.98468,1.97129,1.95401,1.93289,1.90801,1.87944,1.8473,1.81171,1.77278,1.73069,1.68558,1.63763,1.58703,1.53399,1.47871,1.42142,1.36234,1.30173,1.23982,1.17688,1.11316,1.04893,0.98445,0.919999,0.855845,0.792256,0.729502,0.667848,0.607556,0.548881,0.492074,0.437377,0.385023,0.335236,0.288229,0.244203,0.203347,0.165835,0.131828,0.101472,0.0748963,0.0522149,0.0335243,0.0189041,0.00841668,0.00210639,2.99952e-32,
0,0.00186041,0.00743511,0.0167045,0.029636,0.0461838,0.0662892,0.0898805,0.116873,0.147171,0.180664,0.217232,0.256742,0.29905,0.344003,0.391435,0.441173,0.493034,0.546827,0.602351,0.659401,0.717766,0.777225,0.837558,0.898538,0.959933,1.02151,1.08305,1.14429,1.20503,1.26501,1.32401,1.38181,1.43818,1.49289,1.54575,1.59654,1.64506,1.69112,1.73454,1.77514,1.81277,1.84726,1.87849,1.90632,1.93064,1.95134,1.96834,1.98156,1.99094,1.99645,1.99804,1.9957,1.98944,1.97926,1.96521,1.94732,1.92566,1.9003,1.87133,1.83887,1.80303,1.76395,1.72176,1.67665,1.62876,1.5783,1.52546,1.47044,1.41347,1.35476,1.29455,1.23308,1.1706,1.10737,1.04363,0.979651,0.915696,0.852027,0.788908,0.726603,0.665373,0.605474,0.54716,0.490679,0.436271,0.384169,0.334597,0.287769,0.243889,0.203146,0.16572,0.131773,0.101456,0.0749029,0.0522308,0.0335408,0.0189164,0.00842312,0.00210816,2.99952e-32,
0,0.00199438,0.00796933,0.0179003,0.0317468,0.0494523,0.0709448,0.0961374,0.124928,0.157201,0.192827,0.231662,0.273551,0.318328,0.365813,0.415818,0.468143,0.522582,0.578919,0.63693,0.696386,0.757053,0.81869,0.881053,0.943897,1.00697,1.07003,1.13282,1.1951,1.25661,1.31712,1.37639,1.43417,1.49024,1.54438,1.59637,1.646,1.69308,1.73741,1.77883,1.81716,1.85226,1.88397,1.91218,1.93677,1.95764,1.97472,1.98792,1.9972,2.00253,2.00387,2.00123,1.99461,1.98405,1.96958,1.95127,1.92919,1.90343,1.8741,1.8413,1.80518,1.76589,1.72357,1.6784,1.63057,1.58026,1.52768,1.47304,1.41655,1.35845,1.29896,1.23833,1.17678,1.11458,1.05195,0.989163,0.92645,0.864062,0.802244,0.741238,0.681281,0.622606,0.565442,0.510008,0.456518,0.405178,0.356184,0.309721,0.265966,0.225085,0.187232,0.152547,0.121161,0.0931901,0.0687378,0.0478942,0.0307359,0.0173255,0.0077118,0.00192969,2.99952e-32,
0,0.00218782,0.00874168,0.0196328,0.034813,0.0542153,0.0777535,0.105323,0.136802,0.172048,0.210906,0.253201,0.298745,0.347334,0.39875,0.452765,0.509137,0.567616,0.62794,0.689843,0.75305,0.817282,0.882256,0.947687,1.01329,1.07878,1.14387,1.20829,1.27175,1.334,1.39476,1.45378,1.51082,1.56564,1.61802,1.66776,1.71464,1.7585,1.79916,1.83646,1.87028,1.90048,1.92696,1.94964,1.96843,1.98329,1.99418,2.00106,2.00395,2.00284,1.99777,1.98877,1.97591,1.95925,1.93888,1.91491,1.88745,1.85661,1.82255,1.7854,1.74533,1.70251,1.6571,1.60931,1.55931,1.5073,1.4535,1.3981,1.34132,1.28338,1.22449,1.16487,1.10474,1.04431,0.98382,0.923471,0.863484,0.80407,0.745439,0.687796,0.631342,0.576273,0.522778,0.471042,0.421242,0.373549,0.328125,0.285124,0.244693,0.20697,0.172081,0.140147,0.111274,0.0855611,0.0630962,0.0439555,0.0282044,0.015897,0.00707556,0.00177043,2.99952e-32,
0,0.0019135,0.00764624,0.0171751,0.0304617,0.047453,0.0680811,0.0922641,0.119906,0.150899,0.185121,0.222437,0.262703,0.305763,0.351449,0.399586,0.449988,0.502463,0.55681,0.612821,0.670284,0.728981,0.788689,0.849182,0.910232,0.97161,1.03308,1.09442,1.15539,1.21577,1.27532,1.33382,1.39106,1.44682,1.50087,1.55303,1.60309,1.65086,1.69615,1.7388,1.77863,1.81548,1.84922,1.87971,1.90683,1.93046,1.9505,1.96687,1.97949,1.98831,1.99328,1.99437,1.99156,1.98486,1.97427,1.95983,1.94158,1.91958,1.89391,1.86465,1.83192,1.79582,1.75649,1.71409,1.66876,1.6207,1.57007,1.51709,1.46195,1.40488,1.3461,1.28585,1.22438,1.16192,1.09875,1.03511,0.971271,0.907493,0.844041,0.781179,0.71917,0.658273,0.598743,0.540832,0.484782,0.430831,0.379207,0.330127,0.2838,0.240421,0.200175,0.16323,0.129745,0.0998597,0.0737006,0.0513777,0.0329848,0.0185991,0.00828058,0.00207229,2.99952e-32,
0,0.00183083,0.00731734,0.0164415,0.0291732,0.0454702,0.065278,0.0885302,0.115148,0.145042,0.178109,0.214236,0.253298,0.29516,0.339675,0.386687,0.436031,0.48753,0.541,0.59625,0.653079,0.71128,0.770641,0.830942,0.89196,0.953467,1.01523,1.07702,1.1386,1.19974,1.26019,1.31972,1.37811,1.43512,1.49053,1.54412,1.59567,1.64497,1.69183,1.73605,1.77745,1.81587,1.85113,1.88309,1.91162,1.93658,1.95788,1.97542,1.9891,1.99888,2.0047,2.00653,2.00434,1.99815,1.98796,1.9738,1.95573,1.93381,1.90812,1.87876,1.84583,1.80947,1.76983,1.72704,1.68129,1.63275,1.58163,1.52812,1.47244,1.41481,1.35548,1.29468,1.23265,1.16966,1.10596,1.04182,0.977485,0.913236,0.849333,0.786043,0.723625,0.66234,0.602442,0.544181,0.487799,0.433533,0.381608,0.332242,0.285644,0.242007,0.201518,0.164345,0.130647,0.100567,0.0742319,0.0517543,0.0332303,0.0187393,0.00834365,0.00208818,2.99952e-32,
0,0.00193648,0.00773809,0.0173814,0.0308277,0.0480232,0.0688993,0.0933732,0.121348,0.152714,0.187348,0.225114,0.265865,0.309443,0.355678,0.404392,0.455397,0.508497,0.563486,0.620154,0.678284,0.737653,0.798034,0.859194,0.920901,0.982918,1.04501,1.10693,1.16845,1.22934,1.28934,1.34825,1.40582,1.46184,1.51609,1.56836,1.61844,1.66614,1.71127,1.75366,1.79313,1.82953,1.86271,1.89254,1.9189,1.94167,1.96077,1.97612,1.98764,1.99528,1.99901,1.9988,1.99466,1.98658,1.97459,1.95873,1.93906,1.91565,1.88858,1.85796,1.8239,1.78653,1.74601,1.70247,1.6561,1.60707,1.55559,1.50185,1.44607,1.38847,1.32928,1.26875,1.20711,1.14461,1.08151,1.01807,0.954534,0.891172,0.828238,0.76599,0.704681,0.644562,0.585876,0.528864,0.473758,0.420781,0.370149,0.322067,0.27673,0.23432,0.195009,0.158954,0.1263,0.0971763,0.0716995,0.0499705,0.0320749,0.0180832,0.00804997,0.00201444,2.99952e-32,
0,0.00221152,0.00883632,0.019845,0.0351887,0.0547988,0.0785876,0.106448,0.138256,0.173866,0.213118,0.255836,0.301825,0.350877,0.402769,0.457268,0.514127,0.573088,0.633885,0.696244,0.759886,0.824525,0.889872,0.955637,1.02153,1.08726,1.15254,1.21708,1.28061,1.34285,1.40355,1.46244,1.51927,1.57383,1.62587,1.67521,1.72163,1.76496,1.80504,1.84172,1.87486,1.90435,1.93008,1.95199,1.96999,1.98405,1.99412,2.0002,2.00229,2.00041,1.99459,1.98487,1.97133,1.95403,1.93308,1.90857,1.88063,1.84938,1.81496,1.77752,1.73723,1.69424,1.64874,1.6009,1.55093,1.49901,1.44534,1.39012,1.33358,1.2759,1.21732,1.15803,1.09826,1.03822,0.978117,0.918172,0.858592,0.799584,0.741354,0.684103,0.628028,0.573322,0.520173,0.468762,0.419265,0.371851,0.326682,0.283913,0.24369,0.20615,0.171423,0.139629,0.110876,0.0852648,0.0628839,0.0438114,0.0281141,0.0158471,0.00705362,0.00176498,2.99952e-32,
0,0.00194309,0.00776456,0.0174412,0.0309344,0.0481909,0.0691426,0.0937072,0.121788,0.153277,0.188049,0.225971,0.266895,0.310662,0.357104,0.406041,0.457283,0.510635,0.565889,0.622833,0.681247,0.740906,0.80158,0.863034,0.925031,0.987332,1.0497,1.11188,1.17364,1.23474,1.29495,1.35402,1.41173,1.46784,1.52215,1.57444,1.6245,1.67213,1.71714,1.75937,1.79863,1.83478,1.86766,1.89715,1.92312,1.94548,1.96412,1.97897,1.98997,1.99707,2.00024,1.99946,1.99473,1.98607,1.9735,1.95707,1.93684,1.91289,1.88531,1.85421,1.8197,1.78192,1.74101,1.69715,1.65049,1.60123,1.54956,1.49568,1.43981,1.38217,1.32299,1.2625,1.20096,1.13859,1.07566,1.01242,0.949123,0.88602,0.823367,0.761417,0.700418,0.640619,0.582258,0.525572,0.47079,0.418131,0.367808,0.320024,0.27497,0.232828,0.193766,0.15794,0.125493,0.0965558,0.0712418,0.0496515,0.0318702,0.0179677,0.00799858,0.00200158,2.99952e-32,
0,0.00185528,0.00741489,0.0166601,0.0295595,0.046069,0.0661319,0.0896788,0.116628,0.146885,0.180343,0.216884,0.256378,0.298683,0.343649,0.39111,0.440897,0.492826,0.546707,0.602341,0.659523,0.718039,0.777671,0.838195,0.899382,0.961,1.02282,1.08459,1.14609,1.20708,1.26732,1.32657,1.38461,1.44121,1.49614,1.54919,1.60015,1.64882,1.695,1.73851,1.77917,1.81681,1.8513,1.88247,1.91021,1.9344,1.95494,1.97174,1.98474,1.99386,1.99907,2.00035,1.99768,1.99106,1.98051,1.96607,1.94779,1.92574,1.89999,1.87064,1.8378,1.80159,1.76216,1.71965,1.67423,1.62607,1.57536,1.5223,1.46709,1.40996,1.35113,1.29084,1.22932,1.16682,1.1036,1.03991,0.976004,0.91215,0.848607,0.785637,0.7235,0.662454,0.602753,0.544649,0.488384,0.434196,0.382315,0.332962,0.286349,0.242674,0.202127,0.164884,0.131106,0.100941,0.074522,0.0519649,0.03337,0.0188201,0.00838027,0.00209745,2.99952e-32,
0,0.00186286,0.00744425,0.0167227,0.0296626,0.0462147,0.0663162,0.0898912,0.116851,0.147095,0.180511,0.216974,0.25635,0.298493,0.343248,0.390451,0.43993,0.491503,0.544983,0.600174,0.656875,0.714879,0.773976,0.833948,0.894578,0.955642,1.01692,1.07817,1.13919,1.19974,1.25959,1.31853,1.37632,1.43275,1.4876,1.54067,1.59174,1.64061,1.6871,1.73101,1.77217,1.81041,1.84557,1.8775,1.90607,1.93115,1.95262,1.9704,1.98438,1.99451,2.00073,2.00299,2.00128,1.99558,1.98589,1.97225,1.9547,1.93328,1.90808,1.87918,1.84668,1.81072,1.77142,1.72894,1.68345,1.63512,1.58414,1.53073,1.4751,1.41747,1.35809,1.29719,1.23504,1.17188,1.10799,1.04363,0.979073,0.914587,0.850444,0.786915,0.724269,0.662768,0.602672,0.544235,0.487701,0.433309,0.381287,0.331852,0.285211,0.241559,0.201076,0.16393,0.130275,0.10025,0.0739764,0.0515627,0.0330997,0.0186621,0.00830806,0.00207908,2.99952e-32,
0,0.00220827,0.00882331,0.0198157,0.0351365,0.0547169,0.078469,0.106286,0.138042,0.173592,0.212777,0.255418,0.301322,0.350279,0.402069,0.456455,0.513191,0.572021,0.63268,0.694894,0.758386,0.822871,0.888062,0.953673,1.01941,1.08499,1.15013,1.21455,1.27797,1.34011,1.40073,1.45956,1.51637,1.57092,1.62299,1.67238,1.71889,1.76234,1.80256,1.83941,1.87275,1.90247,1.92846,1.95063,1.96893,1.98329,1.99369,2.00009,2.00251,2.00096,1.99545,1.98605,1.97281,1.9558,1.93511,1.91084,1.88311,1.85205,1.81779,1.78048,1.74027,1.69735,1.65187,1.60404,1.55403,1.50204,1.44828,1.39295,1.33626,1.27844,1.21968,1.16021,1.10025,1.04002,0.979723,0.919585,0.859818,0.800631,0.742231,0.684823,0.628605,0.57377,0.520507,0.468998,0.419419,0.371938,0.326717,0.283908,0.243656,0.206099,0.171364,0.139567,0.110818,0.0852136,0.0628422,0.04378,0.0280927,0.0158345,0.00704785,0.00176352,2.99952e-32,
0,0.00201259,0.00804158,0.0180609,0.0320272,0.0498808,0.0715454,0.096929,0.125924,0.158409,0.194248,0.233292,0.275378,0.320333,0.367973,0.418101,0.470514,0.525,0.581337,0.6393,0.698655,0.759165,0.82059,0.882686,0.945207,1.00791,1.07054,1.13286,1.19462,1.25558,1.3155,1.37416,1.43132,1.48676,1.54027,1.59164,1.64067,1.68717,1.73097,1.77188,1.80977,1.84447,1.87586,1.90382,1.92823,1.949,1.96605,1.97932,1.98874,1.99429,1.99594,1.99368,1.98753,1.9775,1.96362,1.94597,1.92459,1.89957,1.87101,1.83902,1.80372,1.76525,1.72376,1.6794,1.63235,1.5828,1.53094,1.47697,1.4211,1.36356,1.30456,1.24435,1.18317,1.12124,1.05883,0.996165,0.933508,0.871104,0.8092,0.748042,0.687872,0.628928,0.571445,0.515649,0.461762,0.409995,0.360553,0.313631,0.269412,0.22807,0.189766,0.154651,0.122859,0.0945141,0.0697259,0.0485894,0.0311854,0.0175804,0.0078257,0.00195825,2.99952e-32,
0,0.00186741,0.00746359,0.0167702,0.0297567,0.04638,0.0665844,0.0903018,0.117452,0.147941,0.181665,0.218506,0.258334,0.30101,0.346381,0.394284,0.444546,0.496985,0.551407,0.607612,0.66539,0.724526,0.784795,0.845969,0.907815,0.970093,1.03256,1.09498,1.15711,1.21869,1.27949,1.33926,1.39776,1.45477,1.51004,1.56336,1.61451,1.66328,1.70947,1.75289,1.79336,1.83071,1.8648,1.89547,1.9226,1.94609,1.96582,1.98172,1.99371,2.00176,2.00582,2.00588,2.00193,1.99399,1.98208,1.96626,1.94659,1.92314,1.896,1.8653,1.83114,1.79366,1.75302,1.70937,1.66289,1.61376,1.56218,1.50836,1.4525,1.39483,1.33559,1.275,1.2133,1.15075,1.0876,1.02409,0.96048,0.897025,0.83398,0.771598,0.71013,0.649824,0.590924,0.533669,0.478291,0.425015,0.37406,0.325633,0.279934,0.237151,0.19746,0.161028,0.128005,0.0985302,0.072727,0.0507044,0.0325559,0.018359,0.0081743,0.0020458,2.99952e-32,
0,0.00181096,0.00723709,0.0162582,0.028841,0.0449393,0.0644942,0.0874346,0.113678,0.143129,0.175682,0.211221,0.249619,0.29074,0.334437,0.380556,0.428933,0.479398,0.531771,0.585868,0.641497,0.698461,0.756557,0.815579,0.875318,0.935558,0.996083,1.05668,1.11712,1.17719,1.23667,1.29533,1.35297,1.40937,1.46431,1.51759,1.569,1.61834,1.66543,1.71007,1.75208,1.7913,1.82756,1.86071,1.89062,1.91714,1.94016,1.95958,1.97529,1.98723,1.99532,1.9995,1.99976,1.99605,1.98838,1.97676,1.96121,1.94177,1.91851,1.89149,1.86082,1.82659,1.78893,1.74797,1.70388,1.65682,1.60697,1.55453,1.49971,1.44273,1.38383,1.32323,1.26121,1.198,1.13389,1.06915,1.00404,0.938852,0.873864,0.809359,0.745616,0.682915,0.621529,0.561728,0.503776,0.447929,0.394432,0.343523,0.295427,0.250356,0.20851,0.170073,0.135216,0.104092,0.0768375,0.0535721,0.0343976,0.0193974,0.0086365,0.00216144,2.99952e-32,
0,0.00218384,0.00872587,0.0195974,0.0347508,0.0541191,0.0776164,0.105138,0.136562,0.171747,0.210535,0.252753,0.298212,0.346705,0.398017,0.451916,0.50816,0.566498,0.626668,0.688402,0.751425,0.815459,0.88022,0.945425,1.01079,1.07602,1.14085,1.205,1.26818,1.33014,1.39062,1.44936,1.50613,1.56068,1.61282,1.66232,1.709,1.75267,1.79317,1.83036,1.86409,1.89425,1.92074,1.94346,1.96235,1.97736,1.98844,1.99557,1.99875,1.99799,1.99331,1.98475,1.97236,1.95622,1.93641,1.91301,1.88615,1.85594,1.82251,1.78601,1.74658,1.7044,1.65962,1.61243,1.56301,1.51156,1.45828,1.40336,1.34702,1.28946,1.2309,1.17156,1.11164,1.05138,0.990989,0.930681,0.870674,0.811182,0.752417,0.694586,0.637893,0.582539,0.528719,0.476621,0.426428,0.378316,0.332456,0.289007,0.248124,0.20995,0.174621,0.142261,0.112987,0.0869018,0.0641004,0.0446644,0.0286644,0.0161586,0.0071927,0.00179985,2.99952e-32,
0,0.0020331,0.00812356,0.0182451,0.0323541,0.0503904,0.0722772,0.0979221,0.127217,0.160039,0.196252,0.235706,0.278237,0.32367,0.37182,0.422489,0.475472,0.530552,0.587509,0.646111,0.706123,0.767303,0.829408,0.892188,0.955392,1.01877,1.08206,1.14503,1.20741,1.26896,1.32944,1.3886,1.44621,1.50205,1.55588,1.6075,1.65671,1.7033,1.74709,1.7879,1.82559,1.85999,1.89097,1.91841,1.94219,1.96223,1.97844,1.99077,1.99916,2.00357,2.004,2.00045,1.99292,1.98146,1.9661,1.94692,1.92399,1.8974,1.86727,1.83372,1.79688,1.75691,1.71396,1.66823,1.61988,1.56911,1.51614,1.46117,1.40442,1.34613,1.28653,1.22584,1.16432,1.10221,1.03976,0.977197,0.914782,0.852754,0.791355,0.73082,0.671384,0.613273,0.556709,0.501906,0.449069,0.398398,0.35008,0.304294,0.261208,0.22098,0.183756,0.149668,0.11884,0.0913814,0.0673879,0.0469442,0.030121,0.0169766,0.00755574,0.00189052,2.99952e-32,
0,0.00194038,0.00775456,0.0174215,0.0309061,0.048159,0.0691166,0.0937012,0.121821,0.153371,0.188233,0.226274,0.26735,0.311303,0.357967,0.40716,0.458693,0.512366,0.567971,0.62529,0.684099,0.744167,0.805259,0.867132,0.929544,0.992245,1.05499,1.11753,1.17961,1.24098,1.30142,1.36066,1.41848,1.47464,1.52893,1.58112,1.63102,1.67841,1.72311,1.76495,1.80377,1.83939,1.8717,1.90056,1.92586,1.94749,1.96539,1.97947,1.98969,1.99601,1.9984,1.99686,1.9914,1.98204,1.96882,1.95179,1.93102,1.90659,1.87861,1.84718,1.81242,1.77447,1.73348,1.68961,1.64302,1.59391,1.54245,1.48886,1.43333,1.37608,1.31734,1.25733,1.19629,1.13444,1.07204,1.00933,0.946555,0.883956,0.821783,0.760282,0.699696,0.640266,0.58223,0.525819,0.471261,0.418776,0.368577,0.320869,0.275847,0.233696,0.19459,0.158693,0.126153,0.0971073,0.0716788,0.0499749,0.0320883,0.0180956,0.00805713,0.00201649,2.99952e-32,
0,0.00176065,0.00703635,0.0158084,0.0280461,0.0437067,0.0627359,0.0850679,0.110626,0.139323,0.171061,0.205732,0.243218,0.283393,0.32612,0.371256,0.418647,0.468133,0.519547,0.572713,0.627451,0.683573,0.740887,0.799195,0.858295,0.917983,0.978047,1.03828,1.09846,1.15838,1.21781,1.27655,1.33438,1.39109,1.44645,1.50026,1.55232,1.60243,1.65037,1.69597,1.73905,1.77941,1.8169,1.85135,1.88261,1.91055,1.93503,1.95593,1.97316,1.98662,1.99624,2.00194,2.0037,2.00146,1.99522,1.98497,1.97074,1.95256,1.93047,1.90455,1.87488,1.84156,1.80471,1.76446,1.72097,1.6744,1.62493,1.57277,1.51811,1.46118,1.40222,1.34147,1.27918,1.21563,1.15107,1.0858,1.02009,0.954225,0.888501,0.823205,0.758625,0.69505,0.632763,0.572044,0.513164,0.456389,0.401975,0.350167,0.301199,0.255294,0.212657,0.173481,0.137943,0.106203,0.0784036,0.0546684,0.0351038,0.0197966,0.00881456,0.00220605,2.99952e-32,
0,0.00212343,0.00848499,0.0190583,0.0337994,0.0526465,0.0755202,0.102324,0.132944,0.167249,0.205094,0.246315,0.290735,0.338164,0.388395,0.441213,0.496388,0.553683,0.612849,0.67363,0.735764,0.798983,0.863015,0.927585,0.992416,1.05723,1.12176,1.18572,1.24884,1.31087,1.37154,1.43061,1.48782,1.54295,1.59577,1.64608,1.69367,1.73835,1.77996,1.81833,1.85333,1.88482,1.91269,1.93684,1.95719,1.97368,1.98626,1.99489,1.99956,2.00027,1.99703,1.98988,1.97885,1.96402,1.94545,1.92323,1.89747,1.86828,1.83578,1.80012,1.76145,1.71992,1.67571,1.62899,1.57994,1.52876,1.47565,1.42081,1.36446,1.3068,1.24806,1.18844,1.12819,1.0675,1.00662,0.945759,0.885142,0.824988,0.765515,0.706939,0.649469,0.593314,0.538675,0.485748,0.434724,0.385786,0.339111,0.294867,0.253215,0.214305,0.178279,0.145268,0.115395,0.0887672,0.0654849,0.0456343,0.0292896,0.0165122,0.00735049,0.0018394,2.99952e-32,
0,0.00207868,0.00830518,0.0186511,0.0330697,0.0514959,0.0738474,0.100025,0.129912,0.163378,0.200277,0.240448,0.283718,0.329902,0.378802,0.430212,0.483913,0.539682,0.597286,0.656485,0.717036,0.778689,0.841192,0.904291,0.967731,1.03125,1.09461,1.15754,1.21979,1.28112,1.34128,1.40004,1.45716,1.51242,1.56561,1.61651,1.66494,1.71069,1.75359,1.79348,1.8302,1.86362,1.8936,1.92002,1.9428,1.96184,1.97707,1.98843,1.99589,1.99942,1.999,1.99464,1.98637,1.97422,1.95823,1.93848,1.91505,1.88804,1.85754,1.82369,1.78663,1.74649,1.70345,1.65768,1.60935,1.55866,1.50582,1.45102,1.3945,1.33647,1.27717,1.21682,1.15566,1.09393,1.03188,0.969745,0.907764,0.846178,0.785224,0.725137,0.666146,0.608475,0.552344,0.497962,0.445536,0.395259,0.347318,0.301891,0.259144,0.219232,0.182301,0.148483,0.117898,0.0906566,0.0668532,0.0465715,0.0298818,0.0168417,0.00749569,0.00187549,2.99952e-32,
0,0.00199116,0.00795729,0.0178762,0.0317109,0.0494093,0.0709044,0.0961143,0.124942,0.157278,0.192995,0.231955,0.274006,0.318983,0.366708,0.416992,0.469637,0.524433,0.58116,0.639591,0.699493,0.760623,0.822736,0.88558,0.948902,1.01244,1.07595,1.13916,1.20182,1.26368,1.32448,1.38397,1.44193,1.4981,1.55226,1.60421,1.65371,1.70059,1.74464,1.78569,1.82359,1.85817,1.88931,1.91688,1.94078,1.96091,1.9772,1.9896,1.99805,2.00253,2.00303,1.99955,1.99212,1.98077,1.96555,1.94654,1.92381,1.89746,1.8676,1.83435,1.79786,1.75826,1.71573,1.67043,1.62253,1.57225,1.51976,1.46528,1.40903,1.35122,1.29208,1.23183,1.17072,1.10898,1.04684,0.984544,0.922334,0.860447,0.79912,0.738587,0.679079,0.620825,0.564045,0.508959,0.455775,0.404697,0.355922,0.309635,0.266015,0.225229,0.187435,0.15278,0.121397,0.0934082,0.0689239,0.0480397,0.0308381,0.0173872,0.00774067,0.00193713,2.99952e-32,
0,0.00174754,0.00698388,0.0156904,0.0278361,0.0433785,0.062263,0.0844241,0.109785,0.138259,0.169747,0.204143,0.24133,0.28118,0.32356,0.368326,0.415327,0.464404,0.515391,0.568117,0.622403,0.678066,0.734916,0.792759,0.851399,0.910634,0.97026,1.03007,1.08985,1.1494,1.20851,1.26695,1.32453,1.38103,1.43624,1.48997,1.542,1.59213,1.64018,1.68596,1.72927,1.76995,1.80783,1.84273,1.87452,1.90305,1.92819,1.94981,1.96781,1.98209,1.99257,1.99918,2.00187,2.00059,1.99532,1.98605,1.97279,1.95557,1.93443,1.90943,1.88064,1.84816,1.8121,1.77258,1.72976,1.68379,1.63485,1.58314,1.52885,1.47221,1.41345,1.35282,1.29057,1.22697,1.1623,1.09682,1.03084,0.964646,0.898525,0.832778,0.767699,0.703583,0.640722,0.579402,0.519903,0.462498,0.407451,0.355015,0.305432,0.258929,0.215722,0.176009,0.139973,0.107779,0.0795752,0.0554904,0.0356342,0.0200968,0.00894861,0.00223965,2.99952e-32,
0,0.00206837,0.00826525,0.0185659,0.032929,0.0512964,0.0735936,0.0997292,0.129596,0.163071,0.200015,0.240275,0.283682,0.330055,0.3792,0.43091,0.484968,0.541145,0.599205,0.658903,0.719989,0.782204,0.845287,0.908974,0.972997,1.03709,1.10099,1.16442,1.22713,1.28885,1.34934,1.40834,1.46563,1.52096,1.57411,1.62489,1.67307,1.71849,1.76095,1.80031,1.8364,1.8691,1.89828,1.92385,1.9457,1.96377,1.978,1.98834,1.99477,1.99727,1.99585,1.99053,1.98133,1.96831,1.95153,1.93106,1.90701,1.87946,1.84853,1.81436,1.77708,1.73684,1.6938,1.64813,1.60002,1.54964,1.4972,1.44289,1.38692,1.3295,1.27086,1.21121,1.15078,1.08979,1.02848,0.967068,0.905788,0.84487,0.784539,0.725021,0.666538,0.609308,0.553546,0.499459,0.447253,0.397122,0.349256,0.303836,0.261035,0.221017,0.183934,0.14993,0.119135,0.0916708,0.0676437,0.0471487,0.0302668,0.0170654,0.00759752,0.00190132,2.99952e-32,
0,0.00206085,0.00823436,0.0184935,0.0327937,0.0510733,0.0732535,0.0992397,0.128921,0.162173,0.198855,0.238812,0.281879,0.327876,0.376613,0.427887,0.481489,0.537198,0.594785,0.654016,0.714648,0.776436,0.839128,0.90247,0.966206,1.03008,1.09383,1.1572,1.21993,1.28178,1.34248,1.40181,1.45952,1.51537,1.56915,1.62063,1.66962,1.71591,1.75931,1.79966,1.8368,1.87057,1.90085,1.92751,1.95045,1.96957,1.98482,1.99612,2.00344,2.00675,2.00605,2.00135,1.99265,1.98002,1.96351,1.94318,1.91913,1.89146,1.86028,1.82573,1.78796,1.74711,1.70336,1.65689,1.60789,1.55656,1.5031,1.44774,1.39069,1.33219,1.27246,1.21175,1.15029,1.08833,1.0261,0.963852,0.901821,0.840247,0.779364,0.719403,0.660589,0.603143,0.547278,0.4932,0.441106,0.391187,0.343621,0.29858,0.256223,0.216699,0.180147,0.146693,0.116452,0.089527,0.066009,0.0459767,0.0294966,0.016623,0.00739788,0.00185094,2.99952e-32,
0,0.00207673,0.00829862,0.0186406,0.0330609,0.0515008,0.0738847,0.100121,0.1301,0.163699,0.200776,0.241178,0.284735,0.331263,0.380567,0.432439,0.486659,0.542999,0.60122,0.661075,0.722312,0.784671,0.847891,0.911703,0.975841,1.04003,1.10402,1.16752,1.23028,1.29203,1.35253,1.41153,1.46878,1.52405,1.57713,1.62779,1.67585,1.7211,1.76339,1.80254,1.8384,1.87085,1.89977,1.92505,1.9466,1.96436,1.97827,1.98828,1.99438,1.99656,1.99482,1.98918,1.97969,1.96639,1.94935,1.92865,1.90438,1.87664,1.84556,1.81126,1.77388,1.73357,1.6905,1.64482,1.59672,1.54639,1.49401,1.43979,1.38393,1.32664,1.26814,1.20864,1.14837,1.08754,1.0264,0.965153,0.90404,0.843285,0.783112,0.723745,0.665406,0.608312,0.552676,0.498706,0.446606,0.396571,0.348792,0.303449,0.260717,0.220758,0.183727,0.149767,0.11901,0.0915776,0.0675769,0.0471032,0.0302382,0.0170496,0.00759054,0.00189959,2.99952e-32,
0,0.0017407,0.00695667,0.0156297,0.0277296,0.0432148,0.0620321,0.0841175,0.109396,0.137782,0.16918,0.203485,0.240582,0.280346,0.322646,0.367339,0.414277,0.463302,0.514252,0.566954,0.621232,0.676903,0.73378,0.791667,0.850369,0.909682,0.969404,1.02933,1.08924,1.14893,1.20818,1.26679,1.32454,1.38122,1.43661,1.49051,1.54272,1.59303,1.64125,1.68719,1.73065,1.77146,1.80946,1.84447,1.87635,1.90494,1.93013,1.95178,1.96978,1.98405,1.9945,2.00105,2.00366,2.00229,1.99692,1.98753,1.97414,1.95677,1.93548,1.91032,1.88136,1.84872,1.81249,1.77282,1.72984,1.68371,1.63463,1.58278,1.52837,1.47162,1.41276,1.35204,1.28972,1.22607,1.16135,1.09584,1.02985,0.963644,0.897531,0.831803,0.766754,0.702677,0.639862,0.578595,0.519155,0.461813,0.406831,0.354462,0.304946,0.258509,0.215366,0.175714,0.139735,0.107594,0.0794372,0.0553933,0.0355714,0.0200613,0.0089327,0.00223566,2.99952e-32,
0,0.00199206,0.00796085,0.0178842,0.0317247,0.0494302,0.0709334,0.0961519,0.124989,0.157332,0.193056,0.232021,0.274074,0.319049,0.366768,0.41704,0.469666,0.524435,0.581127,0.639513,0.69936,0.760425,0.822462,0.885219,0.948443,1.01188,1.07527,1.13835,1.20088,1.2626,1.32325,1.3826,1.44041,1.49644,1.55047,1.60228,1.65166,1.69842,1.74238,1.78335,1.82118,1.85572,1.88683,1.9144,1.93832,1.95849,1.97485,1.98733,1.9959,2.00051,2.00116,1.99785,1.9906,1.97945,1.96444,1.94565,1.92314,1.89703,1.8674,1.83439,1.79813,1.75876,1.71645,1.67136,1.62368,1.57358,1.52128,1.46697,1.41087,1.3532,1.29418,1.23403,1.173,1.11132,1.04923,0.986956,0.92475,0.862848,0.801486,0.7409,0.681322,0.62298,0.566098,0.510896,0.457584,0.406368,0.357446,0.311008,0.267233,0.226291,0.188343,0.153538,0.122013,0.0938915,0.0692866,0.0482961,0.0310047,0.017482,0.00778314,0.0019478,2.99952e-32,
0,0.00207479,0.0082896,0.0186159,0.0330068,0.0513969,0.0737038,0.0998277,0.129653,0.163048,0.199866,0.239948,0.28312,0.329198,0.377984,0.429272,0.482846,0.538482,0.595948,0.655008,0.715417,0.776928,0.839292,0.902256,0.965565,1.02897,1.09221,1.15503,1.2172,1.27845,1.33856,1.39728,1.45439,1.50965,1.56286,1.61381,1.6623,1.70814,1.75116,1.79119,1.82806,1.86165,1.89182,1.91845,1.94145,1.96072,1.9762,1.98781,1.99552,1.99931,1.99915,1.99505,1.98703,1.97513,1.95938,1.93986,1.91664,1.88983,1.85951,1.82583,1.78891,1.7489,1.70596,1.66027,1.612,1.56136,1.50853,1.45374,1.39719,1.33913,1.27976,1.21934,1.1581,1.09627,1.03411,0.971853,0.909746,0.84803,0.786942,0.72672,0.667594,0.609789,0.553527,0.499018,0.44647,0.396077,0.348027,0.302498,0.259657,0.21966,0.182651,0.148763,0.118117,0.0908224,0.0669737,0.0466543,0.0299344,0.016871,0.00750866,0.00187872,2.99952e-32,
0,0.00212971,0.00851008,0.0191147,0.0338992,0.0528019,0.0757429,0.102625,0.133335,0.16774,0.205695,0.247035,0.291584,0.339148,0.389523,0.442492,0.497824,0.55528,0.614613,0.675565,0.737872,0.801267,0.865475,0.930221,0.995227,1.06021,1.12491,1.18903,1.25231,1.31448,1.37529,1.43448,1.4918,1.54701,1.59991,1.65026,1.69788,1.74256,1.78415,1.82247,1.85739,1.88877,1.9165,1.94049,1.96064,1.97691,1.98923,1.99759,2.00196,2.00234,1.99876,1.99125,1.97985,1.96463,1.94567,1.92305,1.89689,1.86731,1.83442,1.79838,1.75934,1.71746,1.67291,1.62587,1.57653,1.52508,1.47173,1.41668,1.36014,1.30233,1.24346,1.18376,1.12344,1.06273,1.00186,0.941037,0.880491,0.82044,0.761098,0.70268,0.645395,0.589446,0.535033,0.482351,0.431584,0.382916,0.336516,0.292552,0.251179,0.212543,0.176784,0.144028,0.114393,0.0879857,0.0649013,0.0452234,0.0290236,0.0163613,0.007283,0.00182246,2.99952e-32,
0,0.00176666,0.00706028,0.0158618,0.0281399,0.0438511,0.0629399,0.0853396,0.110972,0.139748,0.171569,0.206323,0.243893,0.28415,0.326954,0.37216,0.419614,0.469153,0.520606,0.573799,0.628549,0.684666,0.741958,0.800226,0.859268,0.918878,0.978845,1.03896,1.09901,1.15878,1.21805,1.27661,1.33425,1.39075,1.4459,1.4995,1.55134,1.60123,1.64896,1.69436,1.73723,1.77741,1.81473,1.84903,1.88016,1.90799,1.93238,1.95323,1.97043,1.98388,1.99352,1.99928,2.0011,1.99897,1.99286,1.98276,1.96871,1.95071,1.92884,1.90314,1.8737,1.84063,1.80403,1.76403,1.7208,1.67448,1.62526,1.57332,1.51889,1.46217,1.4034,1.34283,1.28069,1.21727,1.15283,1.08764,1.02199,0.956163,0.890452,0.825145,0.760534,0.696906,0.634547,0.573739,0.514756,0.457866,0.403326,0.351386,0.302282,0.256238,0.213464,0.174155,0.13849,0.106632,0.0787246,0.0548951,0.0352508,0.0198802,0.00885198,0.00221544,2.99952e-32,
0,0.00193484,0.00773258,0.0173727,0.030821,0.048029,0.0689347,0.0934619,0.121521,0.153007,0.187805,0.225784,0.266801,0.310701,0.357317,0.406471,0.457974,0.511627,0.567223,0.624544,0.683366,0.74346,0.804587,0.866508,0.928976,0.991744,1.05456,1.11718,1.17935,1.24082,1.30135,1.36069,1.41861,1.47487,1.52926,1.58155,1.63153,1.67901,1.7238,1.76572,1.80461,1.8403,1.87267,1.90157,1.92691,1.94858,1.96649,1.98059,1.99081,1.99712,1.99949,1.99792,1.99242,1.98301,1.96973,1.95263,1.93179,1.90728,1.87921,1.84769,1.81283,1.77479,1.7337,1.68973,1.64305,1.59385,1.54231,1.48863,1.43303,1.37572,1.31692,1.25686,1.19578,1.13391,1.0715,1.00878,0.945999,0.883409,0.821252,0.759774,0.699215,0.639818,0.581816,0.525443,0.470923,0.418477,0.368316,0.320644,0.275657,0.233538,0.194462,0.158591,0.126074,0.0970484,0.0716365,0.0499462,0.0320703,0.0180857,0.00805279,0.00201542,2.99952e-32,
0,0.00202201,0.00807927,0.0181457,0.0321781,0.0501168,0.0718859,0.0973937,0.126534,0.159184,0.19521,0.234463,0.276782,0.321995,0.369917,0.420354,0.473103,0.527951,0.584679,0.643059,0.702859,0.763839,0.825758,0.88837,0.951425,1.01467,1.07787,1.14075,1.20308,1.26461,1.32509,1.38429,1.44196,1.49789,1.55185,1.60362,1.653,1.69979,1.74381,1.78488,1.82283,1.85752,1.88881,1.91657,1.94068,1.96106,1.97763,1.9903,1.99904,2.00381,2.00459,2.00138,1.99419,1.98305,1.96801,1.94913,1.92648,1.90016,1.87027,1.83695,1.80031,1.76052,1.71773,1.67213,1.62388,1.5732,1.52028,1.46533,1.40859,1.35027,1.29062,1.22986,1.16825,1.10603,1.04344,0.980739,0.918164,0.855963,0.794379,0.733653,0.674018,0.615705,0.558937,0.503929,0.450891,0.400022,0.351513,0.305543,0.262282,0.221889,0.184511,0.150284,0.119328,0.0917561,0.0676639,0.0471361,0.030244,0.0170458,0.00758649,0.00189821,2.99952e-32,
0,0.00220097,0.00879415,0.0197503,0.0350205,0.0545364,0.0782102,0.105935,0.137585,0.173018,0.212071,0.254567,0.300313,0.349101,0.400709,0.454902,0.511434,0.57005,0.630485,0.692468,0.75572,0.81996,0.884902,0.950259,1.01574,1.08107,1.14596,1.21012,1.2733,1.33521,1.3956,1.45422,1.51082,1.56519,1.6171,1.66635,1.71274,1.7561,1.79626,1.83308,1.86643,1.89619,1.92226,1.94457,1.96303,1.9776,1.98825,1.99495,1.99772,1.99654,1.99147,1.98254,1.9698,1.95333,1.93321,1.90954,1.88243,1.852,1.81839,1.78174,1.74219,1.69991,1.65508,1.60786,1.55845,1.50703,1.4538,1.39896,1.34271,1.28527,1.22685,1.16766,1.10791,1.04782,0.987612,0.927492,0.867677,0.808381,0.749811,0.692175,0.635676,0.580512,0.526878,0.47496,0.424942,0.376998,0.331298,0.288001,0.247261,0.20922,0.174014,0.141768,0.112595,0.0866015,0.0638792,0.0445106,0.0285658,0.0161031,0.00716803,0.00179368,2.99952e-32,
0,0.00180528,0.00721441,0.0162074,0.0287511,0.0447999,0.0642953,0.087167,0.113333,0.142699,0.175161,0.210603,0.248899,0.289916,0.333507,0.379519,0.427791,0.478152,0.530426,0.584429,0.639971,0.696856,0.754883,0.813847,0.873538,0.933745,0.994251,1.05484,1.11529,1.17539,1.23491,1.29364,1.35135,1.40784,1.46289,1.51629,1.56784,1.61734,1.66459,1.7094,1.7516,1.79101,1.82747,1.86083,1.89094,1.91766,1.94089,1.96049,1.9764,1.9885,1.99675,2.00109,2.00147,1.99788,1.99031,1.97876,1.96326,1.94385,1.9206,1.89357,1.86287,1.82859,1.79086,1.74982,1.70563,1.65846,1.6085,1.55593,1.50098,1.44387,1.38483,1.3241,1.26194,1.19861,1.13438,1.06952,1.0043,0.939019,0.873946,0.809365,0.745559,0.682804,0.621376,0.561544,0.503571,0.447711,0.394211,0.343305,0.295219,0.250163,0.208337,0.169922,0.135089,0.103989,0.0767583,0.0535149,0.0343598,0.0193756,0.00862663,0.00215894,2.99952e-32,
0,0.00187478,0.00749304,0.0168364,0.0298739,0.0465624,0.0668455,0.0906548,0.117909,0.148514,0.182363,0.219339,0.25931,0.302134,0.347657,0.395715,0.446133,0.498725,0.553296,0.609644,0.667556,0.726814,0.787193,0.848462,0.910385,0.972721,1.03523,1.09767,1.15978,1.22134,1.28209,1.34179,1.4002,1.45708,1.51222,1.56539,1.61636,1.66494,1.71093,1.75413,1.79438,1.8315,1.86535,1.89578,1.92268,1.94592,1.96542,1.98108,1.99286,2.00069,2.00455,2.00441,2.00028,1.99218,1.98012,1.96417,1.94438,1.92083,1.89361,1.86284,1.82864,1.79114,1.75048,1.70684,1.66039,1.6113,1.55978,1.50603,1.45026,1.39269,1.33355,1.27308,1.21151,1.14909,1.08607,1.0227,0.959229,0.895912,0.833001,0.770748,0.709403,0.649212,0.590418,0.533259,0.477967,0.424767,0.373876,0.325503,0.279847,0.237098,0.197434,0.161019,0.128008,0.0985392,0.0727382,0.050715,0.0325643,0.0183644,0.00817693,0.00204649,2.99952e-32,
0,0.0019986,0.00798571,0.0179354,0.0318048,0.0495345,0.0710491,0.0962575,0.125054,0.157317,0.192914,0.231697,0.273505,0.318169,0.365506,0.415323,0.467421,0.521589,0.577611,0.635263,0.694317,0.754539,0.815691,0.877533,0.939823,1.00232,1.06477,1.12694,1.18859,1.24947,1.30936,1.36801,1.42521,1.48072,1.53435,1.58587,1.63509,1.68182,1.72588,1.76709,1.8053,1.84036,1.87214,1.9005,1.92534,1.94656,1.96407,1.97781,1.98772,1.99376,1.99591,1.99415,1.98848,1.97894,1.96554,1.94835,1.92742,1.90283,1.87468,1.84307,1.80813,1.76999,1.72879,1.68469,1.63788,1.58852,1.53681,1.48296,1.42717,1.36967,1.31068,1.25043,1.18917,1.12714,1.06459,1.00175,0.938896,0.876265,0.814111,0.752684,0.692228,0.632985,0.575194,0.519084,0.464879,0.412797,0.363044,0.315818,0.271306,0.229685,0.191118,0.155757,0.123742,0.0951954,0.0702297,0.0489411,0.0314115,0.0177079,0.0078825,0.00197247,2.99952e-32,
0,0.00221462,0.00884875,0.0198732,0.035239,0.0548779,0.0787022,0.106605,0.138461,0.174126,0.213439,0.256223,0.302283,0.351411,0.403383,0.457964,0.514908,0.573955,0.63484,0.697289,0.76102,0.825748,0.891186,0.957041,1.02302,1.08884,1.15421,1.21884,1.28246,1.3448,1.40558,1.46455,1.52148,1.57611,1.62824,1.67765,1.72414,1.76753,1.80766,1.84438,1.87755,1.90706,1.93279,1.95468,1.97266,1.98666,1.99667,2.00267,2.00465,2.00264,1.99667,1.98678,1.97305,1.95554,1.93436,1.90962,1.88142,1.84989,1.81519,1.77746,1.73687,1.69358,1.64778,1.59964,1.54937,1.49716,1.44321,1.38774,1.33095,1.27305,1.21426,1.15479,1.09487,1.03471,0.974515,0.914511,0.854904,0.795902,0.737711,0.680531,0.624558,0.569982,0.51699,0.46576,0.416464,0.369269,0.324331,0.281803,0.241824,0.20453,0.170043,0.138481,0.109948,0.0845395,0.0623418,0.0434296,0.0278669,0.0157068,0.00699091,0.00174925,2.99952e-32,
0,0.00186806,0.00746488,0.0167685,0.0297426,0.0463369,0.0664874,0.0901169,0.117135,0.14744,0.180916,0.217438,0.256869,0.299062,0.343859,0.391095,0.440596,0.492177,0.54565,0.600819,0.657479,0.715425,0.774444,0.834319,0.894832,0.955761,1.01688,1.07797,1.1388,1.19915,1.25879,1.31751,1.37508,1.43128,1.48591,1.53875,1.58961,1.63828,1.68457,1.72831,1.76932,1.80743,1.84249,1.87435,1.90287,1.92793,1.94942,1.96724,1.98131,1.99155,1.99791,2.00034,1.99882,1.99334,1.9839,1.97052,1.95325,1.93212,1.90722,1.87862,1.84644,1.81078,1.77179,1.7296,1.68439,1.63633,1.58561,1.53243,1.47702,1.41958,1.36036,1.29961,1.23757,1.1745,1.11067,1.04634,0.981792,0.917286,0.853099,0.789502,0.726767,0.665157,0.604936,0.546357,0.48967,0.435115,0.382923,0.333314,0.286498,0.242672,0.20202,0.164713,0.130907,0.100742,0.0743434,0.0518207,0.0332664,0.0187566,0.00835027,0.00208966,2.99952e-32,
0,0.0018601,0.00743425,0.0167039,0.0296378,0.0461923,0.0663108,0.0899244,0.116951,0.147298,0.180857,0.21751,0.257127,0.299567,0.344676,0.392292,0.442241,0.494339,0.548396,0.60421,0.661574,0.720273,0.780087,0.84079,0.902151,0.963937,1.02591,1.08783,1.14947,1.21058,1.27092,1.33026,1.38837,1.44502,1.49998,1.55304,1.60399,1.65262,1.69874,1.74217,1.78272,1.82024,1.85457,1.88558,1.91313,1.9371,1.95741,1.97396,1.98669,1.99552,2.00044,2.0014,1.9984,1.99145,1.98056,1.96578,1.94715,1.92475,1.89865,1.86897,1.8358,1.79927,1.75954,1.71674,1.67105,1.62264,1.57171,1.51846,1.46309,1.40582,1.34689,1.28652,1.22496,1.16246,1.09926,1.03562,0.971806,0.908067,0.844667,0.781863,0.719915,0.659076,0.599599,0.541729,0.485708,0.43177,0.380141,0.331039,0.284671,0.241235,0.200916,0.163886,0.130306,0.100321,0.0740618,0.0516426,0.0331624,0.0187027,0.00832791,0.00208433,2.99952e-32,
0,0.00192557,0.00769454,0.0172839,0.0306554,0.0477562,0.068519,0.0928625,0.120692,0.151899,0.186362,0.22395,0.264517,0.307908,0.353957,0.402488,0.453316,0.506247,0.561081,0.617609,0.675616,0.734883,0.795183,0.856287,0.917964,0.979977,1.04209,1.10406,1.16566,1.22665,1.28679,1.34585,1.4036,1.45982,1.51429,1.56679,1.61711,1.66507,1.71046,1.75311,1.79285,1.82951,1.86295,1.89303,1.91963,1.94263,1.96195,1.97749,1.98919,1.99699,2.00087,2.00079,1.99674,1.98875,1.97683,1.96103,1.94139,1.918,1.89093,1.8603,1.82622,1.78882,1.74824,1.70465,1.65821,1.60911,1.55755,1.50373,1.44785,1.39016,1.33088,1.27024,1.2085,1.14591,1.08271,1.01917,0.955539,0.892082,0.829057,0.766721,0.705329,0.64513,0.58637,0.529289,0.474119,0.421084,0.3704,0.322272,0.276895,0.23445,0.195109,0.159029,0.126354,0.0972147,0.0717254,0.049987,0.0320846,0.0180882,0.00805205,0.00201494,2.99952e-32,
0,0.00223154,0.0089162,0.020024,0.0355049,0.0552888,0.079286,0.107387,0.139464,0.17537,0.21494,0.257992,0.30433,0.35374,0.405995,0.460855,0.518069,0.577375,0.638503,0.701172,0.7651,0.829997,0.89557,0.961526,1.02757,1.09341,1.15875,1.22332,1.28683,1.349,1.40957,1.4683,1.52492,1.57922,1.63097,1.67996,1.72601,1.76893,1.80856,1.84477,1.87741,1.90638,1.93159,1.95296,1.97042,1.98393,1.99347,1.99903,2.00061,1.99823,1.99194,1.98178,1.96782,1.95014,1.92885,1.90403,1.87582,1.84434,1.80974,1.77215,1.73175,1.6887,1.64317,1.59534,1.54541,1.49356,1.44,1.38492,1.32853,1.27104,1.21265,1.15358,1.09404,1.03423,0.974378,0.914681,0.855349,0.79659,0.738605,0.681594,0.625753,0.571273,0.518339,0.467134,0.417832,0.370601,0.325602,0.282991,0.242912,0.205504,0.170895,0.139206,0.110546,0.085015,0.0627024,0.0436867,0.028035,0.0158029,0.00703412,0.00176013,2.99952e-32,
0,0.00192527,0.00769334,0.0172812,0.0306508,0.0477493,0.0685094,0.0928499,0.120676,0.151879,0.186339,0.223922,0.264484,0.30787,0.353912,0.402435,0.453254,0.506174,0.560995,0.617506,0.675494,0.734737,0.79501,0.856084,0.917725,0.979698,1.04177,1.1037,1.16524,1.22618,1.28627,1.34527,1.40297,1.45914,1.51356,1.56601,1.6163,1.66423,1.7096,1.75224,1.79198,1.82866,1.86212,1.89223,1.91887,1.94193,1.96131,1.97692,1.9887,1.99659,2.00055,2.00057,1.99662,1.98872,1.97689,1.96117,1.94162,1.9183,1.89131,1.86074,1.82671,1.78936,1.74882,1.70526,1.65885,1.60977,1.55822,1.5044,1.44853,1.39083,1.33154,1.2709,1.20914,1.14653,1.08332,1.01976,0.956109,0.892633,0.829588,0.767231,0.705816,0.645593,0.586809,0.529701,0.474503,0.421439,0.370725,0.322565,0.277155,0.234678,0.195305,0.159193,0.126488,0.0973203,0.071805,0.0500435,0.0321214,0.0181092,0.0080615,0.00201731,2.99952e-32,
0,0.00184282,0.00736531,0.0165495,0.0293652,0.0457701,0.0657096,0.0891168,0.115913,0.146007,0.179295,0.215663,0.254985,0.297124,0.34193,0.389246,0.438903,0.490722,0.544517,0.600091,0.657241,0.715756,0.77542,0.836009,0.897297,0.959051,1.02104,1.08302,1.14476,1.20601,1.26655,1.32612,1.38451,1.44147,1.49679,1.55023,1.60159,1.65066,1.69724,1.74114,1.78218,1.82018,1.855,1.88649,1.91451,1.93895,1.95969,1.97666,1.98976,1.99896,2.00419,2.00543,2.00267,1.99592,1.98518,1.97051,1.95195,1.92957,1.90346,1.87372,1.84046,1.80381,1.76391,1.72093,1.67503,1.62639,1.57521,1.5217,1.46606,1.40852,1.34931,1.28866,1.22684,1.16407,1.10063,1.03675,0.972718,0.908776,0.84519,0.782222,0.720128,0.659164,0.599582,0.541627,0.48554,0.431554,0.379894,0.330775,0.284404,0.240977,0.200675,0.163671,0.130121,0.100169,0.0739428,0.0515557,0.0331045,0.0186691,0.00831265,0.00208046,2.99952e-32,
0,0.0018976,0.00758267,0.0170321,0.0302078,0.0470569,0.067512,0.091492,0.118902,0.149634,0.183569,0.220574,0.260505,0.30321,0.348524,0.396274,0.446279,0.498349,0.552288,0.607893,0.664955,0.72326,0.782592,0.842728,0.903445,0.964517,1.02572,1.08682,1.14759,1.20781,1.26725,1.32569,1.38292,1.43871,1.49285,1.54515,1.5954,1.64341,1.689,1.73198,1.7722,1.80949,1.8437,1.87471,1.90237,1.92657,1.94722,1.96422,1.9775,1.98699,1.99264,1.99441,1.99229,1.98627,1.97636,1.96258,1.94498,1.9236,1.89852,1.86983,1.83762,1.80201,1.76314,1.72113,1.67616,1.6284,1.57802,1.52523,1.47023,1.41324,1.35449,1.29422,1.23266,1.17008,1.10672,1.04286,0.978748,0.914662,0.850868,0.787634,0.725229,0.663917,0.603959,0.54561,0.489119,0.434728,0.382669,0.333166,0.286431,0.242663,0.202051,0.164767,0.13097,0.100805,0.0743993,0.0518654,0.0332982,0.0187759,0.00835929,0.00209199,2.99952e-32,
0,0.00219783,0.00878171,0.0197227,0.0349726,0.0544638,0.0781099,0.105806,0.137427,0.172834,0.211866,0.25435,0.300095,0.348895,0.400532,0.454774,0.511378,0.570091,0.63065,0.692786,0.756222,0.820677,0.885865,0.951501,1.0173,1.08296,1.14821,1.21277,1.27636,1.3387,1.39953,1.4586,1.51567,1.57049,1.62284,1.67252,1.71932,1.76306,1.80357,1.84071,1.87432,1.90429,1.93052,1.95292,1.97141,1.98595,1.99649,2.00301,2.00552,2.00402,1.99855,1.98914,1.97587,1.95879,1.93802,1.91364,1.88577,1.85454,1.8201,1.78259,1.74217,1.69902,1.65332,1.60524,1.55499,1.50277,1.44878,1.39322,1.33632,1.27828,1.21933,1.15968,1.09956,1.03917,0.978753,0.918507,0.858652,0.799397,0.74095,0.683513,0.627286,0.572461,0.519225,0.467759,0.418237,0.370826,0.325685,0.282965,0.24281,0.205353,0.170719,0.139024,0.110373,0.0848624,0.0625771,0.0435917,0.0279699,0.0157644,0.00701637,0.0017556,2.99952e-32,
0,0.00199525,0.0079726,0.017907,0.0317569,0.0494647,0.0709572,0.0961457,0.124927,0.157183,0.192782,0.23158,0.27342,0.318132,0.365538,0.415447,0.46766,0.521968,0.578155,0.635998,0.695269,0.755732,0.817149,0.879278,0.941875,1.00469,1.06749,1.13001,1.19202,1.25327,1.31352,1.37254,1.43009,1.48595,1.53991,1.59174,1.64125,1.68824,1.73253,1.77394,1.81231,1.84748,1.87932,1.90769,1.9325,1.95362,1.97099,1.98452,1.99417,1.99989,2.00166,1.99946,1.9933,1.98321,1.96923,1.9514,1.92979,1.9045,1.87561,1.84326,1.80755,1.76864,1.72668,1.68184,1.6343,1.58425,1.53188,1.47742,1.42107,1.36307,1.30365,1.24304,1.18148,1.11923,1.05654,0.993637,0.93079,0.868243,0.806243,0.745036,0.684861,0.625955,0.568549,0.512865,0.459122,0.407526,0.358277,0.311565,0.267568,0.226454,0.18838,0.153489,0.121914,0.0937718,0.0691685,0.0481952,0.0309294,0.0174347,0.00776045,0.00194186,2.99952e-32,
0,0.00187215,0.00748216,0.0168106,0.0298251,0.0464801,0.0667171,0.0904645,0.117638,0.148141,0.181863,0.218683,0.258468,0.301073,0.346341,0.394107,0.444195,0.496419,0.550584,0.606489,0.663923,0.722671,0.782511,0.843217,0.904556,0.966296,1.0282,1.09003,1.15155,1.21251,1.27269,1.33186,1.38977,1.4462,1.50094,1.55376,1.60446,1.65284,1.6987,1.74187,1.78217,1.81944,1.85353,1.8843,1.91162,1.9354,1.95552,1.9719,1.98447,1.99318,1.99799,1.99888,1.99582,1.98884,1.97795,1.96318,1.94459,1.92225,1.89624,1.86666,1.83361,1.79722,1.75762,1.71498,1.66946,1.62122,1.57047,1.51738,1.46218,1.40508,1.34631,1.28609,1.22468,1.1623,1.09922,1.03569,0.971958,0.908294,0.844953,0.782196,0.72028,0.659461,0.599993,0.542121,0.486089,0.432133,0.38048,0.331348,0.284948,0.241477,0.201122,0.164058,0.130445,0.100429,0.0741422,0.0516989,0.0331985,0.0187231,0.00833698,0.00208659,2.99952e-32,
0,0.00182515,0.00729395,0.0163865,0.02907,0.0452986,0.0650142,0.088146,0.114612,0.144316,0.177155,0.213011,0.251757,0.293255,0.337359,0.383912,0.432748,0.483694,0.53657,0.591185,0.647346,0.70485,0.763491,0.823056,0.883332,0.944097,1.00513,1.06621,1.1271,1.18759,1.24744,1.30643,1.36434,1.42094,1.47602,1.52937,1.58078,1.63004,1.67696,1.72135,1.76304,1.80184,1.83761,1.87018,1.89943,1.92522,1.94745,1.966,1.98079,1.99175,1.99882,2.00195,2.00113,1.99633,1.98756,1.97484,1.9582,1.93769,1.91339,1.88538,1.85376,1.81863,1.78014,1.73843,1.69365,1.64598,1.59561,1.54274,1.48758,1.43035,1.37128,1.31061,1.2486,1.1855,1.12157,1.05709,0.992316,0.927532,0.86301,0.799025,0.73585,0.673757,0.613011,0.553875,0.496604,0.441444,0.388635,0.338404,0.29097,0.246537,0.205299,0.167432,0.133101,0.102453,0.0756217,0.0527209,0.0338493,0.0190874,0.00849827,0.00212681,2.99952e-32,
0,0.00216254,0.00864081,0.0194067,0.0344134,0.0535953,0.0768685,0.104131,0.135263,0.170126,0.208568,0.250419,0.295492,0.34359,0.3945,0.447995,0.503841,0.56179,0.621587,0.682969,0.745667,0.809406,0.873909,0.938894,1.00408,1.06919,1.13394,1.19805,1.26126,1.32329,1.3839,1.44282,1.49981,1.55465,1.6071,1.65697,1.70405,1.74816,1.78913,1.82681,1.86106,1.89175,1.91878,1.94205,1.9615,1.97705,1.98867,1.99634,2.00004,1.99977,1.99557,1.98747,1.97552,1.95978,1.94034,1.91729,1.89075,1.86082,1.82764,1.79135,1.7521,1.71006,1.66539,1.61828,1.56891,1.51747,1.46417,1.40921,1.35278,1.29512,1.23643,1.17694,1.11685,1.05639,0.995787,0.935251,0.875004,0.815261,0.756236,0.698141,0.641181,0.585558,0.531471,0.479109,0.428659,0.380297,0.334196,0.290519,0.249419,0.211043,0.175526,0.142996,0.113568,0.0873466,0.0644269,0.0448908,0.0288091,0.0162398,0.00722874,0.00180885,2.99952e-32,
0,0.00205483,0.00821044,0.0184403,0.0327005,0.0509301,0.0730513,0.09897,0.128577,0.161746,0.198339,0.238201,0.281165,0.327053,0.375673,0.426824,0.480294,0.535861,0.593298,0.652367,0.712829,0.774434,0.836933,0.900071,0.963592,1.02724,1.09076,1.15388,1.21637,1.27797,1.33843,1.39752,1.45498,1.51061,1.56417,1.61546,1.66427,1.7104,1.75369,1.79395,1.83103,1.86479,1.8951,1.92183,1.94488,1.96417,1.97962,1.99118,1.9988,2.00246,2.00214,1.99786,1.98963,1.97749,1.9615,1.94171,1.91823,1.89113,1.86054,1.82658,1.7894,1.74913,1.70595,1.66002,1.61155,1.56071,1.50772,1.45278,1.39612,1.33796,1.27853,1.21807,1.1568,1.09498,1.03284,0.970627,0.908577,0.84693,0.785924,0.72579,0.666758,0.60905,0.552884,0.498471,0.446013,0.395704,0.347732,0.302272,0.25949,0.219542,0.182573,0.148716,0.118093,0.0908135,0.0669739,0.0466587,0.0299396,0.0168751,0.00751086,0.00187933,2.99952e-32,
0,0.00189772,0.00758415,0.017039,0.0302283,0.0471048,0.0676073,0.0916616,0.11918,0.150062,0.184194,0.221451,0.261694,0.304776,0.350534,0.3988,0.449391,0.502118,0.556783,0.613179,0.671092,0.730303,0.790585,0.85171,0.913441,0.975543,1.03778,1.0999,1.16167,1.22286,1.28321,1.3425,1.40049,1.45696,1.51168,1.56444,1.61502,1.66322,1.70886,1.75175,1.79171,1.82859,1.86224,1.89251,1.91929,1.94246,1.96193,1.97761,1.98944,1.99737,2.00136,2.00139,1.99745,1.98956,1.97774,1.96204,1.94251,1.91923,1.89228,1.86177,1.82782,1.79056,1.75013,1.70669,1.66042,1.61149,1.5601,1.50645,1.45076,1.39324,1.33413,1.27366,1.21208,1.14962,1.08655,1.02311,0.959564,0.896163,0.833164,0.770824,0.709394,0.649124,0.590259,0.533039,0.477697,0.424459,0.373544,0.32516,0.279505,0.236769,0.197128,0.160744,0.12777,0.098342,0.0725832,0.0506011,0.0324878,0.0183197,0.00815655,0.00204131,2.99952e-32,
0,0.00181157,0.00723961,0.0162642,0.0288522,0.0449577,0.0645221,0.0874745,0.113732,0.143199,0.175771,0.21133,0.24975,0.290892,0.33461,0.380748,0.429141,0.479618,0.531999,0.586097,0.64172,0.69867,0.756743,0.815732,0.875425,0.935608,0.996065,1.05658,1.11692,1.17689,1.23624,1.29478,1.35228,1.40852,1.4633,1.51641,1.56765,1.61682,1.66372,1.70818,1.75002,1.78907,1.82517,1.85818,1.88795,1.91435,1.93727,1.95661,1.97227,1.98417,1.99226,1.99647,1.99678,1.99317,1.98562,1.97414,1.95877,1.93955,1.91652,1.88977,1.85938,1.82545,1.78811,1.74749,1.70374,1.65703,1.60753,1.55544,1.50096,1.4443,1.3857,1.32539,1.26362,1.20065,1.13674,1.07216,1.00718,0.942087,0.877154,0.812665,0.748902,0.686142,0.624663,0.564738,0.506631,0.450603,0.396904,0.345774,0.297444,0.252132,0.210041,0.171362,0.136271,0.104925,0.077466,0.0540188,0.034689,0.0195638,0.00871127,0.00218026,2.99952e-32,
0,0.00208341,0.00832516,0.0186998,0.0331649,0.0516612,0.0741126,0.100426,0.130494,0.164191,0.201377,0.241897,0.285583,0.332252,0.381709,0.433746,0.488146,0.54468,0.603111,0.663192,0.724673,0.787293,0.850791,0.914899,0.97935,1.04387,1.1082,1.17205,1.23518,1.29731,1.35819,1.41756,1.47519,1.53084,1.58427,1.63528,1.68366,1.72921,1.77176,1.81114,1.84719,1.87978,1.90879,1.9341,1.95562,1.97329,1.98703,1.99682,2.00261,2.00441,2.00222,1.99606,1.98597,1.972,1.95423,1.93274,1.90762,1.87899,1.84697,1.81171,1.77334,1.73203,1.68796,1.64129,1.59222,1.54094,1.48766,1.43258,1.37593,1.31791,1.25876,1.1987,1.13795,1.07675,1.01533,0.953913,0.892728,0.832001,0.771958,0.712816,0.654794,0.598102,0.542947,0.489527,0.438037,0.388663,0.341582,0.296965,0.254972,0.215755,0.179454,0.146202,0.116118,0.0893101,0.0658764,0.0459014,0.0294578,0.0166056,0.00739158,0.0018496,2.99952e-32,
0,0.00209988,0.0083903,0.0188436,0.0334141,0.0520382,0.0746347,0.101106,0.131336,0.165196,0.202539,0.243204,0.287019,0.333794,0.383331,0.435419,0.489838,0.546356,0.604735,0.66473,0.72609,0.788556,0.851869,0.915765,0.979978,1.04424,1.1083,1.17188,1.23472,1.29656,1.35717,1.41628,1.47366,1.52909,1.58233,1.63317,1.68143,1.72689,1.76939,1.80876,1.84485,1.87752,1.90664,1.93211,1.95382,1.97171,1.98571,1.99578,2.00187,2.00397,2.0021,1.99625,1.98648,1.97281,1.95532,1.93409,1.90921,1.88079,1.84894,1.81381,1.77554,1.73428,1.69022,1.64352,1.59437,1.54299,1.48956,1.43431,1.37745,1.31921,1.25981,1.19949,1.13848,1.07701,1.01532,0.953639,0.892207,0.831251,0.771001,0.711679,0.653506,0.596694,0.541452,0.48798,0.436471,0.38711,0.340074,0.29553,0.253635,0.214536,0.178371,0.145265,0.115332,0.0886767,0.0653894,0.0455499,0.0292255,0.0164715,0.00733086,0.00183424,2.99952e-32,
0,0.00196379,0.00784745,0.0176278,0.0312663,0.048709,0.0698868,0.0947158,0.123097,0.154919,0.190054,0.228364,0.269695,0.313884,0.360755,0.410122,0.461789,0.515552,0.571199,0.628508,0.687253,0.747204,0.808123,0.869771,0.931906,0.994284,1.05666,1.11879,1.18044,1.24135,1.3013,1.36005,1.41737,1.47305,1.52685,1.57859,1.62805,1.67504,1.71939,1.76091,1.79946,1.83488,1.86703,1.8958,1.92106,1.94272,1.9607,1.97492,1.98533,1.99189,1.99457,1.99335,1.98825,1.97927,1.96645,1.94984,1.92949,1.90549,1.87792,1.84689,1.81251,1.77492,1.73426,1.69069,1.64437,1.59548,1.54421,1.49076,1.43534,1.37816,1.31945,1.25944,1.19835,1.13645,1.07396,1.01113,0.948224,0.885483,0.823158,0.761501,0.700757,0.641173,0.582987,0.526437,0.47175,0.419149,0.368849,0.321055,0.275962,0.233755,0.194608,0.158682,0.126125,0.0970718,0.0716428,0.0499437,0.0320648,0.0180807,0.00804998,0.00201462,2.99952e-32,
0,0.00177651,0.00709996,0.0159521,0.0283028,0.0441099,0.0633198,0.0858671,0.111676,0.140658,0.172715,0.20774,0.245613,0.286206,0.329382,0.374993,0.422884,0.472892,0.524845,0.578564,0.633865,0.690555,0.748436,0.807307,0.866958,0.92718,0.987757,1.04847,1.1091,1.16943,1.22924,1.28829,1.34638,1.40328,1.45877,1.51265,1.5647,1.61471,1.66249,1.70785,1.75059,1.79054,1.82754,1.86141,1.89203,1.91924,1.94292,1.96296,1.97926,1.99174,2.00033,2.00496,2.00561,2.00225,1.99486,1.98347,1.96809,1.94877,1.92557,1.89857,1.86786,1.83355,1.79576,1.75465,1.71037,1.66308,1.61299,1.56028,1.50518,1.4479,1.38869,1.32779,1.26545,1.20194,1.13753,1.07249,1.0071,0.941646,0.8764,0.81165,0.747678,0.684761,0.623174,0.563187,0.505063,0.449057,0.395414,0.34437,0.296151,0.250968,0.209019,0.17049,0.135549,0.10435,0.0770292,0.053707,0.034485,0.0194471,0.00865879,0.00216704,2.99952e-32,
0,0.00201871,0.00806685,0.0181205,0.0321397,0.0500688,0.0718363,0.0973554,0.126524,0.159225,0.195327,0.234684,0.277139,0.322519,0.370642,0.421311,0.474322,0.529459,0.586498,0.645206,0.705346,0.766671,0.828932,0.891876,0.955245,1.01878,1.08223,1.14533,1.20782,1.26945,1.32998,1.38916,1.44675,1.50251,1.55624,1.6077,1.65671,1.70306,1.74657,1.78708,1.82442,1.85845,1.88904,1.91608,1.93947,1.95911,1.97494,1.9869,1.99494,1.99906,1.99923,1.99547,1.98778,1.97622,1.96084,1.94169,1.91886,1.89246,1.86257,1.82933,1.79288,1.75335,1.7109,1.66571,1.61795,1.56782,1.51549,1.46119,1.40512,1.3475,1.28855,1.22851,1.16759,1.10604,1.04409,0.981985,0.919956,0.858244,0.797085,0.736713,0.67736,0.619252,0.562613,0.507659,0.454602,0.403645,0.354985,0.308808,0.265292,0.224606,0.186906,0.152339,0.121039,0.0931272,0.0687122,0.0478892,0.0307397,0.0173309,0.0077153,0.00193073,2.99952e-32,
0,0.00212742,0.00850031,0.0190907,0.033852,0.0527198,0.0756114,0.102427,0.133049,0.167346,0.205167,0.246349,0.290713,0.338067,0.388207,0.440916,0.495969,0.553127,0.612146,0.672774,0.734751,0.797813,0.861692,0.926117,0.990816,1.05552,1.11994,1.18383,1.24691,1.30892,1.36961,1.42871,1.48601,1.54125,1.59421,1.6447,1.69249,1.73741,1.77927,1.81793,1.85322,1.88502,1.91321,1.93769,1.95837,1.97519,1.98808,1.99702,2.00197,2.00295,1.99995,1.993,1.98215,1.96746,1.94899,1.92684,1.90111,1.8719,1.83935,1.8036,1.76479,1.72309,1.67866,1.6317,1.58238,1.53091,1.47748,1.42231,1.36561,1.30759,1.24849,1.18852,1.12791,1.06689,1.00569,0.944536,0.88365,0.823259,0.763583,0.704839,0.647242,0.590999,0.536313,0.483379,0.432388,0.38352,0.33695,0.292842,0.251352,0.212625,0.176799,0.143998,0.114336,0.0879184,0.0648351,0.0451668,0.0289814,0.0163347,0.00727024,0.00181912,2.99952e-32,
0,0.00199836,0.00798554,0.0179378,0.0318156,0.0495638,0.0711117,0.0963734,0.125248,0.157621,0.193362,0.232329,0.274365,0.319303,0.366962,0.417151,0.46967,0.524308,0.580845,0.639056,0.698705,0.759555,0.821361,0.883875,0.946847,1.01002,1.07315,1.13598,1.19825,1.25973,1.32015,1.37929,1.4369,1.49276,1.54665,1.59834,1.64764,1.69435,1.73828,1.77927,1.81714,1.85177,1.883,1.91072,1.93482,1.95521,1.97182,1.98458,1.99344,1.99837,1.99937,1.99642,1.98955,1.97879,1.96417,1.94578,1.92367,1.89794,1.8687,1.83606,1.80015,1.76112,1.71912,1.67432,1.62689,1.57702,1.5249,1.47074,1.41475,1.35716,1.29817,1.23803,1.17696,1.11521,1.05301,0.990613,0.92825,0.866167,0.804605,0.743805,0.684001,0.625426,0.568308,0.51287,0.459327,0.407888,0.358754,0.312116,0.268156,0.227048,0.18895,0.154014,0.122375,0.0941591,0.0694758,0.0484227,0.0310828,0.0175246,0.00780159,0.00195233,2.99952e-32,
0,0.00179902,0.00718971,0.0161531,0.0286575,0.0446589,0.0641011,0.0869156,0.113022,0.14233,0.174735,0.210125,0.248374,0.28935,0.332908,0.378895,0.42715,0.477503,0.529777,0.583788,0.639344,0.69625,0.754302,0.813295,0.873018,0.933257,0.993795,1.05441,1.11489,1.17501,1.23454,1.29328,1.35099,1.40747,1.4625,1.51588,1.56739,1.61683,1.66402,1.70877,1.75089,1.79022,1.82659,1.85986,1.88988,1.91651,1.93964,1.95917,1.975,1.98704,1.99524,1.99954,1.99991,1.99631,1.98876,1.97725,1.96181,1.94249,1.91934,1.89244,1.86188,1.82776,1.79022,1.74938,1.7054,1.65845,1.6087,1.55637,1.50164,1.44475,1.38593,1.32541,1.26345,1.2003,1.13623,1.07151,1.00642,0.941226,0.876221,0.811682,0.74789,0.685123,0.623655,0.563757,0.505694,0.449722,0.396089,0.345034,0.296784,0.251555,0.209548,0.170951,0.135938,0.104665,0.0772724,0.0538828,0.0346012,0.0195142,0.00868916,0.00217472,2.99952e-32,
0,0.00193647,0.00773862,0.0173846,0.0308381,0.0480484,0.0689504,0.093465,0.121499,0.152947,0.187689,0.225592,0.266512,0.310293,0.356768,0.405757,0.457074,0.510521,0.565892,0.622974,0.681548,0.741385,0.802256,0.863923,0.926149,0.988689,1.0513,1.11374,1.17577,1.23713,1.2976,1.35693,1.41488,1.47124,1.52578,1.57828,1.62853,1.67633,1.72149,1.76384,1.80319,1.83939,1.8723,1.90178,1.92771,1.94998,1.96851,1.9832,1.99401,2.00087,2.00377,2.00269,1.99762,1.98859,1.97563,1.95878,1.93811,1.9137,1.88566,1.85407,1.81909,1.78083,1.73946,1.69514,1.64805,1.59838,1.54632,1.49209,1.4359,1.37798,1.31857,1.2579,1.19621,1.13375,1.07078,1.00754,0.944285,0.881273,0.818753,0.756974,0.696181,0.636615,0.578514,0.522108,0.467619,0.415264,0.365248,0.31777,0.273015,0.231162,0.192373,0.156803,0.12459,0.0958622,0.0707316,0.0492974,0.0316439,0.0178408,0.00794229,0.00198754,2.99952e-32,
0,0.00213735,0.00853989,0.0191792,0.0340081,0.0529607,0.0759533,0.102884,0.133634,0.168068,0.206034,0.247365,0.29188,0.339384,0.38967,0.442519,0.497701,0.554977,0.6141,0.674815,0.736862,0.799975,0.863886,0.928323,0.993014,1.05769,1.12207,1.18589,1.24889,1.31081,1.37139,1.43038,1.48755,1.54266,1.59549,1.64584,1.69349,1.73828,1.78001,1.81854,1.85371,1.88539,1.91347,1.93785,1.95843,1.97515,1.98796,1.99682,2.0017,2.0026,1.99953,1.99252,1.98161,1.96686,1.94834,1.92613,1.90033,1.87106,1.83845,1.80264,1.76377,1.722,1.67751,1.63048,1.58109,1.52955,1.47606,1.42083,1.36406,1.306,1.24684,1.18684,1.1262,1.06516,1.00394,0.942787,0.881913,0.821546,0.761906,0.703211,0.645673,0.589501,0.534896,0.482052,0.431157,0.382392,0.335929,0.29193,0.25055,0.211932,0.176212,0.143512,0.113945,0.0876138,0.0646083,0.0450076,0.0288787,0.0162766,0.00724429,0.00181261,2.99952e-32,
0,0.00206497,0.00825105,0.0185318,0.0328632,0.051184,0.0734159,0.0994639,0.129217,0.162548,0.199315,0.239362,0.282519,0.328603,0.377418,0.42876,0.482411,0.538147,0.595734,0.654932,0.715493,0.777167,0.839699,0.902831,0.966303,1.02986,1.09323,1.15617,1.21841,1.27972,1.33984,1.39853,1.45557,1.51072,1.56376,1.6145,1.66273,1.70827,1.75094,1.79058,1.82705,1.86019,1.8899,1.91606,1.93858,1.95737,1.97238,1.98355,1.99086,1.99427,1.99379,1.98942,1.98119,1.96914,1.95333,1.93381,1.91068,1.88402,1.85395,1.82059,1.78406,1.74451,1.70209,1.65698,1.60934,1.55936,1.50723,1.45315,1.39733,1.33998,1.28132,1.22158,1.16098,1.09975,1.03814,0.976368,0.914678,0.853304,0.792481,0.732442,0.673417,0.615631,0.559307,0.50466,0.451901,0.401232,0.352848,0.306936,0.263673,0.223225,0.185749,0.151389,0.120279,0.0925381,0.0682746,0.0475825,0.0305418,0.0172188,0.00766522,0.00191817,2.99952e-32,
0,0.00180323,0.00720694,0.0161932,0.028732,0.0447817,0.0642888,0.087188,0.113403,0.142845,0.175415,0.211003,0.249489,0.29074,0.334616,0.380967,0.429631,0.480439,0.533215,0.587772,0.643918,0.701453,0.760172,0.819862,0.880307,0.941287,1.00258,1.06395,1.12518,1.18603,1.24628,1.30569,1.36404,1.42109,1.47664,1.53044,1.58231,1.63202,1.67937,1.72417,1.76625,1.80541,1.84149,1.87435,1.90384,1.92983,1.9522,1.97085,1.98569,1.99665,2.00367,2.00671,2.00574,2.00075,1.99175,1.97875,1.96181,1.94098,1.91632,1.88794,1.85592,1.8204,1.78151,1.7394,1.69424,1.6462,1.59547,1.54226,1.48679,1.42928,1.36996,1.30908,1.24689,1.18364,1.11961,1.05505,0.990243,0.925452,0.860954,0.797019,0.733919,0.671921,0.611289,0.55228,0.495145,0.440128,0.387465,0.337381,0.290089,0.245793,0.204683,0.166934,0.13271,0.102156,0.0754056,0.0525726,0.0337555,0.0190353,0.00847533,0.00212111,2.99952e-32,
0,0.00187389,0.00748879,0.0168244,0.029847,0.0465096,0.0667517,0.0905,0.117668,0.148158,0.181859,0.218646,0.258387,0.300936,0.346136,0.393821,0.443816,0.495935,0.549986,0.605767,0.663071,0.721683,0.781384,0.84195,0.903153,0.96476,1.02654,1.08826,1.14967,1.21056,1.27067,1.32979,1.38768,1.44412,1.49889,1.55177,1.60255,1.65105,1.69705,1.74039,1.78088,1.81837,1.8527,1.88373,1.91133,1.93539,1.9558,1.97248,1.98535,1.99436,1.99945,2.0006,1.9978,1.99105,1.98036,1.96577,1.94733,1.92511,1.89917,1.86963,1.83658,1.80016,1.76051,1.71777,1.67211,1.62372,1.57277,1.51948,1.46405,1.40671,1.34768,1.2872,1.22552,1.16289,1.09956,1.03578,0.971828,0.907956,0.844428,0.781508,0.719454,0.658525,0.598973,0.541046,0.484986,0.431029,0.379398,0.330313,0.283978,0.240589,0.20033,0.163371,0.129868,0.0999625,0.0737825,0.0514387,0.0330263,0.0186236,0.00829186,0.00207518,2.99952e-32,
0,0.00212603,0.00849477,0.0190783,0.03383,0.0526854,0.0755615,0.102358,0.132958,0.167226,0.205014,0.246156,0.290472,0.33777,0.387844,0.440476,0.495439,0.552494,0.611396,0.671892,0.733722,0.796623,0.860325,0.924559,0.989054,1.05354,1.11774,1.18139,1.24423,1.306,1.36644,1.42531,1.48236,1.53738,1.59013,1.64042,1.68804,1.73281,1.77455,1.81311,1.84834,1.88011,1.9083,1.93283,1.95359,1.97053,1.98358,1.99272,1.99791,1.99917,1.99648,1.98988,1.97941,1.96513,1.94709,1.9254,1.90013,1.87141,1.83936,1.8041,1.76579,1.72458,1.68063,1.63413,1.58526,1.5342,1.48116,1.42635,1.36997,1.31224,1.25337,1.1936,1.13315,1.07224,1.01111,0.94997,0.889058,0.828598,0.768812,0.70992,0.652136,0.595674,0.540738,0.48753,0.436241,0.387059,0.340162,0.295719,0.253891,0.21483,0.178676,0.145561,0.115602,0.0889085,0.0655766,0.0456902,0.0293209,0.0165278,0.00735671,0.00184084,2.99952e-32,
0,0.0020872,0.00833981,0.018731,0.0332161,0.0517329,0.0742023,0.100528,0.130597,0.164282,0.201439,0.241911,0.285524,0.332095,0.381426,0.433309,0.487525,0.543847,0.602038,0.661853,0.723044,0.785354,0.848525,0.912293,0.976395,1.04057,1.10454,1.16806,1.23085,1.29267,1.35326,1.41238,1.46978,1.52524,1.57853,1.62944,1.67777,1.72332,1.76592,1.8054,1.84161,1.87441,1.90367,1.92929,1.95117,1.96923,1.98341,1.99367,1.99997,2.00229,2.00065,1.99506,1.98554,1.97215,1.95495,1.93402,1.90946,1.88136,1.84985,1.81506,1.77713,1.73622,1.6925,1.64615,1.59734,1.54627,1.49316,1.43819,1.3816,1.3236,1.26441,1.20427,1.1434,1.08203,1.02041,0.958764,0.897322,0.836317,0.775978,0.716531,0.658195,0.601188,0.545719,0.491994,0.440208,0.390551,0.343205,0.298341,0.256121,0.216699,0.180215,0.146802,0.116579,0.089653,0.0661212,0.0460668,0.0295611,0.0166624,0.0074164,0.00185573,2.99952e-32,
0,0.00187307,0.00748546,0.0168168,0.0298332,0.0464872,0.0667181,0.090452,0.117602,0.14807,0.181742,0.218497,0.258198,0.3007,0.345846,0.393469,0.443394,0.495435,0.549399,0.605086,0.662289,0.720793,0.780381,0.840828,0.901908,0.96339,1.02504,1.08663,1.14793,1.20869,1.26869,1.3277,1.38549,1.44184,1.49653,1.54935,1.60009,1.64854,1.69453,1.73787,1.77839,1.81591,1.8503,1.88141,1.90911,1.93328,1.95383,1.97066,1.9837,1.99289,1.99818,1.99955,1.99696,1.99044,1.97999,1.96564,1.94744,1.92545,1.89975,1.87044,1.83763,1.80142,1.76198,1.71943,1.67396,1.62573,1.57494,1.52178,1.46646,1.40921,1.35026,1.28984,1.22819,1.16557,1.10222,1.03842,0.974419,0.910481,0.846871,0.783852,0.721687,0.660634,0.600948,0.54288,0.486672,0.432562,0.380778,0.331538,0.285051,0.241514,0.201113,0.164018,0.130389,0.100369,0.0740853,0.0516518,0.0331642,0.0187018,0.00832686,0.00208396,2.99952e-32,
0,0.00181197,0.0072416,0.0162701,0.0288664,0.044987,0.0645762,0.0875665,0.113879,0.143422,0.176093,0.211781,0.25036,0.291697,0.335648,0.382059,0.430768,0.481603,0.534385,0.588928,0.645037,0.702512,0.761147,0.82073,0.881047,0.941876,1.003,1.06418,1.12521,1.18584,1.24586,1.30504,1.36315,1.41998,1.47529,1.52888,1.58053,1.63005,1.67723,1.72189,1.76383,1.8029,1.83892,1.87174,1.90122,1.92723,1.94965,1.96839,1.98334,1.99444,2.00162,2.00484,2.00406,1.99928,1.9905,1.97774,1.96103,1.94043,1.91601,1.88784,1.85605,1.82073,1.78203,1.7401,1.69509,1.6472,1.59659,1.5435,1.48811,1.43067,1.3714,1.31056,1.24838,1.18514,1.1211,1.05651,0.991666,0.926826,0.862269,0.798267,0.735093,0.673015,0.612299,0.553203,0.49598,0.440875,0.388125,0.337956,0.290584,0.246211,0.205029,0.167215,0.132931,0.102326,0.0755295,0.0526582,0.03381,0.0190658,0.00848882,0.00212448,2.99952e-32,
0,0.00208669,0.00833793,0.0187272,0.0332105,0.0517263,0.0741958,0.100524,0.130598,0.16429,0.201458,0.241943,0.285573,0.332163,0.381514,0.433419,0.487657,0.543999,0.602206,0.662034,0.723231,0.785539,0.848699,0.912445,0.976512,1.04063,1.10455,1.16798,1.23069,1.29239,1.35286,1.41184,1.46909,1.52438,1.57749,1.62821,1.67635,1.7217,1.7641,1.80339,1.83941,1.87203,1.90112,1.92658,1.94833,1.96627,1.98036,1.99055,1.99681,1.99913,1.99751,1.99196,1.98253,1.96926,1.9522,1.93145,1.90709,1.87922,1.84797,1.81346,1.77584,1.73525,1.69186,1.64584,1.59738,1.54666,1.49389,1.43927,1.383,1.32532,1.26643,1.20656,1.14594,1.0848,1.02337,0.961876,0.900556,0.839636,0.779345,0.719908,0.661546,0.604475,0.548909,0.495053,0.443108,0.393266,0.345713,0.300623,0.258166,0.218498,0.181766,0.148107,0.117645,0.0904947,0.0667562,0.0465178,0.0298552,0.0168303,0.00749181,0.00187471,2.99952e-32,
0,0.00212681,0.00849764,0.0190838,0.0338377,0.0526932,0.0755659,0.102354,0.132937,0.167181,0.204933,0.246027,0.290283,0.337505,0.387489,0.440015,0.494858,0.551779,0.610533,0.67087,0.732531,0.795254,0.858774,0.922822,0.987132,1.05143,1.11546,1.17894,1.24162,1.30325,1.36356,1.42232,1.4793,1.53425,1.58697,1.63724,1.68487,1.72968,1.77149,1.81014,1.8455,1.87741,1.90579,1.9305,1.95149,1.96866,1.98197,1.99138,1.99686,1.9984,1.99602,1.98972,1.97956,1.96558,1.94784,1.92644,1.90145,1.873,1.8412,1.80617,1.76807,1.72706,1.68328,1.63692,1.58817,1.53721,1.48423,1.42946,1.37309,1.31535,1.25645,1.19662,1.13609,1.07508,1.01383,0.95256,0.891503,0.830886,0.770936,0.711874,0.653919,0.597284,0.542179,0.488805,0.437359,0.388026,0.340988,0.296416,0.25447,0.215303,0.179055,0.145857,0.115829,0.0890762,0.0656957,0.0457702,0.0293707,0.016555,0.00736858,0.00184376,2.99952e-32,
0,0.00191838,0.0076666,0.0172239,0.0305555,0.047613,0.0683342,0.0926432,0.120451,0.151655,0.186139,0.223777,0.264427,0.307939,0.35415,0.402885,0.45396,0.507184,0.562353,0.619258,0.677681,0.737397,0.798178,0.859788,0.921989,0.984539,1.04719,1.10971,1.17184,1.23334,1.29397,1.35349,1.41166,1.46825,1.52304,1.5758,1.62632,1.6744,1.71985,1.76249,1.80213,1.83862,1.87181,1.90156,1.92776,1.95028,1.96905,1.98397,1.99499,2.00207,2.00516,2.00425,1.99935,1.99047,1.97765,1.96093,1.94038,1.91608,1.88813,1.85664,1.82173,1.78355,1.74224,1.69798,1.65093,1.6013,1.54927,1.49506,1.43889,1.38097,1.32155,1.26086,1.19914,1.13664,1.07362,1.01031,0.946986,0.883887,0.821268,0.759379,0.698467,0.638773,0.580536,0.523986,0.469349,0.41684,0.36667,0.319036,0.274127,0.232123,0.193188,0.157479,0.125136,0.0962882,0.07105,0.0495217,0.0317893,0.0179233,0.00797926,0.00199682,2.99952e-32,
0,0.00178746,0.00714361,0.0160498,0.0284749,0.044376,0.0636979,0.0863736,0.112325,0.141462,0.173684,0.20888,0.246927,0.287696,0.331044,0.376821,0.424869,0.47502,0.5271,0.580926,0.636311,0.69306,0.750973,0.809846,0.869468,0.929628,0.99011,1.0507,1.11117,1.17131,1.23089,1.2897,1.34751,1.40412,1.4593,1.51285,1.56456,1.61423,1.66167,1.70668,1.74909,1.78872,1.82541,1.859,1.88934,1.91631,1.93978,1.95965,1.97581,1.98818,1.99669,2.00129,2.00193,1.9986,1.99129,1.98,1.96476,1.94561,1.9226,1.89581,1.86534,1.83128,1.79377,1.75293,1.70893,1.66193,1.61213,1.5597,1.50487,1.44786,1.3889,1.32824,1.26612,1.20281,1.13858,1.07369,1.00843,0.94307,0.877901,0.813203,0.749257,0.686343,0.624735,0.564706,0.50652,0.450434,0.396697,0.345547,0.297211,0.251905,0.20983,0.171174,0.136109,0.104793,0.077364,0.0539449,0.0346402,0.0195357,0.00869859,0.00217706,2.99952e-32,
0,0.00204626,0.00817664,0.0183659,0.032572,0.0507362,0.0727832,0.0986217,0.128144,0.161228,0.197736,0.237515,0.280401,0.326214,0.374764,0.425848,0.479255,0.534762,0.59214,0.65115,0.711548,0.773086,0.835509,0.89856,0.961982,1.02552,1.0889,1.15188,1.2142,1.2756,1.33585,1.3947,1.45191,1.50725,1.56052,1.6115,1.65998,1.70579,1.74874,1.78868,1.82543,1.85888,1.88889,1.91536,1.93818,1.95728,1.97258,1.98404,1.99163,1.99531,1.99508,1.99096,1.98296,1.97113,1.95551,1.93618,1.91322,1.88672,1.85678,1.82354,1.78711,1.74765,1.70531,1.66026,1.61266,1.56271,1.5106,1.45653,1.4007,1.34334,1.28465,1.22487,1.16422,1.10293,1.04125,0.979397,0.917615,0.856141,0.795208,0.735049,0.675896,0.617974,0.561506,0.506709,0.453795,0.402966,0.354419,0.308343,0.264915,0.224305,0.18667,0.152157,0.120903,0.0930276,0.0686424,0.0478428,0.0307111,0.0173153,0.00770853,0.00192906,2.99952e-32,
0,0.00210467,0.00840953,0.0188873,0.0334926,0.0521625,0.0748166,0.101358,0.131672,0.16563,0.203087,0.243883,0.287845,0.334786,0.384507,0.436797,0.491436,0.548193,0.606829,0.667097,0.728744,0.791512,0.855136,0.919352,0.98389,1.04848,1.11286,1.17675,1.2399,1.30204,1.36291,1.42227,1.47987,1.53547,1.58885,1.63979,1.68809,1.73355,1.776,1.81525,1.85117,1.88361,1.91245,1.93758,1.9589,1.97635,1.98985,1.99938,2.0049,2.00641,2.00391,1.99742,1.98699,1.97267,1.95452,1.93265,1.90714,1.87811,1.84569,1.81002,1.77124,1.72953,1.68505,1.63799,1.58853,1.53688,1.48325,1.42784,1.37087,1.31257,1.25317,1.19288,1.13195,1.07061,1.00908,0.947592,0.886386,0.825684,0.765711,0.706686,0.648826,0.59234,0.537432,0.484299,0.43313,0.384107,0.337404,0.293184,0.251601,0.212801,0.176916,0.144072,0.114379,0.0879399,0.0648435,0.0451682,0.0289798,0.0163327,0.00726899,0.00181875,2.99952e-32,
0,0.00200934,0.0080295,0.0180369,0.0319924,0.0498409,0.0715119,0.0969197,0.125963,0.158527,0.19448,0.23368,0.275969,0.321176,0.369119,0.419606,0.472431,0.52738,0.584232,0.642755,0.702712,0.76386,0.825948,0.888727,0.95194,1.01533,1.07864,1.14162,1.20401,1.26556,1.32601,1.38514,1.44269,1.49845,1.55218,1.60368,1.65273,1.69916,1.74277,1.78339,1.82088,1.85507,1.88584,1.91309,1.93669,1.95657,1.97265,1.98488,1.99321,1.99762,1.9981,1.99466,1.9873,1.97608,1.96103,1.94223,1.91975,1.89368,1.86414,1.83124,1.7951,1.75589,1.71375,1.66884,1.62135,1.57146,1.51936,1.46525,1.40935,1.35187,1.29304,1.23307,1.17221,1.11067,1.04872,0.986565,0.924464,0.86265,0.801362,0.740835,0.681302,0.622994,0.566135,0.510946,0.45764,0.406424,0.357498,0.311051,0.267267,0.226316,0.188359,0.153546,0.122015,0.0938892,0.0692819,0.0482909,0.0310001,0.0174788,0.00778148,0.00194735,2.99952e-32,
0,0.00176918,0.00707059,0.0158859,0.0281846,0.0439244,0.0630514,0.0855001,0.111194,0.140045,0.171955,0.206816,0.244509,0.284905,0.327868,0.37325,0.420898,0.470647,0.522329,0.575766,0.630773,0.687161,0.744735,0.803294,0.862633,0.922545,0.982817,1.04324,1.10359,1.16365,1.2232,1.28204,1.33993,1.39667,1.45204,1.50583,1.55783,1.60784,1.65567,1.70112,1.744,1.78414,1.82138,1.85555,1.8865,1.91409,1.9382,1.95872,1.97553,1.98855,1.99771,2.00294,2.00421,2.00148,1.99474,1.98399,1.96926,1.95058,1.92801,1.90162,1.87149,1.83774,1.80048,1.75985,1.71601,1.66913,1.61939,1.56699,1.51214,1.45507,1.396,1.3352,1.2729,1.20938,1.14491,1.07976,1.01421,0.948545,0.883055,0.818024,0.753736,0.690475,0.62852,0.568145,0.509617,0.453196,0.399135,0.347674,0.299042,0.253457,0.211122,0.172227,0.136946,0.105436,0.0778379,0.0542748,0.0348516,0.0196547,0.00875152,0.00219029,2.99952e-32,
0,0.00198678,0.00793936,0.0178344,0.0316331,0.0492809,0.0707081,0.0958299,0.124546,0.156743,0.192293,0.231052,0.272867,0.317571,0.364984,0.414918,0.467172,0.521537,0.577796,0.635724,0.69509,0.755657,0.817182,0.879422,0.942127,1.00505,1.06794,1.13054,1.19262,1.25392,1.3142,1.37322,1.43075,1.48656,1.54043,1.59216,1.64153,1.68836,1.73246,1.77365,1.81178,1.8467,1.87827,1.90638,1.9309,1.95174,1.96883,1.9821,1.9915,1.99699,1.99855,1.99618,1.98989,1.97971,1.96566,1.94782,1.92626,1.90105,1.87229,1.84011,1.80463,1.76599,1.72433,1.67983,1.63266,1.583,1.53105,1.47702,1.42111,1.36355,1.30456,1.24437,1.18321,1.12134,1.05898,0.996395,0.933816,0.871493,0.809671,0.748591,0.688494,0.629615,0.572185,0.516429,0.462567,0.410811,0.361362,0.314418,0.270161,0.228766,0.190398,0.155207,0.123334,0.0949035,0.0700299,0.0488119,0.0313343,0.0176672,0.00786534,0.00196833,2.99952e-32,
0,0.0021105,0.00843239,0.018937,0.0335769,0.0522862,0.0749811,0.10156,0.131905,0.165882,0.203342,0.244119,0.288035,0.334901,0.384512,0.436655,0.491106,0.547634,0.605996,0.665948,0.727235,0.789602,0.852787,0.916528,0.980562,1.04462,1.10845,1.17179,1.23437,1.29594,1.35626,1.41509,1.47218,1.52732,1.58028,1.63086,1.67885,1.72408,1.76636,1.80553,1.84145,1.87397,1.90298,1.92837,1.95004,1.96792,1.98194,1.99206,1.99825,2.00048,1.99877,1.99312,1.98357,1.97017,1.95296,1.93203,1.90748,1.87939,1.8479,1.81312,1.77521,1.73431,1.6906,1.64424,1.59543,1.54435,1.49122,1.43623,1.37961,1.32158,1.26236,1.20219,1.14129,1.0799,1.01825,0.956587,0.895139,0.834138,0.773816,0.714397,0.656105,0.599156,0.54376,0.490122,0.438437,0.388895,0.341674,0.296945,0.254868,0.215593,0.17926,0.145995,0.115917,0.0891288,0.0657243,0.045784,0.0293761,0.0165565,0.00736874,0.00184372,2.99952e-32,
0,0.00206886,0.00826721,0.0185704,0.0329371,0.0513098,0.0736143,0.0997603,0.129642,0.163137,0.200109,0.240406,0.283862,0.330299,0.379524,0.431333,0.485512,0.541834,0.600065,0.659963,0.721276,0.783749,0.84712,0.911124,0.975493,1.03996,1.10425,1.1681,1.23124,1.29342,1.35436,1.41383,1.47157,1.52735,1.58094,1.63213,1.6807,1.72646,1.76923,1.80885,1.84515,1.87799,1.90726,1.93284,1.95464,1.97258,1.9866,1.99666,2.00272,2.00479,2.00286,1.99696,1.98711,1.97339,1.95585,1.93458,1.90967,1.88124,1.84941,1.81432,1.77611,1.73495,1.691,1.64444,1.59547,1.54428,1.49106,1.43604,1.37942,1.32142,1.26227,1.2022,1.14142,1.08018,1.01869,0.957194,0.895915,0.835081,0.774916,0.715641,0.657473,0.600626,0.545306,0.491715,0.440047,0.390492,0.343229,0.298429,0.256256,0.216863,0.180393,0.14698,0.116745,0.0897992,0.0662415,0.0461585,0.0296243,0.0167001,0.00743385,0.00186021,2.99952e-32,
0,0.00178189,0.00712126,0.0159992,0.0283845,0.0442337,0.0634914,0.0860906,0.111953,0.140988,0.173096,0.208166,0.246076,0.286696,0.329885,0.375494,0.423366,0.473333,0.525224,0.578858,0.634047,0.690599,0.748314,0.806991,0.866421,0.926394,0.986694,1.04711,1.10741,1.1674,1.22683,1.28551,1.34321,1.39971,1.45481,1.50829,1.55995,1.6096,1.65703,1.70205,1.7445,1.7842,1.82098,1.85469,1.88519,1.91233,1.93601,1.95611,1.97254,1.9852,1.99403,1.99898,1.99999,1.99706,1.99016,1.9793,1.9645,1.94581,1.92327,1.89695,1.86695,1.83336,1.7963,1.75591,1.71234,1.66575,1.61632,1.56425,1.50974,1.45301,1.3943,1.33383,1.27186,1.20866,1.14448,1.0796,1.0143,0.948855,0.883554,0.818679,0.754517,0.69135,0.629458,0.569117,0.510597,0.45416,0.40006,0.348543,0.29984,0.254174,0.21175,0.172762,0.137387,0.105787,0.0781038,0.0544642,0.0349754,0.0197254,0.00878328,0.00219828,2.99952e-32,
0,0.00193664,0.00773945,0.017387,0.0308434,0.0480586,0.068968,0.093493,0.121541,0.153006,0.187767,0.225694,0.266639,0.310447,0.356948,0.405963,0.457303,0.510768,0.566151,0.623237,0.681803,0.741621,0.802455,0.864069,0.926221,0.988666,1.05116,1.11346,1.17531,1.23648,1.29672,1.35579,1.41347,1.46953,1.52373,1.57588,1.62577,1.6732,1.71797,1.75993,1.7989,1.83472,1.86727,1.89641,1.92202,1.94401,1.96229,1.9768,1.98746,1.99424,1.99712,1.99608,1.99113,1.98228,1.96957,1.95304,1.93276,1.90882,1.88129,1.85029,1.81593,1.77836,1.7377,1.69413,1.6478,1.5989,1.54762,1.49416,1.43871,1.38151,1.32277,1.26272,1.2016,1.13965,1.07711,1.01422,0.951243,0.88842,0.826003,0.764242,0.703384,0.643674,0.585353,0.528655,0.473813,0.42105,0.37058,0.322612,0.277343,0.23496,0.19564,0.159545,0.126827,0.0976241,0.0720583,0.0502383,0.0322566,0.0181901,0.00809909,0.00202697,2.99952e-32,
0,0.00205106,0.0081954,0.0184066,0.0326409,0.0508376,0.0729195,0.0987933,0.12835,0.161466,0.198002,0.237806,0.280714,0.326548,0.375119,0.426227,0.479663,0.535208,0.592636,0.651713,0.712198,0.773846,0.836408,0.89963,0.963256,1.02703,1.0907,1.154,1.21667,1.27848,1.33916,1.39848,1.4562,1.51208,1.5659,1.61744,1.6665,1.71289,1.75641,1.7969,1.83418,1.86812,1.89858,1.92544,1.94859,1.96795,1.98343,1.99499,2.00257,2.00615,2.00572,2.00129,1.99287,1.98052,1.96428,1.94422,1.92043,1.89301,1.86208,1.82777,1.79021,1.74957,1.70601,1.65971,1.61087,1.55967,1.50634,1.45107,1.39411,1.33566,1.27597,1.21528,1.15382,1.09183,1.02956,0.967252,0.905141,0.843469,0.782471,0.72238,0.663423,0.60582,0.549787,0.495532,0.443254,0.393146,0.345388,0.300155,0.257607,0.217896,0.181162,0.147536,0.117133,0.0900589,0.0664068,0.0462573,0.0296786,0.0167265,0.0074442,0.00186258,2.99952e-32,
0,0.00215896,0.00862653,0.0193747,0.0343567,0.0535071,0.0767422,0.10396,0.13504,0.169846,0.208224,0.250004,0.295001,0.343017,0.393837,0.447238,0.502984,0.560827,0.620514,0.681781,0.744361,0.807978,0.872356,0.937216,1.00228,1.06726,1.13188,1.19588,1.25897,1.3209,1.3814,1.44023,1.49714,1.55191,1.60432,1.65415,1.70121,1.74533,1.78632,1.82404,1.85836,1.88914,1.91628,1.93968,1.95928,1.97501,1.98682,1.9947,1.99862,1.9986,1.99465,1.9868,1.97512,1.95965,1.94049,1.91771,1.89143,1.86176,1.82883,1.79278,1.75376,1.71193,1.66746,1.62053,1.57132,1.52003,1.46685,1.41199,1.35565,1.29804,1.23939,1.17992,1.11983,1.05935,0.998706,0.938113,0.877791,0.817958,0.758829,0.700616,0.643527,0.587766,0.533531,0.481015,0.430406,0.381884,0.33562,0.291782,0.250523,0.211993,0.176329,0.143659,0.114101,0.087762,0.0647364,0.0451084,0.0289497,0.0163195,0.00726439,0.00181779,2.99952e-32,
0,0.00180849,0.00722731,0.0162366,0.0288033,0.044882,0.0644144,0.08733,0.113547,0.142971,0.175497,0.211011,0.249384,0.290483,0.33416,0.380263,0.428628,0.479084,0.531453,0.58555,0.641184,0.698157,0.756267,0.815309,0.87507,0.935337,0.995894,1.05652,1.117,1.17711,1.23663,1.29534,1.35303,1.40947,1.46446,1.51779,1.56924,1.61863,1.66576,1.71044,1.75249,1.79175,1.82804,1.86122,1.89115,1.9177,1.94074,1.96016,1.97589,1.98782,1.9959,2.00008,2.00031,1.99658,1.98888,1.97722,1.96163,1.94214,1.91883,1.89176,1.86102,1.82673,1.78901,1.74799,1.70384,1.65673,1.60683,1.55434,1.49948,1.44246,1.38352,1.3229,1.26085,1.19763,1.13351,1.06876,1.00366,0.93848,0.873506,0.809017,0.745295,0.682616,0.621255,0.561481,0.503556,0.447736,0.394266,0.343382,0.295309,0.25026,0.208433,0.170014,0.135172,0.10406,0.0768149,0.0535573,0.0343886,0.0193926,0.00863444,0.00216094,2.99952e-32,
0,0.00188344,0.00752736,0.0169124,0.0300061,0.0467632,0.0671249,0.0910198,0.118363,0.149058,0.182995,0.220051,0.260092,0.302973,0.348538,0.396618,0.447036,0.499605,0.55413,0.610405,0.66822,0.727355,0.787586,0.848683,0.910413,0.972539,1.03482,1.09701,1.15888,1.22018,1.28066,1.3401,1.39826,1.4549,1.50981,1.56276,1.61354,1.66194,1.70778,1.75087,1.79103,1.82809,1.86192,1.89237,1.91931,1.94264,1.96225,1.97807,1.99003,1.99807,2.00217,2.00229,1.99845,1.99064,1.9789,1.96327,1.94381,1.92059,1.8937,1.86326,1.82936,1.79216,1.75179,1.70841,1.66219,1.61332,1.56198,1.50839,1.45275,1.39527,1.3362,1.27577,1.21421,1.15177,1.08871,1.02527,0.961707,0.898281,0.835246,0.772856,0.711363,0.651019,0.592067,0.534749,0.479298,0.425943,0.374903,0.326388,0.280599,0.237727,0.19795,0.161434,0.128332,0.0987849,0.0729168,0.0508378,0.0326421,0.0184078,0.0081961,0.00205127,2.99952e-32,
0,0.00201795,0.00806299,0.0181089,0.0321123,0.0500131,0.0717348,0.097185,0.126256,0.158826,0.194759,0.233904,0.276099,0.321171,0.368934,0.419193,0.471743,0.526371,0.582856,0.640971,0.700483,0.761154,0.822742,0.885004,0.947691,1.01056,1.07335,1.13584,1.19776,1.25887,1.31895,1.37774,1.43504,1.4906,1.54421,1.59567,1.64478,1.69133,1.73516,1.7761,1.81397,1.84863,1.87996,1.90782,1.9321,1.95272,1.96959,1.98264,1.99183,1.99711,1.99846,1.99588,1.98938,1.97899,1.96473,1.94667,1.92488,1.89945,1.87046,1.83804,1.80232,1.76342,1.72152,1.67676,1.62934,1.57942,1.52723,1.47295,1.4168,1.35901,1.29981,1.23943,1.17811,1.11609,1.05363,0.990959,0.928334,0.866003,0.80421,0.743199,0.683212,0.624482,0.56724,0.511711,0.45811,0.406646,0.357518,0.310916,0.26702,0.225997,0.188004,0.153187,0.121676,0.0935901,0.0690352,0.0481027,0.0308703,0.0174014,0.00774566,0.00193816,2.99952e-32,
0,0.0021928,0.00876179,0.0196786,0.0348959,0.0543475,0.0779481,0.105594,0.137164,0.172518,0.211499,0.253934,0.299635,0.348397,0.400002,0.454221,0.510811,0.56952,0.630085,0.692236,0.755697,0.820186,0.885418,0.951104,1.01696,1.08269,1.14801,1.21264,1.27629,1.33871,1.39962,1.45876,1.51589,1.57078,1.62319,1.67291,1.71975,1.76353,1.80406,1.84121,1.87483,1.9048,1.93101,1.95338,1.97184,1.98634,1.99683,2.0033,2.00575,2.00419,1.99865,1.98918,1.97584,1.95871,1.93787,1.91344,1.88552,1.85426,1.81978,1.78225,1.74181,1.69866,1.65295,1.60489,1.55465,1.50245,1.44849,1.39298,1.33612,1.27813,1.21923,1.15964,1.09957,1.03925,0.978879,0.918686,0.858881,0.799671,0.741265,0.683863,0.627664,0.57286,0.519637,0.468177,0.418654,0.371234,0.326077,0.283335,0.243152,0.205663,0.170993,0.13926,0.11057,0.085021,0.0626986,0.0436791,0.0280275,0.0157975,0.00703136,0.00175938,2.99952e-32,
