0,0.000639031,0.00254612,0.0056916,0.0100272,0.0154875,0.0219924,0.0294494,0.0377572,0.0468087,0.0564953,0.0667106,0.0773546,0.0883381,0.0995865,0.111043,0.122674,0.134468,0.146444,0.158647,0.171154,0.184073,0.197542,0.211729,0.22683,0.243067,0.260684,0.279941,0.301113,0.324484,0.35034,0.378963,0.410627,0.445589,0.484084,0.52632,0.572467,0.622658,0.676976,0.735456,0.798079,0.864765,0.935374,1.0097,1.08748,1.16839,1.25201,1.3379,1.42556,1.5144,1.60382,1.69317,1.78175,1.86885,1.95373,2.03564,2.11382,2.18753,2.25603,2.31861,2.37459,2.42335,2.4643,2.49691,2.52073,2.53536,2.54051,2.53594,2.52152,2.49721,2.46304,2.41917,2.36583,2.30336,2.23218,2.15279,2.06579,1.97186,1.87174,1.76624,1.65624,1.54266,1.42648,1.30869,1.19033,1.07245,0.956078,0.842277,0.732069,0.626457,0.526407,0.432837,0.346611,0.268529,0.199315,0.139616,0.0899885,0.0508977,0.0227102,0.00569094,2.99952e-32,
0,0.00146264,0.00583304,0.0130592,0.0230557,0.0357061,0.0508648,0.0683605,0.0879992,0.109568,0.132841,0.157579,0.18354,0.210481,0.238163,0.266357,0.294847,0.323436,0.351948,0.380234,0.408174,0.435677,0.46269,0.48919,0.515194,0.540751,0.565948,0.5909,0.615757,0.640692,0.665904,0.691609,0.718038,0.74543,0.774029,0.804074,0.835798,0.869417,0.90513,0.943107,0.983488,1.02638,1.07183,1.11986,1.17044,1.22348,1.27884,1.33631,1.39566,1.45657,1.51868,1.58158,1.64481,1.70786,1.77021,1.83128,1.89046,1.94716,2.00073,2.05055,2.09599,2.13645,2.17132,2.20006,2.22214,2.2371,2.24453,2.24408,2.23549,2.21855,2.19314,2.15924,2.11691,2.0663,2.00767,1.94134,1.86775,1.78743,1.70097,1.60905,1.51245,1.41197,1.30849,1.20296,1.09632,0.989575,0.883726,0.779785,0.678754,0.581614,0.489318,0.402776,0.322846,0.250323,0.185932,0.130317,0.0840336,0.0475462,0.0212199,0.00531825,2.99952e-32,
0,0.00616177,0.0245818,0.0550653,0.0972897,0.150809,0.215061,0.289369,0.372957,0.464954,0.564407,0.670291,0.781523,0.896973,1.01548,1.13586,1.25693,1.37751,1.49644,1.6126,1.72491,1.83236,1.934,2.02896,2.11646,2.1958,2.2664,2.32776,2.3795,2.42136,2.45316,2.47484,2.48644,2.48812,2.4801,2.46273,2.43642,2.40165,2.35899,2.30903,2.25246,2.18997,2.12228,2.05016,1.97437,1.89565,1.81477,1.73245,1.6494,1.56629,1.48375,1.40234,1.32262,1.24503,1.16999,1.09786,1.02891,0.963357,0.901371,0.843046,0.788423,0.737489,0.690182,0.646395,0.605982,0.568762,0.534528,0.50305,0.474082,0.447369,0.422648,0.39966,0.378151,0.357878,0.338613,0.320145,0.30229,0.284886,0.267798,0.25092,0.234174,0.217511,0.200909,0.184376,0.167943,0.151664,0.135616,0.119894,0.104607,0.0898751,0.0758277,0.0625976,0.0503183,0.039121,0.0291305,0.0204624,0.0132199,0.00749113,0.003347,0.000839406,2.99952e-32,
0,0.00539097,0.0215144,0.0482223,0.0852688,0.132312,0.188919,0.254566,0.328646,0.410477,0.499303,0.594307,0.694616,0.799308,0.907427,1.01799,1.12999,1.24242,1.35429,1.46459,1.57236,1.67668,1.77665,1.87144,1.96028,2.04245,2.11733,2.18435,2.24306,2.29307,2.3341,2.36597,2.38857,2.40191,2.40606,2.40121,2.38763,2.36563,2.33565,2.29816,2.2537,2.20285,2.14624,2.08454,2.01842,1.94859,1.87576,1.80062,1.72387,1.64617,1.56817,1.49048,1.41366,1.33825,1.26469,1.19342,1.12478,1.05907,0.996524,0.937303,0.881522,0.829235,0.780436,0.735071,0.693036,0.654183,0.618328,0.585254,0.554721,0.526468,0.500224,0.475713,0.452658,0.43079,0.409853,0.389609,0.369843,0.350366,0.331021,0.311683,0.292262,0.272703,0.252987,0.233132,0.213187,0.193236,0.173389,0.153783,0.134576,0.115941,0.0980644,0.0811375,0.0653533,0.050901,0.0379612,0.0267007,0.017269,0.00979397,0.0043786,0.00109854,2.99952e-32,
0,0.00145015,0.0057802,0.0129295,0.0227982,0.0352498,0.0501133,0.0671873,0.0862434,0.107031,0.129283,0.15272,0.177058,0.20201,0.227299,0.252659,0.277841,0.30262,0.326798,0.350213,0.372737,0.394282,0.414806,0.434307,0.452831,0.47047,0.487357,0.503671,0.519631,0.53549,0.551538,0.56809,0.585486,0.604077,0.624228,0.646301,0.670655,0.697631,0.727551,0.760706,0.797351,0.837693,0.881892,0.930047,0.982197,1.03831,1.09829,1.16197,1.22909,1.29934,1.37232,1.44755,1.52452,1.60261,1.68116,1.75949,1.83682,1.91238,1.98536,2.05494,2.12029,2.1806,2.23507,2.28295,2.32351,2.35609,2.3801,2.39502,2.40042,2.39597,2.38142,2.35666,2.32166,2.27653,2.22148,2.15685,2.08308,2.00073,1.91048,1.8131,1.70944,1.60047,1.48722,1.37076,1.25225,1.13287,1.01383,0.89635,0.781644,0.670912,0.565322,0.465997,0.373997,0.290313,0.215849,0.151412,0.0977042,0.0553109,0.0246949,0.00619061,2.99952e-32,
0,0.00111915,0.00445521,0.00994468,0.0174838,0.0269313,0.0381128,0.0508252,0.0648426,0.0799227,0.0958135,0.112261,0.129015,0.145841,0.162521,0.178865,0.194717,0.209957,0.224513,0.238355,0.251506,0.264042,0.276088,0.287822,0.29947,0.311305,0.32364,0.336825,0.351235,0.36727,0.38534,0.405862,0.429244,0.455883,0.48615,0.520382,0.558877,0.601877,0.649571,0.702081,0.759458,0.821678,0.88864,0.960163,1.03598,1.11576,1.19906,1.28538,1.37417,1.46478,1.55653,1.64865,1.74038,1.8309,1.91936,2.00493,2.08674,2.16397,2.2358,2.30144,2.36016,2.41127,2.45414,2.48823,2.51305,2.52822,2.53345,2.52854,2.51338,2.48797,2.45241,2.4069,2.35174,2.28733,2.21415,2.13279,2.0439,1.94823,1.84659,1.73984,1.62891,1.51476,1.39839,1.28081,1.16307,1.04618,0.931174,0.819062,0.710823,0.607402,0.509699,0.418565,0.334788,0.259092,0.192128,0.13447,0.0866118,0.0489609,0.0218373,0.00547086,2.99952e-32,
0,0.00514417,0.0205288,0.0460108,0.0813527,0.126224,0.180207,0.242794,0.313402,0.391368,0.475964,0.566399,0.661826,0.761358,0.864066,0.968999,1.07519,1.18165,1.28743,1.39155,1.49308,1.59113,1.68483,1.77338,1.85605,1.93214,2.00106,2.06229,2.11539,2.16002,2.19593,2.22295,2.24103,2.25021,2.2506,2.24244,2.22603,2.20176,2.17009,2.13156,2.08677,2.03635,1.98101,1.92145,1.85843,1.79268,1.72497,1.65605,1.58663,1.51741,1.44904,1.38213,1.31723,1.25482,1.19532,1.13908,1.08636,1.03736,0.992172,0.950842,0.913325,0.879507,0.849207,0.822183,0.798141,0.776738,0.757597,0.740313,0.724461,0.70961,0.695329,0.681196,0.666809,0.651795,0.635815,0.618576,0.599832,0.579395,0.557134,0.532984,0.506939,0.479061,0.449474,0.418362,0.385966,0.352577,0.318533,0.284209,0.250013,0.216373,0.18373,0.152529,0.123211,0.0961972,0.0718875,0.0506469,0.0327995,0.0186204,0.00833045,0.00209087,2.99952e-32,
0,0.00636263,0.0253869,0.0568827,0.100535,0.155906,0.222444,0.299483,0.386255,0.481897,0.585457,0.695909,0.812161,0.933068,1.05744,1.18408,1.31173,1.43919,1.56522,1.68864,1.8083,1.92308,2.03194,2.13391,2.22809,2.3137,2.39002,2.45645,2.51251,2.55781,2.5921,2.61523,2.62717,2.628,2.61793,2.59725,2.56637,2.52578,2.47606,2.41787,2.35194,2.27904,2.19999,2.11566,2.02692,1.93465,1.83976,1.74312,1.64558,1.54798,1.45109,1.35566,1.26236,1.17182,1.08458,1.00112,0.921833,0.847056,0.77703,0.711921,0.651823,0.596753,0.546659,0.501427,0.460879,0.424786,0.392873,0.364826,0.340302,0.318933,0.300338,0.284132,0.269929,0.257352,0.24604,0.235657,0.22589,0.216461,0.207131,0.197699,0.188005,0.177934,0.167414,0.156414,0.144946,0.133055,0.120826,0.10837,0.095824,0.0833463,0.07111,0.0592975,0.0480957,0.0376892,0.0282563,0.0199628,0.0129578,0.00736943,0.0033012,0.000829214,2.99952e-32,
0,0.00210153,0.00837734,0.0187418,0.0330543,0.0511228,0.0727079,0.0975275,0.125264,0.155569,0.188074,0.222392,0.258133,0.294904,0.332325,0.370028,0.40767,0.444938,0.481553,0.517279,0.551921,0.585337,0.617432,0.648164,0.677543,0.705627,0.732523,0.758383,0.783396,0.807787,0.831811,0.855742,0.879872,0.904499,0.929919,0.956424,0.984287,1.01376,1.04506,1.07838,1.11386,1.15158,1.19161,1.23392,1.27844,1.32505,1.37357,1.42374,1.47526,1.52779,1.58092,1.6342,1.68715,1.73924,1.78994,1.83868,1.88489,1.928,1.96745,2.00268,2.03316,2.05842,2.07798,2.09145,2.09845,2.09871,2.09198,2.07809,2.05695,2.02852,1.99287,1.95012,1.90046,1.84417,1.78158,1.71312,1.63925,1.5605,1.47746,1.39076,1.3011,1.20917,1.11573,1.02153,0.927366,0.834011,0.742249,0.652855,0.566586,0.484177,0.406331,0.333716,0.266956,0.206624,0.153241,0.107267,0.0690978,0.0390639,0.0174243,0.00436546,2.99952e-32,
0,0.000337796,0.00134625,0.00301076,0.00530757,0.00820471,0.0116631,0.0156382,0.0200814,0.0249426,0.0301718,0.0357223,0.0415522,0.047628,0.0539264,0.0604372,0.067166,0.0741355,0.0813883,0.0889879,0.0970199,0.105593,0.114841,0.124918,0.136004,0.1483,0.162026,0.177419,0.194733,0.214231,0.236185,0.260869,0.288559,0.31952,0.35401,0.392266,0.434506,0.480914,0.531645,0.586808,0.646472,0.710653,0.779314,0.85236,0.929634,1.01092,1.09592,1.1843,1.27563,1.36943,1.46516,1.5622,1.65992,1.75759,1.85446,1.94976,2.04266,2.13233,2.21794,2.29862,2.37355,2.4419,2.5029,2.55578,2.59987,2.63453,2.6592,2.6734,2.67677,2.66902,2.64997,2.61957,2.57786,2.52501,2.46134,2.38723,2.30324,2.21001,2.1083,1.99899,1.88303,1.76149,1.63549,1.50624,1.37498,1.24301,1.11164,0.982184,0.85597,0.734288,0.618394,0.509494,0.408725,0.317144,0.235715,0.165298,0.106639,0.0603574,0.0269444,0.00675398,2.99952e-32,
0,0.00424536,0.0169399,0.0379594,0.0670978,0.10407,0.148515,0.199999,0.258022,0.322025,0.391392,0.465462,0.543534,0.624878,0.708741,0.794356,0.880954,0.967771,1.05406,1.13908,1.22215,1.3026,1.37981,1.45323,1.52233,1.58667,1.64588,1.69961,1.74764,1.78978,1.82591,1.856,1.88006,1.89819,1.91051,1.91725,1.91863,1.91497,1.90658,1.89385,1.87715,1.8569,1.83352,1.80744,1.77907,1.74885,1.71717,1.68442,1.65096,1.61711,1.58318,1.54941,1.51604,1.48322,1.4511,1.41976,1.38926,1.35961,1.33076,1.30266,1.27521,1.24827,1.22171,1.19534,1.169,1.14248,1.11558,1.08813,1.05993,1.03081,1.00062,0.969226,0.936519,0.902422,0.86689,0.829911,0.791511,0.751748,0.71072,0.66856,0.625435,0.581548,0.537133,0.492454,0.447798,0.403477,0.359819,0.317164,0.27586,0.236256,0.1987,0.16353,0.131072,0.101634,0.0754982,0.052923,0.0341322,0.0193149,0.00862132,0.0021609,2.99952e-32,
0,0.0060049,0.023963,0.0537049,0.0949505,0.147312,0.210296,0.283314,0.36568,0.456626,0.555306,0.660805,0.772146,0.888307,1.00822,1.1308,1.25494,1.37951,1.5034,1.62553,1.74483,1.86025,1.97083,2.07563,2.17379,2.26452,2.34711,2.42095,2.48548,2.54029,2.58503,2.61945,2.64343,2.65691,2.65996,2.65272,2.63543,2.60842,2.57209,2.52692,2.47345,2.41228,2.34408,2.26953,2.18937,2.10434,2.01522,1.92277,1.82775,1.73095,1.63308,1.53487,1.437,1.34012,1.24483,1.15168,1.06116,0.97373,0.889767,0.809603,0.733507,0.66169,0.594306,0.531448,0.473159,0.419428,0.370198,0.325367,0.284795,0.248308,0.215702,0.186751,0.161209,0.138817,0.119309,0.102414,0.0878655,0.0753991,0.0647621,0.0557141,0.0480302,0.0415034,0.0359461,0.0311912,0.027093,0.023527,0.0203892,0.0175958,0.0150814,0.0127978,0.0107118,0.00880357,0.00706396,0.00549257,0.00409535,0.00288247,0.00186635,0.00105976,0.00047428,0.000119073,2.99952e-32,
0,0.00284853,0.0113621,0.0254455,0.0449417,0.0696347,0.0992535,0.133476,0.171936,0.214225,0.259906,0.308512,0.359559,0.412552,0.466993,0.522384,0.57824,0.634091,0.689493,0.74403,0.797323,0.849029,0.898851,0.946538,0.991886,1.03474,1.075,1.11261,1.14757,1.17992,1.20973,1.23715,1.26231,1.28542,1.30668,1.32633,1.34462,1.36179,1.3781,1.3938,1.40912,1.42429,1.4395,1.45492,1.47069,1.48691,1.50365,1.52093,1.53873,1.557,1.57562,1.59446,1.61333,1.632,1.65023,1.66772,1.68418,1.69927,1.71264,1.72394,1.73282,1.7389,1.74184,1.74131,1.737,1.72863,1.71594,1.69873,1.67683,1.65013,1.61856,1.58211,1.54082,1.4948,1.4442,1.38925,1.3302,1.26741,1.20124,1.13213,1.06056,0.987043,0.912136,0.836421,0.760506,0.685016,0.610586,0.537854,0.467455,0.400012,0.336131,0.276391,0.221338,0.171483,0.127287,0.0891642,0.0574711,0.032506,0.014504,0.00363454,2.99952e-32,
0,7.15413e-05,0.00028621,0.000644304,0.00114685,0.0017964,0.00259808,0.00356089,0.00469922,0.00603445,0.00759672,0.00942663,0.011577,0.0141142,0.0171199,0.020692,0.0249456,0.0300134,0.0360462,0.0432123,0.0516971,0.0617015,0.0734407,0.0871416,0.10304,0.121379,0.142403,0.166354,0.193469,0.223977,0.258088,0.295995,0.337868,0.383845,0.434032,0.488499,0.547272,0.610332,0.677613,0.748998,0.824317,0.903347,0.985811,1.07138,1.15966,1.25023,1.3426,1.43624,1.53058,1.62501,1.71889,1.81155,1.90232,1.99048,2.07534,2.1562,2.23236,2.30314,2.36789,2.42598,2.47682,2.51988,2.55466,2.58074,2.59775,2.60539,2.60346,2.59181,2.57038,2.53921,2.49841,2.44818,2.38883,2.32072,2.24431,2.16015,2.06886,1.97112,1.8677,1.75941,1.64713,1.53176,1.41427,1.29563,1.17684,1.05891,0.942854,0.829666,0.720328,0.61579,0.516965,0.424715,0.339849,0.263113,0.195181,0.136652,0.0880417,0.0497806,0.0222066,0.00556398,2.99952e-32,
0,0.00242809,0.00969707,0.021761,0.0385434,0.0599378,0.0858082,0.11599,0.150292,0.188497,0.230362,0.275623,0.323995,0.375173,0.428836,0.484651,0.542271,0.601344,0.661513,0.722418,0.783702,0.845012,0.906004,0.966342,1.02571,1.08379,1.14031,1.195,1.24762,1.29795,1.34581,1.39104,1.4335,1.47309,1.50974,1.54339,1.57403,1.60167,1.62635,1.64813,1.66709,1.68332,1.69696,1.70813,1.71697,1.72364,1.72828,1.73104,1.73208,1.73153,1.72951,1.72615,1.72154,1.71574,1.70882,1.70079,1.69167,1.68143,1.67002,1.65738,1.64342,1.62803,1.61109,1.59244,1.57196,1.54948,1.52484,1.4979,1.46851,1.43654,1.40188,1.36444,1.32418,1.28106,1.23511,1.18636,1.13493,1.08096,1.02462,0.96616,0.905863,0.844057,0.781114,0.717449,0.653511,0.589779,0.526757,0.46497,0.404952,0.347241,0.292375,0.240876,0.19325,0.149975,0.111493,0.078206,0.0504658,0.0285702,0.0127565,0.00319798,2.99952e-32,
0,0.00579627,0.0231254,0.0518093,0.0915538,0.141953,0.202495,0.272566,0.351463,0.438396,0.532504,0.632859,0.738483,0.848359,0.961438,1.07666,1.19295,1.30925,1.42453,1.53777,1.648,1.75429,1.85579,1.9517,2.04128,2.12391,2.19901,2.2661,2.3248,2.3748,2.41588,2.44793,2.4709,2.48483,2.48984,2.48612,2.47395,2.45364,2.42558,2.3902,2.34797,2.2994,2.24503,2.18542,2.12114,2.05277,1.98089,1.90609,1.82893,1.74997,1.66974,1.58877,1.50753,1.4265,1.3461,1.26673,1.18876,1.11251,1.03827,0.966295,0.89681,0.829996,0.766001,0.70494,0.646899,0.591932,0.540066,0.491302,0.445618,0.402971,0.363299,0.326521,0.292543,0.26126,0.232554,0.206302,0.182375,0.160638,0.140957,0.123194,0.107214,0.0928844,0.0800761,0.0686643,0.0585299,0.0495603,0.0416493,0.0346979,0.0286146,0.023315,0.0187226,0.014768,0.0113896,0.00853291,0.00615047,0.00420177,0.00265292,0.00147647,0.000651201,0.00016205,2.99952e-32,
0,0.00305897,0.0122115,0.0273851,0.0484595,0.0752693,0.107605,0.145217,0.187818,0.235085,0.286666,0.342184,0.401237,0.463406,0.52826,0.595355,0.664244,0.734479,0.805615,0.877211,0.948838,1.02008,1.09054,1.15983,1.22761,1.29352,1.35727,1.41857,1.47716,1.53281,1.58531,1.6345,1.68023,1.72236,1.76081,1.79551,1.8264,1.85346,1.87669,1.8961,1.91172,1.9236,1.93181,1.9364,1.93747,1.93511,1.92941,1.92049,1.90846,1.89342,1.8755,1.85482,1.83149,1.80564,1.77739,1.74686,1.71416,1.67941,1.64273,1.60422,1.56399,1.52217,1.47884,1.43413,1.38813,1.34096,1.29274,1.24357,1.19356,1.14285,1.09154,1.03976,0.987649,0.93533,0.882943,0.830629,0.778533,0.726805,0.6756,0.625074,0.575389,0.526708,0.479197,0.433024,0.388355,0.345357,0.304196,0.265034,0.22803,0.193339,0.161109,0.131483,0.104592,0.0805592,0.0594957,0.0414997,0.0266565,0.0150368,0.00669656,0.00167617,2.99952e-32,
0,0.000457108,0.00182908,0.00411785,0.00732679,0.0114609,0.0165272,0.0225349,0.0294962,0.0374263,0.0463439,0.0562716,0.0672363,0.0792697,0.0924084,0.106694,0.122174,0.138901,0.156933,0.176335,0.197174,0.219526,0.243468,0.269082,0.296452,0.325664,0.356802,0.389951,0.425191,0.462597,0.502236,0.544167,0.588437,0.635079,0.684109,0.735526,0.78931,0.845415,0.903773,0.964292,1.02685,1.09129,1.15745,1.22511,1.29403,1.36395,1.43456,1.50554,1.57653,1.64715,1.71698,1.78561,1.85257,1.91742,1.97965,2.03879,2.09434,2.14581,2.19271,2.23457,2.27092,2.30133,2.32539,2.34272,2.35299,2.3559,2.35121,2.33873,2.31833,2.28995,2.2536,2.20935,2.15736,2.09784,2.03109,1.9575,1.87751,1.79164,1.70049,1.60471,1.50503,1.40221,1.29708,1.19051,1.08338,0.976619,0.871152,0.767917,0.667841,0.571838,0.480793,0.395554,0.316924,0.24565,0.182414,0.127827,0.0824164,0.0466268,0.0208085,0.00521497,2.99952e-32,
0,0.001365,0.00545198,0.012237,0.0216806,0.0337281,0.0483108,0.0653471,0.0847433,0.106396,0.130192,0.156013,0.183734,0.213229,0.24437,0.27703,0.311088,0.346425,0.38293,0.4205,0.459039,0.498464,0.538697,0.579673,0.621338,0.663645,0.706556,0.750042,0.79408,0.838649,0.883735,0.929321,0.97539,1.02192,1.06889,1.11627,1.16401,1.21207,1.26038,1.30886,1.35743,1.40596,1.45433,1.50239,1.54996,1.59687,1.6429,1.68784,1.73144,1.77346,1.81362,1.85165,1.88727,1.92018,1.95008,1.9767,1.99973,2.0189,2.03394,2.0446,2.05063,2.05183,2.04802,2.03903,2.02474,2.00508,1.97998,1.94944,1.91349,1.8722,1.82571,1.77417,1.7178,1.65686,1.59166,1.52253,1.44986,1.37409,1.29566,1.21508,1.13285,1.04953,0.965678,0.881882,0.798732,0.716827,0.636767,0.559144,0.484544,0.413531,0.346652,0.284424,0.227335,0.175834,0.130329,0.0911858,0.0587173,0.0331862,0.0147998,0.00370751,2.99952e-32,
0,0.00407557,0.0162707,0.036491,0.0645805,0.100323,0.143444,0.193613,0.250449,0.313519,0.382346,0.456412,0.535161,0.618008,0.704337,0.793512,0.88488,0.977776,1.07153,1.16546,1.25891,1.35123,1.44176,1.5299,1.61504,1.69663,1.77413,1.84707,1.91498,1.97747,2.03418,2.08481,2.12911,2.16688,2.19798,2.22231,2.23985,2.25061,2.25465,2.25209,2.2431,2.22789,2.20671,2.17983,2.14758,2.1103,2.06837,2.02217,1.9721,1.91859,1.86206,1.80292,1.74162,1.67855,1.61414,1.54877,1.48282,1.41664,1.35057,1.28492,1.21996,1.15597,1.09316,1.03175,0.971888,0.913735,0.857406,0.802995,0.750573,0.700186,0.651864,0.605615,0.561431,0.519292,0.479163,0.441001,0.404756,0.370374,0.337797,0.306967,0.277827,0.250321,0.224398,0.20001,0.177115,0.155677,0.135664,0.117053,0.0998254,0.0839692,0.0694768,0.0563451,0.0445746,0.0341684,0.0251315,0.0174701,0.0111905,0.00629904,0.00280099,0.000700461,2.99952e-32,
0,0.00479372,0.019127,0.042857,0.0757478,0.117474,0.167626,0.225712,0.291171,0.363372,0.44163,0.525208,0.613329,0.705187,0.79995,0.896775,0.994814,1.09323,1.19118,1.28788,1.38255,1.47446,1.56291,1.64728,1.72699,1.80151,1.87039,1.93326,1.98978,2.03972,2.08289,2.11917,2.14854,2.17099,2.1866,2.19551,2.1979,2.19398,2.18404,2.16836,2.14729,2.12117,2.09039,2.05533,2.01638,1.97395,1.92844,1.88024,1.82974,1.7773,1.72328,1.66802,1.61184,1.55503,1.49786,1.44058,1.38342,1.32657,1.27023,1.21454,1.15963,1.10563,1.05263,1.00071,0.949931,0.900344,0.851989,0.804895,0.759083,0.714565,0.671347,0.629431,0.588816,0.549498,0.511471,0.474732,0.439277,0.405104,0.372212,0.340604,0.310284,0.281259,0.25354,0.227139,0.202072,0.178355,0.15601,0.135058,0.115522,0.0974259,0.0807948,0.0656536,0.052027,0.039939,0.0294119,0.0204663,0.0131204,0.00739002,0.00328758,0.000822366,2.99952e-32,
0,0.00104449,0.00417634,0.00939075,0.0166798,0.0260323,0.0374343,0.0508685,0.0663148,0.0837498,0.103147,0.124478,0.147708,0.172805,0.199729,0.228442,0.258901,0.291063,0.324881,0.360309,0.397294,0.435786,0.47573,0.517069,0.559744,0.603694,0.648856,0.695162,0.742542,0.790921,0.840219,0.890353,0.941234,0.992767,1.04485,1.09739,1.15025,1.20333,1.25649,1.3096,1.36251,1.41506,1.46708,1.51841,1.56886,1.61823,1.66631,1.7129,1.75777,1.80069,1.84144,1.87977,1.91545,1.94822,1.97785,2.00408,2.02667,2.04539,2.06001,2.0703,2.07607,2.07712,2.07329,2.06442,2.05039,2.03112,2.00654,1.97661,1.94136,1.90082,1.8551,1.80432,1.74866,1.68834,1.62364,1.55487,1.48239,1.4066,1.32794,1.24688,1.16395,1.07968,0.994639,0.909428,0.824654,0.740939,0.658911,0.5792,0.502426,0.429196,0.360099,0.295696,0.236518,0.183058,0.135764,0.0950362,0.0612227,0.0346139,0.0154403,0.00386856,2.99952e-32,
0,0.000243774,0.000978896,0.00221675,0.00397632,0.00628416,0.00917445,0.0126889,0.0168769,0.0217954,0.0275086,0.0340882,0.0416132,0.0501694,0.059849,0.0707507,0.0829788,0.0966424,0.111855,0.128734,0.1474,0.167972,0.190571,0.215317,0.242325,0.271704,0.30356,0.337987,0.37507,0.414882,0.45748,0.502906,0.551184,0.602314,0.656276,0.713025,0.772491,0.834573,0.899146,0.966053,1.03511,1.1061,1.17877,1.25285,1.32803,1.40397,1.4803,1.55662,1.63253,1.70756,1.78127,1.85317,1.92278,1.98959,2.05311,2.11282,2.16823,2.21885,2.2642,2.30384,2.33732,2.36427,2.38431,2.39713,2.40245,2.40006,2.3898,2.37154,2.34526,2.31097,2.26876,2.21879,2.16129,2.09656,2.02497,1.94696,1.86302,1.77373,1.67969,1.58161,1.48019,1.37621,1.27049,1.16385,1.05717,0.951314,0.847161,0.745588,0.64746,0.553619,0.464878,0.382011,0.305748,0.236763,0.175669,0.123013,0.0792669,0.0448248,0.0199978,0.00501085,2.99952e-32,
0,0.0039953,0.0159382,0.0357007,0.0630722,0.0977626,0.139407,0.187573,0.241762,0.301422,0.365954,0.434718,0.507045,0.582242,0.659608,0.738435,0.818024,0.897688,0.976762,1.05461,1.13065,1.2043,1.27508,1.34253,1.40625,1.46591,1.52125,1.57203,1.61813,1.65945,1.69595,1.72766,1.75465,1.77703,1.79497,1.80865,1.81829,1.82414,1.82647,1.82554,1.82163,1.81502,1.80599,1.7948,1.7817,1.76694,1.75071,1.73321,1.71462,1.69505,1.67463,1.65343,1.63152,1.60892,1.58565,1.5617,1.53703,1.5116,1.48536,1.45823,1.43013,1.401,1.37075,1.33931,1.30661,1.27261,1.23724,1.2005,1.16236,1.12283,1.08193,1.03971,0.99624,0.951594,0.905882,0.859229,0.811781,0.763704,0.715182,0.666416,0.617622,0.569027,0.52087,0.473397,0.42686,0.381514,0.337618,0.295425,0.255187,0.217149,0.181545,0.148598,0.118517,0.0914944,0.0677054,0.0473047,0.0304262,0.0171812,0.00765721,0.00191748,2.99952e-32,
0,0.0051459,0.0205412,0.0460591,0.0814896,0.126541,0.180844,0.243953,0.315349,0.394448,0.480604,0.573114,0.671226,0.774143,0.881032,0.991029,1.10325,1.21679,1.33075,1.44421,1.55629,1.66608,1.77275,1.87545,1.97339,2.06584,2.15209,2.23152,2.30354,2.36765,2.42342,2.47049,2.50858,2.53749,2.55711,2.56738,2.56836,2.56017,2.543,2.51711,2.48285,2.44062,2.39087,2.33411,2.27089,2.20182,2.12751,2.04862,1.96581,1.87976,1.79115,1.70065,1.60892,1.51661,1.42434,1.33269,1.24223,1.15345,1.06684,0.982802,0.901723,0.823919,0.74966,0.679163,0.612596,0.550074,0.491668,0.437402,0.387256,0.341173,0.299061,0.260797,0.226229,0.195184,0.167471,0.142883,0.121202,0.102207,0.0856726,0.0713736,0.05909,0.0486085,0.0397252,0.0322475,0.0259957,0.0208039,0.0165212,0.0130114,0.0101535,0.00784085,0.00598089,0.00449422,0.00331362,0.00238304,0.00165646,0.00109679,0.000674765,0.00036797,0.00015994,3.94523e-05,2.99952e-32,
0,0.00282353,0.011268,0.0252554,0.0446564,0.0692919,0.0989355,0.133316,0.172121,0.214999,0.261568,0.311415,0.364106,0.419187,0.476194,0.534659,0.594111,0.654089,0.714141,0.773835,0.832761,0.890535,0.946805,1.00125,1.0536,1.10361,1.15108,1.19585,1.23782,1.27692,1.31311,1.34642,1.37689,1.40461,1.42971,1.45232,1.47261,1.49078,1.50701,1.52152,1.53453,1.54624,1.55686,1.56658,1.57558,1.58402,1.59202,1.5997,1.60712,1.61435,1.62139,1.62821,1.63476,1.64096,1.64667,1.65174,1.65599,1.6592,1.66116,1.66161,1.6603,1.65696,1.65131,1.6431,1.63206,1.61796,1.60056,1.57967,1.55512,1.52678,1.49456,1.4584,1.41831,1.37434,1.32658,1.27518,1.22035,1.16233,1.10143,1.03799,0.972424,0.905154,0.836658,0.767445,0.698047,0.629019,0.560929,0.494351,0.429861,0.36803,0.309415,0.254551,0.203949,0.158084,0.117392,0.0822647,0.0530422,0.0300096,0.013393,0.0033566,2.99952e-32,
0,6.14315e-06,2.56385e-05,6.17909e-05,0.000120461,0.00021058,0.000344838,0.00054054,0.000820607,0.00121468,0.00176029,0.00250413,0.00350321,0.00482604,0.0065537,0.00878085,0.0116164,0.0151841,0.0196229,0.0250866,0.0317442,0.0397786,0.0493863,0.0607759,0.0741662,0.0897844,0.107864,0.12864,0.152348,0.179219,0.209478,0.243334,0.280982,0.322595,0.368324,0.418284,0.472563,0.531204,0.594214,0.66155,0.733122,0.808791,0.888362,0.971587,1.05816,1.14773,1.23988,1.33414,1.42999,1.52687,1.62417,1.72123,1.81737,1.91188,2.00401,2.09302,2.17816,2.25867,2.3338,2.40284,2.46508,2.51986,2.56657,2.60464,2.63358,2.65296,2.66241,2.66167,2.65055,2.62895,2.59687,2.55442,2.50178,2.43925,2.36724,2.28623,2.19683,2.09971,1.99565,1.8855,1.77016,1.65064,1.52797,1.40323,1.27755,1.15206,1.02792,0.906278,0.788265,0.674993,0.567532,0.466904,0.374072,0.289924,0.215273,0.150839,0.0972454,0.0550121,0.0245491,0.00615221,2.99952e-32,
0,0.00288006,0.0114907,0.0257436,0.0454935,0.0705403,0.100632,0.135469,0.174707,0.217966,0.264832,0.314867,0.36761,0.422588,0.479323,0.537333,0.596144,0.655294,0.714338,0.772855,0.830454,0.886775,0.941495,0.994331,1.04504,1.09342,1.13933,1.18264,1.2233,1.26127,1.29657,1.32926,1.35941,1.38715,1.41261,1.43596,1.45737,1.47703,1.49513,1.51188,1.52745,1.54202,1.55576,1.56882,1.58132,1.59337,1.60502,1.61634,1.62732,1.63796,1.64819,1.65794,1.66708,1.67548,1.68297,1.68935,1.69441,1.69791,1.69963,1.6993,1.69668,1.69151,1.68356,1.67258,1.65837,1.64074,1.61952,1.59457,1.56581,1.53318,1.49666,1.45627,1.41209,1.36423,1.31285,1.25816,1.20041,1.1399,1.07695,1.01194,0.945282,0.87741,0.80879,0.739911,0.671278,0.603406,0.536818,0.47204,0.409589,0.349974,0.293686,0.241195,0.192943,0.14934,0.110759,0.0775321,0.0499449,0.0282365,0.0125949,0.00315553,2.99952e-32,
0,0.00677405,0.0270253,0.0605418,0.106973,0.165832,0.236504,0.318254,0.410231,0.511483,0.620967,0.73756,0.860071,0.987261,1.11785,1.25054,1.38401,1.51697,1.64813,1.77624,1.90011,2.01859,2.13062,2.23523,2.33151,2.41868,2.49605,2.56306,2.61923,2.66425,2.69787,2.72001,2.73068,2.73001,2.71823,2.69569,2.6628,2.62009,2.56816,2.50766,2.43932,2.3639,2.2822,2.19506,2.10332,2.00783,1.90944,1.80899,1.70727,1.60508,1.50314,1.40216,1.30279,1.20561,1.11116,1.0199,0.932249,0.848547,0.769073,0.694043,0.623613,0.55788,0.496884,0.440612,0.389004,0.341956,0.299323,0.260928,0.226566,0.196007,0.169005,0.1453,0.124624,0.106707,0.0912766,0.0780682,0.0668233,0.0572953,0.0492517,0.0424759,0.0367694,0.0319532,0.0278679,0.0243747,0.0213548,0.018709,0.0163567,0.014235,0.0122966,0.0105088,0.00885129,0.00731414,0.00589607,0.00460226,0.00344248,0.00242923,0.00157611,0.000896347,0.000401582,0.000100887,2.99952e-32,
0,0.00361553,0.0144323,0.0323609,0.0572532,0.0889032,0.127049,0.171374,0.221511,0.277045,0.337515,0.40242,0.471222,0.543352,0.618215,0.695198,0.77367,0.852994,0.93253,1.01164,1.08971,1.16612,1.24029,1.31167,1.37975,1.44405,1.50413,1.55963,1.61022,1.65564,1.69566,1.73016,1.75905,1.7823,1.79996,1.81212,1.81896,1.82067,1.81754,1.80986,1.798,1.78234,1.7633,1.74131,1.71683,1.69033,1.66226,1.63309,1.60324,1.57314,1.54318,1.51371,1.48503,1.4574,1.43105,1.40611,1.3827,1.36085,1.34054,1.3217,1.3042,1.28787,1.27247,1.25774,1.24338,1.22906,1.21443,1.19914,1.18282,1.16511,1.14567,1.12419,1.10038,1.07399,1.04483,1.01275,0.977676,0.939579,0.898506,0.854573,0.807962,0.758924,0.707774,0.654889,0.600704,0.5457,0.490404,0.435375,0.381198,0.328472,0.277803,0.229789,0.185015,0.144034,0.107367,0.0754832,0.0487992,0.0276662,0.0123655,0.00310184,2.99952e-32,
0,0.000394108,0.00156504,0.00347909,0.00608155,0.00929894,0.013042,0.0172091,0.0216909,0.0263744,0.0311482,0.0359076,0.0405594,0.0450276,0.0492577,0.0532212,0.05692,0.0603893,0.0637004,0.0669628,0.0703253,0.0739761,0.078142,0.0830866,0.0891075,0.0965325,0.105715,0.117027,0.130857,0.147598,0.167645,0.191382,0.21918,0.251385,0.288312,0.330235,0.377382,0.429925,0.487977,0.551586,0.620726,0.695301,0.775137,0.859981,0.949501,1.04329,1.14086,1.24165,1.34504,1.45034,1.55679,1.66362,1.76998,1.87501,1.97782,2.07751,2.17317,2.26392,2.34888,2.42721,2.49809,2.56078,2.61459,2.65889,2.69313,2.71686,2.72972,2.73143,2.72183,2.70087,2.6686,2.62518,2.57088,2.50607,2.43124,2.34697,2.25395,2.15293,2.04479,1.93044,1.81089,1.6872,1.56046,1.43182,1.30243,1.17347,1.04611,0.921537,0.800879,0.685252,0.575724,0.473309,0.378954,0.293532,0.217835,0.152563,0.0983183,0.0556018,0.0248067,0.00621591,2.99952e-32,
0,0.00286518,0.0114206,0.0255468,0.0450473,0.0696529,0.0990264,0.132769,0.170427,0.211501,0.255456,0.301726,0.349732,0.398884,0.448598,0.498303,0.547451,0.595528,0.642061,0.686629,0.728864,0.768465,0.805194,0.838884,0.869442,0.896845,0.921142,0.942454,0.960964,0.976918,0.990616,1.00241,1.01267,1.02184,1.03034,1.03864,1.04718,1.05642,1.06679,1.07869,1.0925,1.10856,1.12713,1.14845,1.17268,1.19991,1.23019,1.26346,1.2996,1.33845,1.37972,1.42311,1.46822,1.5146,1.56175,1.60912,1.65613,1.70215,1.74655,1.78868,1.82789,1.86352,1.89495,1.92158,1.94286,1.95825,1.96732,1.96964,1.96491,1.95286,1.93333,1.90622,1.87155,1.82939,1.77992,1.72343,1.66026,1.59085,1.51573,1.4355,1.35083,1.26245,1.17115,1.07775,0.983143,0.888213,0.79388,0.701066,0.61069,0.523655,0.44084,0.363086,0.291188,0.225885,0.167851,0.117687,0.0759122,0.0429614,0.019177,0.00480676,2.99952e-32,
0,0.00589097,0.0235123,0.0527093,0.0932257,0.144705,0.206694,0.278647,0.359929,0.449824,0.547536,0.652205,0.762904,0.878655,0.998437,1.12119,1.24584,1.37128,1.49641,1.62015,1.74139,1.85911,1.97226,2.07989,2.18107,2.27496,2.36077,2.43779,2.50543,2.56314,2.61051,2.64721,2.67302,2.68783,2.69161,2.68447,2.66659,2.63827,2.5999,2.55195,2.49497,2.42961,2.35656,2.27658,2.19048,2.0991,2.00332,1.90402,1.80211,1.69846,1.59395,1.48944,1.38574,1.2836,1.18376,1.08685,0.993473,0.904139,0.81929,0.739287,0.664415,0.594875,0.530792,0.47221,0.419104,0.371374,0.328857,0.291333,0.258528,0.230126,0.205777,0.185102,0.167703,0.153175,0.14111,0.131108,0.122781,0.115766,0.109723,0.104347,0.0993703,0.0945643,0.0897436,0.0847662,0.0795333,0.0739883,0.0681148,0.061933,0.0554964,0.0488868,0.0422092,0.0355863,0.0291526,0.0230485,0.0174142,0.0123842,0.00808213,0.00461593,0.002074,0.000521906,2.99952e-32,
0,0.00562237,0.0224254,0.0502173,0.0886812,0.137379,0.195757,0.263155,0.338813,0.421884,0.511442,0.606498,0.706011,0.808901,0.914066,1.02039,1.12677,1.23211,1.33536,1.4355,1.53159,1.62273,1.70813,1.78705,1.85889,1.92309,1.97925,2.02705,2.06626,2.0968,2.11867,2.13196,2.13687,2.13371,2.12283,2.1047,2.07982,2.04877,2.01215,1.97063,1.92487,1.87557,1.82343,1.76913,1.71335,1.65673,1.5999,1.54341,1.48781,1.43357,1.38109,1.33074,1.2828,1.2375,1.19499,1.15535,1.11862,1.08475,1.05366,1.02519,0.999136,0.975268,0.953308,0.932952,0.913873,0.895733,0.878186,0.860889,0.843507,0.825719,0.80723,0.787773,0.767113,0.745056,0.721447,0.696176,0.66918,0.640445,0.610006,0.577943,0.544386,0.509507,0.473522,0.436681,0.39927,0.361603,0.324017,0.286865,0.250516,0.21534,0.18171,0.149991,0.120536,0.0936782,0.0697255,0.0489568,0.0316163,0.0179096,0.00799988,0.00200601,2.99952e-32,
0,0.000582713,0.00232093,0.00518519,0.00912749,0.0140828,0.0199713,0.0267007,0.0341699,0.0422717,0.0508965,0.0599369,0.0692907,0.0788655,0.0885828,0.0983812,0.10822,0.118084,0.127981,0.137951,0.148063,0.158417,0.169144,0.180407,0.192398,0.205337,0.21947,0.235065,0.252406,0.271794,0.293535,0.317939,0.345314,0.375957,0.41015,0.448149,0.490184,0.536448,0.58709,0.642214,0.701867,0.766041,0.834664,0.907602,0.984651,1.06554,1.14993,1.23741,1.3275,1.41968,1.51335,1.60785,1.7025,1.79655,1.88923,1.97974,2.06728,2.15101,2.23013,2.30381,2.37129,2.4318,2.48464,2.52915,2.56473,2.59087,2.60712,2.61312,2.6086,2.59341,2.56747,2.53082,2.48361,2.4261,2.35866,2.28175,2.19595,2.10195,2.00051,1.89249,1.77883,1.66054,1.53869,1.41439,1.2888,1.16311,1.0385,0.916168,0.797305,0.683061,0.574555,0.47285,0.378949,0.293777,0.218177,0.152898,0.0985842,0.0557741,0.0248905,0.00623792,2.99952e-32,
0,0.00151376,0.00603599,0.0135099,0.0238419,0.0369038,0.052535,0.0705461,0.0907225,0.112829,0.136615,0.161818,0.188173,0.215411,0.243271,0.271504,0.299873,0.328165,0.356192,0.383795,0.410848,0.437263,0.462987,0.488008,0.512354,0.536093,0.559329,0.582206,0.604897,0.627609,0.650572,0.67404,0.698277,0.723559,0.750165,0.778368,0.808433,0.840605,0.87511,0.912139,0.951852,0.994364,1.03975,1.08802,1.13916,1.19307,1.2496,1.30855,1.36966,1.43259,1.49696,1.56235,1.62824,1.69412,1.7594,1.82347,1.8857,1.94544,2.00201,2.05475,2.10301,2.14614,2.18352,2.21459,2.23881,2.25569,2.26481,2.26583,2.25847,2.24253,2.21789,2.18454,2.14254,2.09205,2.03334,1.96676,1.89275,1.81184,1.72465,1.63187,1.53428,1.43271,1.32805,1.22124,1.11327,1.00513,0.897852,0.792457,0.689966,0.591377,0.497661,0.409747,0.328514,0.254777,0.189281,0.132689,0.0855777,0.0484264,0.021615,0.00541761,2.99952e-32,
0,0.00587053,0.0234249,0.0524916,0.0927862,0.143914,0.205374,0.276564,0.356788,0.44526,0.54112,0.643433,0.75121,0.86341,0.978957,1.09675,1.21567,1.33461,1.45246,1.56813,1.68058,1.78879,1.89182,1.98878,2.07885,2.1613,2.23547,2.30082,2.35688,2.4033,2.43982,2.46631,2.4827,2.48908,2.48559,2.4725,2.45013,2.41893,2.3794,2.33211,2.27769,2.21683,2.15024,2.0787,2.00296,1.92381,1.84203,1.7584,1.67366,1.58854,1.50373,1.41988,1.33757,1.25736,1.1797,1.10503,1.03368,0.965943,0.902017,0.842052,0.786127,0.734256,0.686398,0.64245,0.602265,0.565648,0.532365,0.502155,0.474731,0.449789,0.427017,0.406098,0.38672,0.368582,0.351396,0.334898,0.318847,0.303035,0.287286,0.271459,0.255451,0.239196,0.222667,0.205873,0.188856,0.171694,0.154491,0.137378,0.120508,0.104049,0.0881809,0.0730905,0.0589655,0.0459902,0.0343403,0.0241787,0.015651,0.00888218,0.00397284,0.000997024,2.99952e-32,
0,0.0054746,0.0218455,0.0489547,0.0865406,0.134241,0.191595,0.258051,0.33297,0.415634,0.505253,0.600975,0.701891,0.80705,0.915465,1.02612,1.138,1.25006,1.3613,1.4707,1.57728,1.68013,1.77833,1.87107,1.95758,2.03716,2.10921,2.1732,2.22868,2.27533,2.31288,2.34119,2.3602,2.36995,2.37057,2.36228,2.34539,2.32028,2.2874,2.24729,2.20052,2.14771,2.08952,2.02665,1.95981,1.88974,1.81715,1.74276,1.66729,1.59139,1.51572,1.44087,1.36739,1.29578,1.22648,1.15986,1.09625,1.03589,0.97895,0.925548,0.875732,0.829485,0.786736,0.747359,0.71118,0.677985,0.647524,0.61952,0.593675,0.569677,0.54721,0.525957,0.505612,0.485883,0.466501,0.447221,0.427832,0.408158,0.388061,0.367445,0.346254,0.324477,0.302143,0.279324,0.256127,0.232694,0.209201,0.185847,0.162854,0.140458,0.118907,0.0984527,0.0793446,0.0618253,0.0461235,0.0324497,0.0209908,0.0119061,0.0053232,0.00133557,2.99952e-32,
0,0.00128711,0.00512953,0.0114711,0.0202202,0.0312522,0.0444129,0.0595225,0.0763809,0.0947722,0.114471,0.135248,0.156878,0.179142,0.201836,0.224779,0.247813,0.27081,0.293675,0.316351,0.338818,0.361097,0.383248,0.405371,0.427606,0.450125,0.473133,0.496864,0.52157,0.547522,0.574997,0.604276,0.635633,0.66933,0.705612,0.744692,0.786752,0.831933,0.880328,0.931981,0.986879,1.04495,1.10607,1.17004,1.2366,1.30545,1.37619,1.44842,1.52163,1.59531,1.66888,1.74172,1.81322,1.88272,1.94955,2.01305,2.07257,2.12746,2.17711,2.22093,2.25839,2.28899,2.31229,2.32793,2.33558,2.33502,2.32609,2.30869,2.28283,2.24859,2.20611,2.15565,2.09751,2.03207,1.9598,1.88122,1.79692,1.70753,1.61376,1.51634,1.41603,1.31365,1.21002,1.10597,1.00234,0.899977,0.799702,0.702331,0.608652,0.51942,0.435355,0.357134,0.285382,0.220672,0.163519,0.114377,0.0736323,0.0416072,0.0185521,0.00464702,2.99952e-32,
0,0.0008797,0.00350938,0.00786097,0.0138883,0.0215281,0.0307015,0.0413152,0.0532641,0.0664334,0.0807007,0.0959395,0.112022,0.128822,0.146218,0.164099,0.182362,0.200922,0.21971,0.238676,0.257793,0.277057,0.296488,0.316132,0.336062,0.356376,0.377195,0.398668,0.420961,0.444261,0.468773,0.494713,0.522306,0.551781,0.583367,0.617285,0.653748,0.69295,0.735063,0.780233,0.828571,0.880153,0.935011,0.99313,1.05445,1.11884,1.18614,1.25612,1.32848,1.40289,1.47893,1.55615,1.63403,1.71202,1.7895,1.86583,1.94033,2.0123,2.08102,2.14577,2.20581,2.26044,2.30896,2.3507,2.38506,2.41144,2.42936,2.43835,2.43805,2.42819,2.40856,2.37909,2.33977,2.29075,2.23223,2.16455,2.08816,2.0036,1.91153,1.81268,1.70789,1.59808,1.48424,1.36743,1.24876,1.12937,1.01045,0.893188,0.778767,0.668366,0.563131,0.464166,0.372518,0.289164,0.214997,0.150819,0.0973248,0.0550982,0.0246008,0.00616719,2.99952e-32,
0,0.00396745,0.01584,0.0355283,0.0628842,0.0977014,0.139717,0.188614,0.244021,0.30552,0.372645,0.444889,0.521707,0.602521,0.686724,0.773687,0.862765,0.953299,1.04462,1.13607,1.22698,1.3167,1.40458,1.49002,1.57243,1.65124,1.72593,1.79602,1.86107,1.9207,1.97456,2.02238,2.06392,2.09901,2.12753,2.14943,2.16471,2.17341,2.17566,2.1716,2.16144,2.14543,2.12387,2.09707,2.0654,2.02924,1.98899,1.94507,1.89792,1.84796,1.79562,1.74134,1.68554,1.6286,1.57092,1.51285,1.45472,1.39683,1.33945,1.28283,1.22715,1.1726,1.11931,1.06737,1.01687,0.96785,0.920316,0.874264,0.829665,0.786474,0.744629,0.704063,0.664698,0.626456,0.589258,0.55303,0.517703,0.483221,0.449538,0.416621,0.384454,0.353039,0.322393,0.292553,0.263573,0.235521,0.208485,0.182563,0.157865,0.13451,0.112622,0.0923286,0.0737562,0.0570287,0.0422632,0.0295681,0.0190401,0.0107618,0.00479961,0.00120241,2.99952e-32,
0,0.00601282,0.0239862,0.0537261,0.094912,0.147101,0.209736,0.28215,0.363576,0.453161,0.549971,0.65301,0.761226,0.873529,0.9888,1.10591,1.22372,1.34112,1.457,1.57033,1.68007,1.7853,1.88513,1.97875,2.06544,2.14458,2.21562,2.27813,2.33176,2.37626,2.41151,2.43743,2.45408,2.46157,2.46012,2.45,2.43157,2.40524,2.37147,2.33077,2.28369,2.23081,2.17273,2.11006,2.04342,1.97344,1.90073,1.82588,1.74949,1.67209,1.59422,1.51636,1.43898,1.36248,1.28724,1.21359,1.14182,1.07219,1.00489,0.94009,0.87792,0.81847,0.761798,0.70793,0.656865,0.608577,0.56302,0.520127,0.479816,0.441995,0.406558,0.373395,0.342389,0.313422,0.286377,0.261137,0.23759,0.215628,0.195149,0.176059,0.158269,0.141699,0.126276,0.111934,0.0986149,0.0862688,0.0748508,0.0643235,0.0546552,0.04582,0.0377971,0.0305699,0.0241255,0.0184542,0.0135488,0.00940402,0.00601636,0.00338337,0.00150349,0.00037584,2.99952e-32,
0,0.00161615,0.00645466,0.0144859,0.0256611,0.0399125,0.057155,0.0772865,0.100189,0.125731,0.153768,0.184143,0.216692,0.251241,0.287613,0.325626,0.365099,0.405848,0.447694,0.490463,0.533983,0.578094,0.622642,0.667484,0.712491,0.757544,0.802539,0.847385,0.892005,0.936334,0.980321,1.02393,1.06712,1.10988,1.15219,1.19405,1.23545,1.27638,1.31686,1.35686,1.39637,1.43537,1.47384,1.51173,1.54898,1.58552,1.62125,1.65608,1.68988,1.7225,1.75378,1.78354,1.81159,1.83771,1.86169,1.88327,1.90222,1.91828,1.9312,1.94072,1.94659,1.94858,1.94645,1.93999,1.92901,1.91335,1.89288,1.8675,1.83713,1.80176,1.76142,1.71615,1.66609,1.6114,1.55228,1.48901,1.4219,1.35132,1.27767,1.20141,1.12303,1.04307,0.962084,0.880659,0.799405,0.718946,0.639915,0.562947,0.488671,0.417705,0.350646,0.288066,0.230503,0.178458,0.132384,0.0926877,0.0597176,0.0337659,0.0150627,0.00377405,2.99952e-32,
0,0.000171116,0.000687201,0.00155653,0.00279305,0.00441669,0.00645362,0.00893672,0.0119059,0.0154089,0.0195012,0.024247,0.0297194,0.0360008,0.0431832,0.0513683,0.0606677,0.0712025,0.0831033,0.0965091,0.111567,0.12843,0.147257,0.16821,0.191451,0.217142,0.245441,0.276499,0.310461,0.347457,0.387602,0.430993,0.477705,0.527788,0.581267,0.638132,0.698344,0.761826,0.828465,0.898107,0.97056,1.04559,1.12292,1.20224,1.28318,1.36536,1.44835,1.53168,1.61486,1.69737,1.77866,1.85818,1.93534,2.00956,2.08026,2.14685,2.20876,2.26545,2.31636,2.361,2.3989,2.42963,2.4528,2.46809,2.47523,2.474,2.46425,2.4459,2.41895,2.38345,2.33954,2.28743,2.22741,2.15981,2.08509,2.00372,1.91627,1.82335,1.72565,1.62388,1.51882,1.41127,1.30207,1.19209,1.08221,0.973324,0.86632,0.762087,0.661495,0.565389,0.474586,0.389859,0.311936,0.241492,0.179138,0.125418,0.080804,0.0456885,0.0203814,0.00510669,2.99952e-32,
0,0.00293732,0.0117258,0.0262952,0.0465292,0.0722666,0.103303,0.139394,0.180257,0.225573,0.274994,0.328143,0.384619,0.444004,0.505864,0.569753,0.635221,0.701814,0.769082,0.836581,0.903879,0.970561,1.03623,1.1005,1.16303,1.22349,1.2816,1.33708,1.38971,1.4393,1.48569,1.52875,1.56839,1.60457,1.63724,1.66641,1.69212,1.71442,1.73341,1.74917,1.76184,1.77155,1.77844,1.78268,1.78443,1.78384,1.78108,1.7763,1.76965,1.76127,1.75127,1.73977,1.72686,1.7126,1.69706,1.68026,1.66221,1.64292,1.62235,1.60048,1.57726,1.55261,1.52648,1.49879,1.46947,1.43843,1.40561,1.37095,1.33439,1.2959,1.25546,1.21307,1.16876,1.12257,1.07459,1.02491,0.973678,0.921051,0.867227,0.812432,0.756917,0.70096,0.644862,0.588946,0.533551,0.479029,0.425745,0.374068,0.324371,0.27702,0.232378,0.190794,0.152598,0.118101,0.0875868,0.0613114,0.0394972,0.022331,0.00996129,0.00249581,2.99952e-32,
0,0.005063,0.0202054,0.0452883,0.0800824,0.124271,0.177453,0.239149,0.308806,0.385802,0.469456,0.559033,0.653754,0.752801,0.855329,0.960472,1.06735,1.17508,1.28279,1.38961,1.4947,1.59723,1.69643,1.79156,1.88194,1.96691,2.04592,2.11843,2.184,2.24224,2.29284,2.33556,2.37021,2.3967,2.415,2.42513,2.42719,2.42135,2.40782,2.38687,2.35881,2.32401,2.28287,2.23582,2.18333,2.12589,2.064,1.99818,1.92895,1.85685,1.78239,1.7061,1.62848,1.55001,1.47118,1.39242,1.31416,1.23679,1.16068,1.08615,1.0135,0.942998,0.874862,0.809287,0.746434,0.686431,0.629372,0.575321,0.524314,0.47636,0.431441,0.38952,0.350538,0.314418,0.28107,0.250387,0.222257,0.196556,0.173154,0.151919,0.132714,0.115404,0.0998518,0.0859263,0.0734988,0.0624459,0.0526505,0.044002,0.0363977,0.0297423,0.0239487,0.0189381,0.0146398,0.010991,0.00793706,0.00543111,0.00343376,0.00191309,0.000844429,0.000210232,2.99952e-32,
0,0.00287509,0.0114778,0.025741,0.0455536,0.0707627,0.101175,0.136559,0.176648,0.221144,0.269719,0.32202,0.377672,0.436286,0.497457,0.560774,0.625821,0.692184,0.759452,0.827221,0.895101,0.962714,1.0297,1.09572,1.16045,1.2236,1.2849,1.34409,1.40097,1.45534,1.50703,1.55589,1.60181,1.64469,1.68445,1.72103,1.75439,1.78452,1.81139,1.835,1.85538,1.87252,1.88646,1.89722,1.90484,1.90934,1.91077,1.90917,1.90457,1.89702,1.88657,1.87325,1.85713,1.83823,1.81663,1.79237,1.76552,1.73614,1.70429,1.67007,1.63356,1.59483,1.55401,1.51118,1.46646,1.41997,1.37185,1.32222,1.27124,1.21905,1.16581,1.1117,1.05689,1.00155,0.945883,0.890073,0.834317,0.778814,0.723765,0.669373,0.615842,0.563374,0.51217,0.462429,0.414346,0.368111,0.323909,0.281916,0.242302,0.205228,0.170845,0.139294,0.110706,0.0851973,0.0628739,0.0438273,0.028136,0.0158645,0.00706292,0.00176754,2.99952e-32,
0,0.000457346,0.00183109,0.00412636,0.00735167,0.0115189,0.0166431,0.022743,0.0298402,0.0379601,0.0471314,0.0573862,0.0687598,0.0812908,0.0950205,0.109993,0.126255,0.143855,0.162846,0.183279,0.205211,0.228697,0.253795,0.280561,0.309053,0.339326,0.371434,0.405428,0.441356,0.479261,0.519179,0.561141,0.605169,0.651273,0.699456,0.749705,0.801994,0.856282,0.91251,0.9706,1.03045,1.09195,1.15496,1.2193,1.28479,1.35121,1.41832,1.48585,1.55349,1.62094,1.68783,1.75379,1.81842,1.8813,1.94199,2.00003,2.05496,2.10628,2.15354,2.19624,2.23392,2.26614,2.29244,2.31244,2.32575,2.33203,2.33099,2.32238,2.30602,2.28177,2.24957,2.20943,2.16144,2.10574,2.04259,1.9723,1.89527,1.81197,1.72298,1.62891,1.53047,1.42842,1.3236,1.21686,1.10914,1.00139,0.894561,0.789655,0.687654,0.589531,0.496237,0.40869,0.327762,0.254268,0.188955,0.132495,0.0854723,0.0483761,0.0215957,0.00541329,2.99952e-32,
0,0.00123262,0.00492506,0.0110612,0.0196143,0.0305478,0.0438158,0.0593642,0.0771316,0.0970507,0.11905,0.143054,0.168987,0.196772,0.226332,0.257595,0.29049,0.32495,0.360914,0.398322,0.437123,0.477266,0.518706,0.561401,0.60531,0.650397,0.696623,0.74395,0.792337,0.841738,0.892101,0.943367,0.995464,1.04831,1.10182,1.15588,1.21036,1.26514,1.32006,1.37495,1.42963,1.48387,1.53748,1.5902,1.64179,1.69199,1.74052,1.78711,1.83147,1.8733,1.91232,1.94823,1.98075,2.0096,2.03451,2.05524,2.07154,2.08321,2.09005,2.0919,2.08863,2.08012,2.0663,2.04713,2.02262,1.99279,1.95773,1.91753,1.87236,1.8224,1.76789,1.70907,1.64624,1.57974,1.50992,1.43718,1.36191,1.28456,1.20559,1.12546,1.04466,0.963692,0.883049,0.803234,0.724748,0.648088,0.573739,0.502178,0.433863,0.369236,0.308715,0.252694,0.201537,0.15558,0.115122,0.0804299,0.0517296,0.0292097,0.0130177,0.00325977,2.99952e-32,
0,0.00485449,0.0193708,0.0434082,0.0767347,0.11903,0.16989,0.228832,0.2953,0.368672,0.44827,0.533361,0.623175,0.716907,0.813728,0.912793,1.01325,1.11426,1.21497,1.31457,1.41226,1.50729,1.59895,1.68655,1.76949,1.84719,1.91917,1.98498,2.04424,2.09666,2.14201,2.18011,2.21087,2.23426,2.25032,2.25915,2.26088,2.25573,2.24395,2.22584,2.20174,2.172,2.13704,2.09728,2.05314,2.00509,1.95358,1.89906,1.84199,1.78282,1.72198,1.65988,1.59692,1.53349,1.46993,1.40656,1.3437,1.28159,1.22048,1.16057,1.10204,1.04504,0.989677,0.936041,0.884193,0.834173,0.785997,0.739662,0.695147,0.652419,0.611431,0.572127,0.534447,0.498325,0.463693,0.430487,0.398643,0.368101,0.338807,0.310717,0.283791,0.258,0.233324,0.209752,0.187282,0.165921,0.145686,0.1266,0.108692,0.091998,0.0765573,0.0624121,0.0496062,0.0381833,0.0281858,0.0196529,0.0126201,0.0071175,0.00316929,0.000793217,2.99952e-32,
0,0.00448118,0.0178854,0.0400954,0.0709166,0.11008,0.157244,0.211998,0.273869,0.342323,0.416771,0.496577,0.581063,0.669517,0.761199,0.855351,0.951201,1.04797,1.14489,1.2412,1.33615,1.42903,1.51914,1.60583,1.6885,1.76659,1.83959,1.90705,1.96857,2.02384,2.07257,2.11458,2.1497,2.17788,2.19907,2.21332,2.22073,2.22143,2.21562,2.20354,2.18547,2.16172,2.13265,2.09863,2.06005,2.01732,1.97088,1.92115,1.86857,1.81357,1.75657,1.69799,1.63823,1.57766,1.51664,1.45551,1.39456,1.33408,1.27433,1.21551,1.15782,1.10142,1.04645,0.993005,0.941162,0.890973,0.842464,0.795639,0.750484,0.706969,0.66505,0.624673,0.58578,0.548305,0.512183,0.477351,0.443746,0.411315,0.380009,0.349789,0.320627,0.292507,0.265421,0.239378,0.214395,0.1905,0.167732,0.146138,0.125773,0.106698,0.0889769,0.0726775,0.0578675,0.0446136,0.0329793,0.0230238,0.0148002,0.00835395,0.00372214,0.000931939,2.99952e-32,
0,0.0010061,0.00401885,0.0090216,0.0159869,0.0248772,0.0356456,0.0482369,0.0625891,0.078635,0.096303,0.115519,0.13621,0.158302,0.181725,0.206413,0.232307,0.259355,0.287512,0.316745,0.347028,0.378346,0.410696,0.444082,0.47852,0.514031,0.550646,0.5884,0.627331,0.667482,0.708892,0.751602,0.795645,0.841048,0.887827,0.935985,0.985511,1.03637,1.08852,1.14189,1.19637,1.25184,1.30817,1.36518,1.42265,1.48038,1.5381,1.59553,1.65236,1.70827,1.76291,1.81589,1.86685,1.9154,1.96112,2.00361,2.04248,2.07733,2.10778,2.13344,2.15398,2.16907,2.17842,2.18177,2.17889,2.16962,2.15381,2.1314,2.10234,2.06668,2.02449,1.97591,1.92114,1.86044,1.79411,1.72254,1.64615,1.56541,1.48085,1.39304,1.30261,1.21019,1.11647,1.02216,0.927992,0.834697,0.743026,0.653726,0.567533,0.485167,0.407323,0.334667,0.267824,0.207377,0.153855,0.107732,0.0694174,0.0392539,0.0175121,0.00438797,2.99952e-32,
0,0.000391177,0.00156517,0.0035234,0.00626844,0.00980422,0.0141364,0.0192729,0.0252244,0.0320046,0.0396315,0.0481274,0.0575196,0.067841,0.0791305,0.0914335,0.104802,0.119295,0.134979,0.151927,0.170221,0.189946,0.211195,0.234066,0.258659,0.285079,0.313433,0.343825,0.376361,0.41114,0.448258,0.487801,0.529845,0.574454,0.621676,0.67154,0.724058,0.779216,0.836978,0.897278,0.960024,1.02509,1.09232,1.16153,1.23248,1.30493,1.37857,1.45307,1.52807,1.60318,1.67795,1.75194,1.82466,1.89559,1.96422,2.03001,2.09239,2.15083,2.20475,2.25363,2.29693,2.33413,2.36475,2.38835,2.40453,2.41291,2.41321,2.40519,2.38868,2.36357,2.32985,2.28757,2.23687,2.17799,2.11122,2.03696,1.95568,1.86795,1.77438,1.6757,1.57267,1.46612,1.35693,1.24604,1.13439,1.02297,0.912782,0.804821,0.700083,0.599544,0.50415,0.414807,0.332369,0.25763,0.191314,0.134063,0.0864373,0.0489012,0.0218232,0.00546925,2.99952e-32,
0,0.00487715,0.0194529,0.0435615,0.07693,0.119183,0.169847,0.228363,0.294087,0.366307,0.44425,0.527094,0.613977,0.704015,0.796306,0.889948,0.984046,1.07773,1.17015,1.26051,1.34805,1.43207,1.51194,1.5871,1.65705,1.72138,1.77975,1.83191,1.87767,1.91693,1.94966,1.97591,1.99578,2.00944,2.01711,2.01907,2.01563,2.00714,1.99396,1.97649,1.95513,1.93029,1.9024,1.87184,1.83901,1.80429,1.76803,1.73056,1.69218,1.65315,1.61371,1.57407,1.5344,1.49483,1.45547,1.4164,1.37767,1.3393,1.30128,1.2636,1.22622,1.1891,1.15218,1.11539,1.07866,1.04193,1.00513,0.968193,0.931077,0.893734,0.856136,0.818265,0.780121,0.741717,0.703085,0.664274,0.625348,0.586388,0.547492,0.50877,0.470348,0.432361,0.394956,0.35829,0.322523,0.287823,0.254358,0.222298,0.191811,0.163061,0.136208,0.111405,0.0887942,0.0685095,0.0506719,0.0353892,0.0227547,0.0128459,0.00572408,0.00143324,2.99952e-32,
0,0.00543961,0.0217123,0.04868,0.0861131,0.133693,0.191015,0.257589,0.332847,0.416147,0.506777,0.603962,0.70687,0.814623,0.926302,1.04096,1.15761,1.27528,1.39299,1.50974,1.62456,1.73652,1.8447,1.94823,2.0463,2.13812,2.223,2.30032,2.36951,2.4301,2.48169,2.52399,2.55675,2.57985,2.59324,2.59696,2.59111,2.57591,2.55162,2.51859,2.47724,2.42803,2.37149,2.30819,2.23875,2.16382,2.08407,2.0002,1.9129,1.8229,1.73088,1.63753,1.54354,1.44953,1.35614,1.26393,1.17345,1.08519,0.999594,0.917053,0.837908,0.762443,0.690889,0.623422,0.560162,0.501182,0.4465,0.396093,0.349893,0.307793,0.269653,0.235303,0.20455,0.17718,0.152961,0.131655,0.113015,0.096793,0.0827444,0.0706305,0.060223,0.051306,0.0436783,0.0371561,0.031573,0.0267819,0.0226544,0.0190813,0.0159711,0.0132498,0.0108593,0.00875525,0.00690599,0.00529003,0.00389429,0.00271203,0.0017411,0.000982225,0.000437567,0.000109557,2.99952e-32,
0,0.00239907,0.00957206,0.0214464,0.0379022,0.0587733,0.0838496,0.11288,0.145575,0.181611,0.220637,0.262276,0.306132,0.351797,0.398853,0.446883,0.495472,0.544214,0.592718,0.640613,0.687553,0.733222,0.777337,0.819653,0.859966,0.898112,0.933974,0.967479,0.9986,1.02736,1.05381,1.07807,1.10028,1.12063,1.13933,1.15663,1.17281,1.18814,1.20294,1.2175,1.23212,1.24711,1.26275,1.27931,1.29701,1.31606,1.33662,1.3588,1.38269,1.40829,1.43556,1.46442,1.49471,1.52623,1.5587,1.5918,1.62517,1.65838,1.69098,1.72247,1.75232,1.78,1.80495,1.82661,1.84444,1.8579,1.86648,1.86972,1.8672,1.85853,1.84343,1.82165,1.79303,1.7575,1.71508,1.66586,1.61004,1.54791,1.47985,1.40635,1.32795,1.24531,1.15914,1.07023,0.979425,0.887609,0.795715,0.704696,0.615515,0.529139,0.446515,0.368565,0.296172,0.230163,0.171299,0.120267,0.0776631,0.043991,0.0196492,0.00492701,2.99952e-32,
0,0.000150782,0.00059683,0.00131961,0.00228942,0.00346712,0.00480645,0.00625685,0.00776676,0.00928727,0.010776,0.0122013,0.013546,0.0148115,0.0160215,0.0172254,0.0185007,0.019956,0.0217318,0.0240016,0.0269719,0.0308815,0.0359992,0.0426218,0.0510704,0.0616857,0.0748231,0.0908468,0.110123,0.133015,0.159871,0.191021,0.22677,0.267384,0.313092,0.36407,0.420444,0.482276,0.549564,0.622237,0.700152,0.783091,0.870761,0.962796,1.05876,1.15813,1.26035,1.36478,1.47071,1.5774,1.68407,1.78989,1.89402,1.99558,2.09371,2.18753,2.2762,2.3589,2.43481,2.50321,2.56339,2.61473,2.65666,2.6887,2.71047,2.72165,2.72203,2.71152,2.69009,2.65783,2.61495,2.56172,2.49853,2.42587,2.34431,2.2545,2.15718,2.05314,1.94325,1.82844,1.70967,1.58794,1.46428,1.33975,1.21538,1.09224,0.971354,0.853746,0.740403,0.632276,0.530269,0.435234,0.347963,0.269181,0.199541,0.139618,0.0899067,0.0508142,0.0226609,0.00567675,2.99952e-32,
0,0.00410492,0.0163758,0.0366815,0.0648058,0.10045,0.143238,0.192719,0.248375,0.309629,0.375849,0.446357,0.52044,0.597355,0.676341,0.756625,0.837438,0.918019,0.997623,1.07554,1.15108,1.22362,1.29257,1.3574,1.41766,1.47293,1.5229,1.5673,1.60597,1.63881,1.66578,1.68694,1.70242,1.7124,1.71715,1.71699,1.71228,1.70343,1.6909,1.67516,1.65671,1.63606,1.61373,1.59021,1.566,1.54156,1.51733,1.4937,1.47103,1.44961,1.4297,1.41148,1.39508,1.38057,1.36796,1.35718,1.34812,1.34061,1.33443,1.32929,1.32489,1.32089,1.31691,1.31255,1.30742,1.30111,1.29321,1.28333,1.27111,1.25621,1.23832,1.2172,1.19264,1.16448,1.13264,1.09709,1.05787,1.01508,0.968893,0.919552,0.867356,0.812665,0.755898,0.697521,0.638046,0.578024,0.518032,0.458672,0.400556,0.344297,0.290503,0.239768,0.192658,0.14971,0.111415,0.078218,0.050507,0.0286074,0.0127773,0.0032038,2.99952e-32,
0,0.00660706,0.0263653,0.0590861,0.104456,0.162041,0.231286,0.311527,0.40199,0.501805,0.61001,0.725567,0.847364,0.974234,1.10496,1.2383,1.37299,1.50775,1.64131,1.77243,1.8999,2.02255,2.13928,2.24904,2.35087,2.4439,2.52736,2.60058,2.66299,2.71415,2.75373,2.78151,2.79741,2.80145,2.79376,2.77459,2.7443,2.70334,2.65224,2.59163,2.52222,2.44475,2.36004,2.26896,2.17237,2.0712,1.96636,1.85877,1.74933,1.63894,1.52844,1.41867,1.3104,1.20433,1.10113,1.00138,0.905609,0.814266,0.727721,0.646274,0.570148,0.499494,0.434391,0.374851,0.320821,0.27219,0.228793,0.19042,0.156817,0.1277,0.102755,0.0816509,0.0640403,0.0495709,0.0378886,0.0286447,0.0215005,0.0161326,0.0122366,0.00953079,0.00775871,0.0066913,0.00612807,0.00589774,0.00585811,0.00589534,0.00592266,0.00587857,0.00572455,0.00544245,0.00503157,0.00450561,0.00388949,0.00321616,0.00252354,0.00185141,0.00123874,0.000721052,0.000328339,8.32828e-05,2.99952e-32,
0,0.00337907,0.0134798,0.0301935,0.0533402,0.0826719,0.117876,0.158578,0.204351,0.254715,0.309149,0.367096,0.427971,0.491171,0.556078,0.622073,0.688538,0.75487,0.820486,0.884827,0.947372,1.00764,1.06519,1.11965,1.17067,1.21801,1.26143,1.30081,1.33604,1.36712,1.39408,1.41702,1.43608,1.45147,1.46345,1.47229,1.47833,1.48191,1.4834,1.48319,1.48166,1.47919,1.47617,1.47295,1.46987,1.46722,1.46527,1.46424,1.46431,1.46561,1.4682,1.4721,1.47728,1.48363,1.49102,1.49923,1.50802,1.51712,1.52618,1.53484,1.54273,1.54943,1.55452,1.55759,1.55822,1.55601,1.55059,1.54159,1.52871,1.51166,1.49024,1.46425,1.43359,1.3982,1.35811,1.31339,1.26421,1.21078,1.1534,1.09242,1.02826,0.961413,0.892401,0.821804,0.750242,0.678365,0.606847,0.536378,0.467652,0.401359,0.338177,0.278761,0.223735,0.173684,0.129145,0.0905997,0.0584677,0.0331014,0.0147798,0.00370521,2.99952e-32,
0,8.1343e-05,0.000320145,0.000700988,0.00119905,0.00178138,0.00240872,0.0030376,0.00362297,0.00412101,0.00449224,0.00470479,0.00473778,0.00458465,0.0042564,0.00378464,0.00322451,0.00265708,0.00219136,0.0019658,0.00214921,0.00294102,0.00457087,0.00729737,0.0114062,0.0172074,0.0250318,0.035227,0.0481527,0.0641748,0.08366,0.106969,0.134451,0.166436,0.203226,0.245093,0.292266,0.34493,0.403217,0.4672,0.53689,0.61223,0.693091,0.779268,0.870483,0.966378,1.06652,1.17041,1.27745,1.38701,1.49836,1.61074,1.72332,1.83524,1.94558,2.05343,2.15783,2.25785,2.35253,2.44096,2.52223,2.59549,2.65994,2.71483,2.75952,2.7934,2.816,2.82693,2.8259,2.81275,2.78742,2.74998,2.70063,2.63966,2.56753,2.48478,2.39208,2.29021,2.18004,2.06254,1.93877,1.80987,1.67702,1.54147,1.4045,1.26741,1.13151,0.998124,0.868535,0.744005,0.625752,0.514933,0.412637,0.319867,0.237537,0.166455,0.107321,0.0607149,0.0270948,0.00679029,2.99952e-32,
0,0.00372792,0.0148638,0.0332648,0.0586957,0.0908326,0.129269,0.173521,0.223039,0.27721,0.335377,0.39684,0.460875,0.52674,0.593689,0.660986,0.72791,0.793771,0.857919,0.919752,0.978725,1.03436,1.08624,1.13403,1.17748,1.2164,1.25071,1.28038,1.30548,1.32614,1.34258,1.35506,1.36393,1.36955,1.37235,1.37279,1.37134,1.36849,1.36474,1.36058,1.35646,1.35283,1.35011,1.34864,1.34876,1.35072,1.35471,1.36086,1.36926,1.37988,1.39267,1.4075,1.42416,1.44239,1.46187,1.48225,1.5031,1.52397,1.5444,1.56387,1.58188,1.59792,1.61147,1.62205,1.62918,1.63242,1.63138,1.62569,1.61506,1.59924,1.57806,1.55141,1.51925,1.48161,1.4386,1.3904,1.33726,1.27949,1.21749,1.15171,1.08265,1.01087,0.936976,0.86161,0.785444,0.709174,0.633513,0.559177,0.486882,0.417333,0.351216,0.289185,0.231863,0.179827,0.133603,0.0936606,0.0604076,0.0341839,0.0152581,0.00382434,2.99952e-32,
0,0.00601701,0.0240176,0.0538503,0.0952634,0.147906,0.211332,0.285,0.368281,0.460461,0.560749,0.66828,0.782125,0.901297,1.02476,1.15144,1.28023,1.41,1.53962,1.66796,1.7939,1.91633,2.03418,2.14644,2.25212,2.35033,2.44024,2.52108,2.5922,2.65302,2.70307,2.74199,2.76952,2.7855,2.78989,2.78276,2.76428,2.73473,2.69447,2.64399,2.58383,2.51465,2.43714,2.35209,2.26032,2.16273,2.06021,1.9537,1.84415,1.73249,1.61966,1.50658,1.39412,1.28311,1.17435,1.06857,0.966421,0.8685,0.775318,0.687307,0.604814,0.528102,0.45735,0.392654,0.334031,0.28142,0.234691,0.193646,0.158032,0.127542,0.101827,0.0805036,0.0631648,0.0493861,0.0387357,0.0307827,0.0251048,0.0212958,0.0189715,0.0177762,0.0173867,0.0175165,0.0179183,0.0183858,0.0187542,0.0188997,0.018738,0.0182226,0.0173406,0.0161097,0.0145731,0.0127948,0.0108542,0.00884078,0.00684882,0.00497199,0.00329872,0.00190785,0.000864856,0.000218784,2.99952e-32,
0,0.00485259,0.0193518,0.0433231,0.0764784,0.118421,0.16865,0.22657,0.291499,0.362676,0.439276,0.520419,0.605184,0.692623,0.781772,0.871666,0.96135,1.0499,1.13641,1.22004,1.30001,1.37558,1.44611,1.51104,1.56989,1.62228,1.66793,1.70663,1.7383,1.76294,1.78065,1.7916,1.79606,1.79437,1.78694,1.77424,1.75678,1.73513,1.70989,1.68165,1.65106,1.61872,1.58526,1.55126,1.51729,1.48386,1.45147,1.42053,1.3914,1.3644,1.33975,1.31762,1.29811,1.28124,1.26698,1.2552,1.24575,1.23839,1.23284,1.22876,1.2258,1.22355,1.22159,1.21947,1.21675,1.21299,1.20775,1.20062,1.19121,1.17916,1.16416,1.14595,1.12432,1.09912,1.07025,1.03769,1.00148,0.961718,0.918585,0.872315,0.823207,0.771617,0.717959,0.66269,0.606311,0.549358,0.492393,0.435997,0.380762,0.32728,0.276136,0.227898,0.18311,0.142282,0.105881,0.07433,0.0479949,0.0271839,0.0121414,0.00304433,2.99952e-32,
0,0.00016277,0.000644586,0.00142632,0.00247728,0.0037569,0.00521716,0.00680546,0.00846805,0.0101538,0.0118179,0.0134266,0.0149605,0.0164189,0.0178235,0.0192217,0.0206896,0.0223338,0.0242935,0.0267405,0.0298798,0.033948,0.0392119,0.045965,0.0545245,0.0652265,0.0784206,0.0944647,0.113718,0.136534,0.163255,0.194204,0.229676,0.269932,0.315192,0.365629,0.421363,0.482455,0.548902,0.620637,0.697522,0.779347,0.865831,0.956622,1.0513,1.14936,1.25026,1.35337,1.45804,1.56352,1.66906,1.77387,1.87711,1.97794,2.07553,2.16901,2.25756,2.34036,2.41662,2.4856,2.54662,2.59903,2.64227,2.67584,2.69932,2.71239,2.7148,2.70642,2.68719,2.65717,2.61652,2.56548,2.50441,2.43376,2.35406,2.26594,2.17011,2.06733,1.95847,1.84443,1.72616,1.60466,1.48096,1.35612,1.2312,1.10729,0.985444,0.866714,0.752124,0.642661,0.53927,0.44284,0.354201,0.274114,0.203268,0.142267,0.0916339,0.0517998,0.0231034,0.00578804,2.99952e-32,
0,0.00198157,0.00790854,0.0177279,0.031352,0.04866,0.0694987,0.0936854,0.12101,0.151236,0.184108,0.219349,0.256667,0.295759,0.336316,0.378021,0.42056,0.463621,0.506902,0.550113,0.592977,0.63524,0.676669,0.717058,0.756229,0.794035,0.830365,0.865141,0.89832,0.929898,0.959903,0.9884,1.01548,1.04128,1.06595,1.08966,1.11262,1.13504,1.15715,1.17917,1.20136,1.22392,1.24709,1.27105,1.29599,1.32206,1.34937,1.378,1.408,1.43936,1.47201,1.50586,1.54074,1.57645,1.61271,1.64922,1.68562,1.7215,1.75642,1.78991,1.82146,1.85056,1.87667,1.89925,1.91777,1.9317,1.94056,1.94388,1.94124,1.93228,1.91667,1.89419,1.86467,1.82802,1.78425,1.73347,1.67585,1.61168,1.54135,1.46534,1.3842,1.2986,1.20926,1.117,1.02267,0.927215,0.831587,0.736783,0.643813,0.553691,0.467417,0.385962,0.31026,0.241189,0.179557,0.126096,0.0814451,0.046141,0.020612,0.0051688,2.99952e-32,
0,0.00602711,0.0240499,0.0538928,0.0952647,0.147762,0.210871,0.283975,0.366361,0.457227,0.555691,0.660802,0.771548,0.886872,1.00568,1.12685,1.24925,1.37175,1.49323,1.61259,1.72877,1.84076,1.94761,2.04841,2.14237,2.22874,2.30688,2.37624,2.43636,2.48688,2.52754,2.55819,2.57875,2.58926,2.58986,2.58074,2.56221,2.53463,2.49844,2.45414,2.4023,2.34351,2.27841,2.20768,2.132,2.05209,1.96863,1.88236,1.79395,1.7041,1.61346,1.52266,1.43229,1.34291,1.25504,1.16914,1.08563,1.00488,0.927212,0.852884,0.78211,0.715053,0.651825,0.592492,0.537076,0.485558,0.437879,0.393949,0.353647,0.316826,0.28332,0.252945,0.225505,0.200793,0.1786,0.158716,0.140931,0.125042,0.110854,0.098183,0.0868553,0.0767125,0.0676101,0.0594193,0.0520266,0.0453343,0.0392598,0.0337353,0.0287064,0.0241311,0.0199789,0.016229,0.0128684,0.00989116,0.00729631,0.00508651,0.00326672,0.00184288,0.000820853,0.000205492,2.99952e-32,
0,0.00467546,0.0186541,0.0417936,0.0738592,0.114527,0.163388,0.219953,0.283663,0.35389,0.42995,0.511109,0.596593,0.685599,0.777303,0.87087,0.965462,1.06025,1.15442,1.2472,1.33781,1.42556,1.50977,1.58983,1.66519,1.73535,1.79988,1.85843,1.91071,1.9565,1.99565,2.02808,2.05377,2.07277,2.0852,2.09121,2.09105,2.08496,2.07326,2.05631,2.03448,2.00816,1.97778,1.94378,1.90657,1.86661,1.82433,1.78013,1.73443,1.6876,1.64,1.59196,1.54379,1.49574,1.44805,1.40091,1.35449,1.30892,1.26429,1.22066,1.17806,1.13649,1.09593,1.05632,1.01761,0.979709,0.942525,0.905958,0.869907,0.834269,0.798944,0.763839,0.728873,0.693975,0.659093,0.624189,0.589248,0.554272,0.51929,0.484347,0.449512,0.414876,0.38055,0.346661,0.313355,0.280792,0.249143,0.218588,0.189313,0.161507,0.135356,0.111047,0.0887569,0.0686529,0.0508903,0.0356092,0.0229321,0.012962,0.00578092,0.00144825,2.99952e-32,
0,0.000588145,0.00234788,0.00526528,0.00931776,0.0144749,0.0206998,0.02795,0.0361798,0.0453418,0.0553891,0.0662771,0.0779664,0.0904241,0.103627,0.117562,0.132229,0.147643,0.163834,0.180847,0.198747,0.217612,0.23754,0.258644,0.281052,0.304904,0.330353,0.357559,0.386689,0.417909,0.451385,0.487278,0.525738,0.566899,0.610881,0.657778,0.707661,0.760569,0.816506,0.875442,0.937306,1.00198,1.06932,1.13912,1.21113,1.28506,1.36057,1.43729,1.5148,1.59262,1.67026,1.74721,1.82289,1.89672,1.96812,2.03647,2.10117,2.16158,2.21713,2.26722,2.3113,2.34885,2.37937,2.40243,2.41765,2.4247,2.4233,2.41328,2.39451,2.36695,2.33063,2.28567,2.23228,2.17075,2.10144,2.0248,1.94136,1.85173,1.75656,1.6566,1.55263,1.44551,1.3361,1.22533,1.11415,1.00351,0.894393,0.787749,0.684532,0.585667,0.492049,0.404525,0.323896,0.2509,0.186211,0.130424,0.0840567,0.0475393,0.0212105,0.00531495,2.99952e-32,
0,0.00120713,0.00481811,0.0108018,0.0191067,0.0296623,0.0423801,0.0571557,0.0738706,0.092395,0.11259,0.134312,0.157411,0.181742,0.207158,0.233522,0.260703,0.288583,0.317058,0.346039,0.375455,0.405255,0.435406,0.465895,0.496732,0.527944,0.559579,0.591701,0.624393,0.657751,0.69188,0.726895,0.762916,0.800063,0.838452,0.878196,0.919393,0.962129,1.00647,1.05246,1.10012,1.14944,1.20036,1.25282,1.30668,1.36179,1.41796,1.47495,1.53249,1.59026,1.64791,1.70508,1.76133,1.81625,1.86935,1.92018,1.96822,2.013,2.05401,2.09076,2.12278,2.14961,2.17081,2.186,2.19482,2.19694,2.19212,2.18014,2.16085,2.13418,2.10012,2.05872,2.01011,1.95451,1.89218,1.82348,1.74882,1.6687,1.58368,1.49435,1.40141,1.30557,1.2076,1.1083,1.00851,0.909078,0.810866,0.714745,0.621577,0.532209,0.447463,0.368126,0.294945,0.228613,0.169764,0.118963,0.0767032,0.0433957,0.0193669,0.00485379,2.99952e-32,
0,0.0040209,0.0160551,0.0360172,0.0637653,0.099102,0.141776,0.191481,0.247863,0.310517,0.378992,0.452795,0.531394,0.614223,0.700683,0.790152,0.881984,0.975518,1.07008,1.165,1.25959,1.35318,1.44511,1.53474,1.62145,1.70464,1.78375,1.85826,1.92767,1.99156,2.04953,2.10124,2.14641,2.18481,2.21628,2.24071,2.25803,2.26827,2.27148,2.26779,2.25734,2.24038,2.21717,2.188,2.15324,2.11327,2.06848,2.01933,1.96625,1.90973,1.85022,1.78821,1.72418,1.65859,1.59189,1.52454,1.45693,1.38947,1.32252,1.2564,1.1914,1.12779,1.06578,1.00555,0.947268,0.891031,0.836924,0.784995,0.735266,0.687728,0.642352,0.599087,0.557869,0.51862,0.481252,0.445675,0.411794,0.379518,0.34876,0.319437,0.291477,0.264817,0.239404,0.2152,0.192178,0.170323,0.149636,0.130125,0.111812,0.0947262,0.0789047,0.0643904,0.0512298,0.0394713,0.029163,0.0203512,0.0130779,0.00738008,0.00328769,0.000823085,2.99952e-32,
0,0.00541539,0.0216024,0.0483848,0.0854724,0.132465,0.188861,0.25406,0.327375,0.408042,0.495227,0.58804,0.685546,0.786776,0.890738,0.996434,1.10287,1.20905,1.31404,1.4169,1.51675,1.61279,1.70424,1.79041,1.8707,1.94455,2.01151,2.07121,2.12336,2.16777,2.2043,2.23292,2.25367,2.26665,2.27205,2.27009,2.26107,2.24534,2.2233,2.19535,2.16196,2.1236,2.08075,2.03392,1.98359,1.93027,1.87443,1.81655,1.75707,1.69643,1.63502,1.57321,1.51135,1.44974,1.38865,1.32834,1.26899,1.21081,1.15391,1.09843,1.04445,0.99204,0.941233,0.892054,0.844507,0.798582,0.754256,0.711493,0.670252,0.630486,0.592141,0.555168,0.519513,0.485128,0.451966,0.419985,0.38915,0.35943,0.330805,0.303258,0.276781,0.251373,0.227038,0.20379,0.181643,0.160619,0.140744,0.122046,0.104555,0.088305,0.0733283,0.0596583,0.0473273,0.0363661,0.0268032,0.0186643,0.0119722,0.00674638,0.00300223,0.000751137,2.99952e-32,
0,0.00111347,0.00445161,0.0100077,0.0177705,0.0277247,0.0398509,0.0541262,0.0705239,0.0890144,0.109565,0.13214,0.156701,0.183207,0.211615,0.241881,0.273956,0.307793,0.34334,0.380547,0.41936,0.459725,0.501584,0.544878,0.589545,0.635517,0.682725,0.731094,0.780546,0.830995,0.882351,0.934519,0.987395,1.04087,1.09482,1.14913,1.20366,1.25825,1.31276,1.36701,1.42084,1.47406,1.52648,1.57789,1.62808,1.67683,1.72392,1.76912,1.81217,1.85284,1.89088,1.92606,1.95812,1.98682,2.01194,2.03323,2.05048,2.06349,2.07205,2.076,2.07518,2.06945,2.05873,2.04292,2.02198,1.99589,1.96467,1.92837,1.88708,1.84092,1.79006,1.73469,1.67506,1.61144,1.54415,1.47353,1.39995,1.32384,1.24562,1.16576,1.08476,1.00311,0.921337,0.839976,0.759566,0.680651,0.603773,0.529466,0.458254,0.390641,0.327114,0.268131,0.214121,0.165482,0.12257,0.0857051,0.0551602,0.0311633,0.0138936,0.00347989,2.99952e-32,
0,0.000320515,0.00128554,0.0029055,0.00519769,0.00818626,0.0119021,0.0163828,0.0216724,0.0278216,0.0348872,0.042932,0.0520246,0.0622387,0.073653,0.086351,0.10042,0.115951,0.133037,0.151774,0.172257,0.194584,0.218848,0.245143,0.273557,0.304174,0.337075,0.37233,0.410001,0.450139,0.492785,0.537963,0.585685,0.635942,0.688712,0.743949,0.801588,0.861544,0.923706,0.987937,1.05408,1.12193,1.19128,1.26189,1.33347,1.40573,1.47833,1.55093,1.62314,1.69456,1.76476,1.83331,1.89974,1.9636,2.02441,2.08169,2.13496,2.18377,2.22765,2.26617,2.29888,2.32541,2.34539,2.35849,2.36442,2.36295,2.3539,2.33713,2.31257,2.28022,2.24013,2.19243,2.13731,2.07503,2.00592,1.93037,1.84887,1.76193,1.67014,1.57417,1.4747,1.37249,1.26834,1.16306,1.0575,0.952548,0.849078,0.747975,0.650119,0.556371,0.46757,0.384517,0.30797,0.238637,0.177161,0.12412,0.0800135,0.0452621,0.0201979,0.00506174,2.99952e-32,
0,0.00315756,0.0126026,0.0282525,0.049971,0.0775695,0.11081,0.149406,0.193031,0.241317,0.293862,0.350237,0.409986,0.472636,0.537699,0.60468,0.67308,0.742402,0.812157,0.88187,0.951084,1.01936,1.0863,1.15152,1.21468,1.27547,1.33361,1.38888,1.44107,1.49003,1.53564,1.57781,1.61649,1.65166,1.68333,1.71154,1.73634,1.75782,1.77608,1.79121,1.80334,1.8126,1.81911,1.82299,1.82439,1.8234,1.82016,1.81475,1.80727,1.79781,1.78643,1.77319,1.75814,1.74132,1.72275,1.70245,1.68042,1.65666,1.63117,1.60394,1.57495,1.54421,1.51169,1.47739,1.44132,1.40348,1.36389,1.32258,1.2796,1.235,1.18885,1.14125,1.0923,1.04213,0.990866,0.938678,0.885741,0.832249,0.778411,0.724452,0.670609,0.617127,0.564264,0.512281,0.461444,0.412021,0.364279,0.318481,0.274884,0.233739,0.195284,0.159748,0.127341,0.0982601,0.0726821,0.0507644,0.0326424,0.0184287,0.008212,0.00205623,2.99952e-32,
0,0.0047267,0.0188673,0.0423038,0.0748418,0.116212,0.166075,0.224022,0.289581,0.362222,0.441359,0.526358,0.616541,0.711192,0.809564,0.910886,1.01437,1.11921,1.22461,1.32977,1.43389,1.53619,1.63594,1.73239,1.82485,1.91268,1.99526,2.07203,2.14249,2.20619,2.26273,2.31179,2.35311,2.38647,2.41176,2.4289,2.4379,2.4388,2.43175,2.41693,2.39458,2.36499,2.32852,2.28555,2.2365,2.18185,2.12209,2.05774,1.98933,1.91741,1.84253,1.76526,1.68613,1.60568,1.52445,1.44293,1.3616,1.28091,1.20129,1.12313,1.04677,0.972541,0.900706,0.831508,0.765146,0.701782,0.64154,0.584508,0.530742,0.480264,0.433069,0.389123,0.348371,0.310733,0.276113,0.244397,0.215459,0.189161,0.165359,0.143902,0.124637,0.10741,0.0920683,0.0784619,0.066445,0.0558772,0.0466244,0.0385598,0.0315646,0.0255288,0.0203509,0.0159388,0.0122097,0.00908966,0.00651422,0.00442778,0.00278368,0.00154396,0.000679278,0.000168782,2.99952e-32,
0,0.0029924,0.0119445,0.0267812,0.0473785,0.0735644,0.105122,0.14179,0.183268,0.229219,0.279274,0.333035,0.390081,0.449971,0.512255,0.576472,0.642159,0.708854,0.776105,0.843468,0.910518,0.976848,1.04208,1.10585,1.16784,1.22775,1.28532,1.34032,1.39257,1.44189,1.48816,1.53129,1.57121,1.60789,1.64132,1.67153,1.69855,1.72246,1.74332,1.76122,1.77628,1.78858,1.79824,1.80537,1.81008,1.81247,1.81263,1.81065,1.80661,1.80056,1.79258,1.78269,1.77093,1.75732,1.74186,1.72456,1.7054,1.68437,1.66145,1.63661,1.60983,1.58109,1.55036,1.51764,1.4829,1.44617,1.40744,1.36676,1.32416,1.2797,1.23345,1.18552,1.13602,1.08508,1.03286,0.97952,0.925258,0.870277,0.814799,0.759063,0.703317,0.647826,0.592862,0.538707,0.485646,0.433969,0.383967,0.335927,0.290131,0.246853,0.206357,0.168892,0.134693,0.103975,0.0769373,0.0537527,0.0345724,0.019522,0.00870034,0.00217868,2.99952e-32,
0,0.000259633,0.00104169,0.00235563,0.00421716,0.00664814,0.00967666,0.0133369,0.0176694,0.0227206,0.0285435,0.0351971,0.0427463,0.0512621,0.0608207,0.0715039,0.0833981,0.0965945,0.111188,0.127278,0.144966,0.164357,0.185556,0.20867,0.233804,0.261062,0.290546,0.322352,0.35657,0.393284,0.432567,0.47448,0.519072,0.566375,0.616405,0.669157,0.724607,0.782706,0.843382,0.906536,0.972042,1.03974,1.10945,1.18095,1.25399,1.32828,1.40352,1.47935,1.55541,1.63127,1.7065,1.78065,1.85323,1.92373,1.99165,2.05644,2.11759,2.17455,2.22681,2.27385,2.31516,2.35028,2.37876,2.40018,2.41419,2.42045,2.41871,2.40876,2.39046,2.36373,2.32857,2.28504,2.23331,2.1736,2.10622,2.03154,1.95004,1.86225,1.76879,1.67034,1.56765,1.46153,1.35283,1.24246,1.13136,1.02048,0.910807,0.803322,0.699008,0.598831,0.503731,0.414612,0.332333,0.257692,0.191423,0.13418,0.0865352,0.0489674,0.0218564,0.00547815,2.99952e-32,
0,0.00137785,0.00550476,0.0123609,0.0219136,0.0341182,0.0489185,0.0662477,0.0860293,0.108179,0.132604,0.159206,0.187885,0.218533,0.251044,0.28531,0.321222,0.358675,0.397566,0.437795,0.479267,0.521889,0.565573,0.610237,0.655801,0.702192,0.749336,0.797164,0.845609,0.894603,0.944078,0.993964,1.04419,1.09468,1.14535,1.19612,1.24689,1.29754,1.34797,1.39804,1.44762,1.49654,1.54465,1.59177,1.6377,1.68225,1.72521,1.76635,1.80544,1.84226,1.87657,1.90812,1.93668,1.96201,1.98389,2.00209,2.0164,2.02662,2.03257,2.03408,2.03101,2.02324,2.01066,1.99321,1.97083,1.94353,1.91132,1.87425,1.83242,1.78596,1.73504,1.67984,1.62063,1.55766,1.49125,1.42175,1.34952,1.27498,1.19855,1.12069,1.04186,0.962576,0.883323,0.804617,0.726973,0.650907,0.576929,0.50554,0.437228,0.372462,0.311691,0.255337,0.203794,0.157423,0.116551,0.0814655,0.0524154,0.0296053,0.0131966,0.00330497,2.99952e-32,
0,0.00593788,0.023686,0.0530488,0.0937041,0.145208,0.207001,0.278415,0.358685,0.446955,0.542294,0.643705,0.75014,0.86051,0.973702,1.08859,1.20406,1.319,1.43233,1.54303,1.65009,1.75261,1.84972,1.94064,2.0247,2.10128,2.16987,2.23008,2.28157,2.32415,2.35767,2.38213,2.39758,2.40416,2.40211,2.39171,2.37335,2.34744,2.31447,2.27494,2.22941,2.17847,2.12271,2.06273,1.99915,1.93256,1.86357,1.79275,1.72065,1.64779,1.57468,1.50176,1.42946,1.35814,1.28816,1.21979,1.15329,1.08887,1.02668,0.966856,0.909486,0.854621,0.802282,0.752462,0.705126,0.66022,0.61767,0.577387,0.539268,0.503206,0.469087,0.436793,0.406208,0.37722,0.349721,0.323607,0.298784,0.275165,0.252673,0.231239,0.210807,0.19133,0.172773,0.15511,0.138328,0.122418,0.107384,0.0932333,0.0799821,0.0676499,0.0562604,0.0458401,0.0364172,0.0280201,0.0206767,0.0144133,0.00925362,0.00521807,0.00232329,0.00058145,2.99952e-32,
0,0.00393426,0.0157093,0.0352417,0.0623928,0.0969693,0.138724,0.187358,0.242522,0.303818,0.370803,0.442991,0.519858,0.600844,0.685359,0.772786,0.862485,0.953801,1.04607,1.13861,1.23076,1.32185,1.41123,1.49825,1.58231,1.66282,1.73923,1.81102,1.87772,1.9389,1.9942,2.04329,2.0859,2.12185,2.15098,2.17321,2.18851,2.19693,2.19855,2.19353,2.18208,2.16445,2.14096,2.11194,2.07779,2.03892,1.99577,1.9488,1.89848,1.8453,1.78974,1.73228,1.67337,1.61347,1.55301,1.49238,1.43196,1.37208,1.31305,1.25512,1.19852,1.14343,1.08999,1.0383,0.988419,0.940376,0.894163,0.849741,0.807047,0.765993,0.726472,0.688367,0.651547,0.615883,0.581243,0.547502,0.514545,0.482272,0.450601,0.41947,0.38884,0.358694,0.329045,0.299927,0.2714,0.243547,0.216472,0.190297,0.165162,0.141215,0.118616,0.0975293,0.0781185,0.0605449,0.0449619,0.0315116,0.020321,0.0114987,0.0051324,0.0012864,2.99952e-32,
0,0.000952324,0.0037986,0.00850699,0.0150252,0.0232816,0.0331871,0.0446373,0.0575155,0.0716951,0.0870438,0.103426,0.120709,0.138761,0.157461,0.1767,0.196382,0.21643,0.236787,0.257419,0.278318,0.2995,0.321006,0.342908,0.365298,0.388297,0.412047,0.436711,0.462467,0.48951,0.51804,0.548264,0.580388,0.614614,0.651132,0.690121,0.731735,0.776106,0.823337,0.873493,0.926602,0.982649,1.04157,1.10327,1.16756,1.23426,1.30308,1.37372,1.4458,1.51891,1.59258,1.6663,1.73953,1.8117,1.88219,1.9504,2.01567,2.07738,2.13489,2.18755,2.23477,2.27595,2.31054,2.33805,2.358,2.37001,2.37374,2.36894,2.35542,2.33307,2.30188,2.2619,2.21329,2.15629,2.09123,2.01852,1.93865,1.85221,1.75985,1.66229,1.56032,1.45479,1.34658,1.23663,1.1259,1.01537,0.906055,0.798938,0.69501,0.595242,0.500571,0.411897,0.330067,0.255869,0.190023,0.13317,0.0858682,0.0485825,0.0216821,0.00543407,2.99952e-32,
0,0.0010549,0.00420683,0.00941782,0.0166257,0.0257457,0.0366725,0.0492831,0.0634398,0.0789944,0.0957913,0.113672,0.132478,0.152058,0.172267,0.192974,0.214064,0.235442,0.257035,0.278799,0.300713,0.322787,0.345061,0.367603,0.390509,0.413901,0.437927,0.462757,0.488577,0.51559,0.544009,0.574051,0.605934,0.639872,0.676066,0.714701,0.75594,0.799921,0.846745,0.896478,0.949143,1.00472,1.06313,1.12426,1.18794,1.25393,1.32195,1.39167,1.46271,1.53463,1.60697,1.6792,1.75078,1.82114,1.88968,1.95577,2.01879,2.07812,2.13313,2.1832,2.22776,2.26623,2.29809,2.32287,2.34013,2.3495,2.35068,2.34343,2.32758,2.30306,2.26988,2.22811,2.17793,2.1196,2.05347,1.97997,1.89961,1.81298,1.72074,1.62361,1.52239,1.4179,1.31103,1.2027,1.09385,0.985446,0.878443,0.773809,0.672489,0.575408,0.483452,0.397469,0.318249,0.246525,0.18296,0.128144,0.0825855,0.046706,0.0208383,0.00522159,2.99952e-32,
0,0.00538287,0.0214764,0.0481163,0.0850309,0.131845,0.188086,0.253188,0.326498,0.407288,0.494757,0.588049,0.686253,0.78842,0.893574,1.00072,1.10885,1.21698,1.32412,1.42932,1.53166,1.63028,1.72435,1.81311,1.89589,1.97208,2.04114,2.10262,2.15617,2.20151,2.23846,2.26691,2.28687,2.29839,2.30163,2.29682,2.28424,2.26426,2.2373,2.20382,2.16434,2.1194,2.06957,2.01547,1.95768,1.89683,1.83352,1.76836,1.70191,1.63473,1.56735,1.50026,1.43391,1.36869,1.30496,1.24303,1.18315,1.12554,1.07033,1.01764,0.967526,0.919997,0.875024,0.832539,0.79244,0.754595,0.718849,0.685026,0.652938,0.622385,0.593165,0.56508,0.537934,0.511545,0.485745,0.460383,0.435332,0.410486,0.385765,0.361118,0.336521,0.311976,0.287515,0.263196,0.239099,0.21533,0.192013,0.169288,0.147309,0.12624,0.106252,0.0875176,0.0702063,0.0544837,0.0405053,0.0284141,0.0183369,0.0103818,0.00463573,0.00116219,2.99952e-32,
0,0.00587429,0.0234399,0.0525252,0.0928458,0.144007,0.205509,0.276749,0.357031,0.445572,0.541512,0.64392,0.751808,0.864142,0.97985,1.09784,1.217,1.33623,1.45443,1.57053,1.6835,1.79234,1.89612,1.99397,2.08509,2.16877,2.24438,2.31139,2.36934,2.41789,2.45679,2.48589,2.50515,2.51459,2.51437,2.50471,2.48592,2.45838,2.42256,2.37897,2.32819,2.27085,2.20759,2.13911,2.06611,1.98931,1.90942,1.82716,1.74322,1.65827,1.57296,1.4879,1.40367,1.32078,1.23971,1.16089,1.0847,1.01144,0.941373,0.874711,0.811599,0.752131,0.696352,0.644259,0.595805,0.550901,0.509425,0.471222,0.436111,0.403891,0.374343,0.34724,0.322349,0.299436,0.278273,0.258638,0.240326,0.223143,0.206917,0.191495,0.176746,0.162563,0.148865,0.135592,0.12271,0.110205,0.0980845,0.0863737,0.0751142,0.0643613,0.0541807,0.0446459,0.035835,0.0278276,0.0207016,0.014531,0.00938265,0.00531457,0.00237386,0.000595254,2.99952e-32,
0,0.0016273,0.00649156,0.0145401,0.0256862,0.0398101,0.0567612,0.0763601,0.0984021,0.12266,0.148889,0.176828,0.206208,0.236751,0.268182,0.300225,0.332617,0.365104,0.397453,0.429449,0.460905,0.491661,0.521588,0.55059,0.578609,0.605621,0.63164,0.656718,0.680943,0.704437,0.727355,0.749883,0.772232,0.794636,0.817348,0.840634,0.864768,0.890024,0.916672,0.944974,0.975172,1.00748,1.0421,1.07918,1.11882,1.1611,1.20602,1.25354,1.30356,1.35592,1.41039,1.46669,1.52447,1.58333,1.64281,1.70239,1.7615,1.81956,1.87592,1.92993,1.98089,2.02814,2.07098,2.10875,2.14079,2.16648,2.18527,2.19663,2.20011,2.19533,2.18199,2.1599,2.12894,2.08909,2.04045,1.98322,1.91771,1.84434,1.76363,1.67621,1.58281,1.48424,1.38139,1.27524,1.16682,1.05722,0.947551,0.838967,0.73262,0.62966,0.531218,0.438385,0.352205,0.273656,0.203635,0.142948,0.0922981,0.0522755,0.0233478,0.00585415,2.99952e-32,
0,0.000530822,0.00211094,0.00470379,0.00824999,0.0126696,0.0178651,0.0237254,0.0301299,0.0369535,0.0440717,0.051366,0.0587296,0.0660724,0.0733262,0.0804491,0.0874301,0.0942918,0.101094,0.107935,0.114951,0.12232,0.130255,0.139008,0.148862,0.160128,0.173143,0.18826,0.205845,0.226267,0.249894,0.277082,0.308166,0.343458,0.383232,0.427719,0.477103,0.531512,0.59101,0.655598,0.725204,0.799685,0.878822,0.96232,1.04981,1.14086,1.23494,1.3315,1.42989,1.52942,1.62937,1.72895,1.82736,1.92378,2.01736,2.10728,2.19268,2.27278,2.34677,2.4139,2.47349,2.52489,2.56751,2.60085,2.62448,2.63805,2.6413,2.63407,2.61629,2.58799,2.54928,2.50041,2.4417,2.37358,2.29654,2.2112,2.11824,2.01841,1.91254,1.80151,1.68628,1.56781,1.44714,1.32529,1.20332,1.08229,0.963254,0.847235,0.735243,0.628252,0.527186,0.43292,0.346267,0.267974,0.198713,0.139079,0.0895796,0.0506381,0.0225851,0.00565818,2.99952e-32,
0,0.00535945,0.0213779,0.0478766,0.0845598,0.131019,0.186737,0.251097,0.323388,0.402815,0.488509,0.579538,0.674922,0.773639,0.874646,0.976885,1.0793,1.18085,1.28053,1.37735,1.4704,1.5588,1.64177,1.71859,1.78864,1.85138,1.90639,1.95332,1.99196,2.02216,2.04392,2.05729,2.06247,2.0597,2.04935,2.03185,2.00769,1.97744,1.94171,1.90116,1.85649,1.8084,1.7576,1.70483,1.65078,1.59614,1.54155,1.48764,1.43496,1.38403,1.33529,1.28912,1.24583,1.20566,1.16877,1.13523,1.10507,1.07821,1.05454,1.03385,1.01589,1.00036,0.986903,0.975136,0.964644,0.954992,0.945735,0.936428,0.926633,0.915927,0.903917,0.890239,0.874573,0.856647,0.836241,0.813193,0.787405,0.75884,0.727528,0.693563,0.657103,0.61837,0.57764,0.535248,0.491575,0.447043,0.402112,0.357268,0.313014,0.269865,0.228339,0.188944,0.152173,0.118496,0.0883458,0.0621195,0.0401639,0.0227722,0.0101786,0.00255334,2.99952e-32,
0,0.00599025,0.0239096,0.0536038,0.0948167,0.147191,0.210271,0.283507,0.366258,0.457796,0.557319,0.663947,0.776739,0.894696,1.01677,1.14189,1.26893,1.39676,1.52426,1.65028,1.77372,1.89349,2.00853,2.11784,2.22046,2.31552,2.40221,2.47979,2.54764,2.60521,2.65207,2.68788,2.71241,2.72556,2.72731,2.71778,2.69718,2.66583,2.62414,2.57264,2.51191,2.44263,2.36555,2.28146,2.19123,2.09573,1.99589,1.89263,1.78689,1.67959,1.57163,1.46391,1.35725,1.25245,1.15025,1.05132,0.956247,0.865571,0.779731,0.69909,0.623924,0.554424,0.4907,0.432777,0.380606,0.334063,0.292961,0.257048,0.226024,0.199541,0.177217,0.158642,0.143387,0.131015,0.121091,0.113186,0.106889,0.101814,0.0976042,0.0939407,0.0905437,0.0871774,0.0836515,0.0798228,0.0755941,0.0709133,0.0657705,0.0601949,0.0542502,0.0480296,0.0416505,0.0352481,0.0289692,0.0229668,0.0173927,0.0123926,0.00809996,0.00463152,0.00208272,0.000524356,2.99952e-32,
0,0.00306347,0.0122109,0.0273143,0.0481634,0.074469,0.105869,0.141936,0.182184,0.226078,0.273043,0.322479,0.373766,0.426276,0.47939,0.532502,0.585034,0.636444,0.686233,0.733959,0.779239,0.821756,0.861265,0.897593,0.930643,0.960394,0.986896,1.01027,1.03071,1.04845,1.0638,1.07711,1.08876,1.09917,1.10877,1.118,1.12732,1.13715,1.14791,1.15998,1.17372,1.18944,1.20738,1.22774,1.25066,1.2762,1.30435,1.33505,1.36813,1.4034,1.44056,1.47928,1.51915,1.55972,1.60048,1.6409,1.68041,1.71842,1.75434,1.78757,1.81752,1.84362,1.86533,1.88215,1.89362,1.89933,1.89893,1.89215,1.87877,1.85866,1.83174,1.79804,1.75765,1.71074,1.65756,1.59844,1.53376,1.464,1.38968,1.31139,1.22976,1.14546,1.05922,0.971768,0.883881,0.796334,0.709909,0.625388,0.543536,0.4651,0.390799,0.321317,0.257293,0.199321,0.147938,0.103622,0.0667857,0.0377726,0.0168534,0.00422319,2.99952e-32,
0,0.000225843,0.000896888,0.00199395,0.00348596,0.00533118,0.007479,0.00987212,0.0124491,0.0151475,0.0179068,0.0206719,0.023397,0.0260482,0.0286077,0.0310763,0.0334766,0.035856,0.0382884,0.0408761,0.0437513,0.0470762,0.0510432,0.0558737,0.0618173,0.0691493,0.0781682,0.089192,0.102554,0.1186,0.137677,0.160136,0.186319,0.216553,0.251146,0.29038,0.3345,0.383712,0.438175,0.497996,0.563219,0.633828,0.709737,0.79079,0.876755,0.967328,1.06213,1.1607,1.26251,1.36698,1.47343,1.58115,1.68935,1.79722,1.90388,2.00845,2.11001,2.20763,2.30039,2.38738,2.4677,2.5405,2.60497,2.66034,2.70592,2.74112,2.7654,2.77833,2.77959,2.76896,2.74633,2.71174,2.66532,2.60735,2.5382,2.4584,2.36857,2.26946,2.16191,2.04688,1.92541,1.7986,1.66764,1.53378,1.39829,1.26248,1.12769,0.995219,0.866388,0.742471,0.624698,0.514245,0.412215,0.319631,0.23742,0.166409,0.10731,0.0607174,0.0270988,0.00679172,2.99952e-32,
0,0.00374488,0.0149441,0.0334917,0.0592121,0.0918618,0.131132,0.176652,0.227993,0.284671,0.346157,0.411879,0.481229,0.553574,0.628258,0.704614,0.781968,0.85965,0.936999,1.01337,1.08815,1.16075,1.23062,1.29725,1.3602,1.41905,1.47346,1.52315,1.5679,1.60753,1.64197,1.67117,1.69517,1.71407,1.728,1.73718,1.74184,1.74228,1.73882,1.73183,1.72168,1.70877,1.69353,1.67634,1.65764,1.6378,1.6172,1.5962,1.57511,1.55422,1.53378,1.51399,1.49501,1.47695,1.45987,1.44378,1.42864,1.41438,1.40086,1.38792,1.37534,1.36289,1.35031,1.3373,1.32358,1.30882,1.29274,1.27503,1.2554,1.23361,1.20942,1.18263,1.15308,1.12066,1.08531,1.04701,1.00581,0.96179,0.915112,0.86598,0.814655,0.761446,0.706714,0.650859,0.594322,0.537577,0.481122,0.425479,0.371179,0.318757,0.268747,0.221668,0.17802,0.138276,0.102871,0.0722024,0.0466145,0.0263996,0.0117904,0.00295626,2.99952e-32,
0,0.00657813,0.026248,0.0588165,0.103963,0.161244,0.230096,0.309841,0.399695,0.498776,0.606113,0.720657,0.841292,0.966848,1.09611,1.22784,1.36079,1.49368,1.62527,1.75435,1.87971,2.00023,2.11481,2.22247,2.32226,2.41336,2.49503,2.56664,2.62767,2.67771,2.71645,2.74372,2.75945,2.76368,2.75656,2.73834,2.70939,2.67016,2.62117,2.56305,2.49646,2.42215,2.3409,2.25353,2.16089,2.06385,1.96328,1.86005,1.75502,1.64901,1.54283,1.43724,1.33295,1.23062,1.13087,1.03424,0.941209,0.852196,0.767546,0.687541,0.612393,0.542249,0.477193,0.41725,0.362391,0.312531,0.267544,0.227256,0.191459,0.159915,0.13236,0.108511,0.0880718,0.070739,0.056206,0.0441691,0.0343317,0.0264083,0.0201278,0.0152365,0.0115003,0.00870637,0.00666426,0.00520662,0.00418921,0.00349042,0.00301038,0.00266969,0.00240779,0.00218113,0.00196099,0.00173132,0.00148647,0.00122883,0.000966663,0.000711909,0.000478257,0.000279404,0.000127592,3.24213e-05,2.99952e-32,
0,0.00331425,0.0132213,0.0296147,0.052319,0.081093,0.115633,0.155577,0.200511,0.249973,0.30346,0.360436,0.420335,0.482576,0.546565,0.611704,0.677401,0.743075,0.808165,0.872134,0.934481,0.994743,1.0525,1.10738,1.15906,1.20729,1.25185,1.2926,1.32945,1.36236,1.39138,1.41657,1.43806,1.45605,1.47074,1.48239,1.4913,1.49778,1.50215,1.50476,1.50597,1.50612,1.50554,1.50456,1.50349,1.50258,1.50207,1.50217,1.50303,1.50474,1.50738,1.51096,1.51542,1.52068,1.5266,1.53299,1.53961,1.54621,1.55247,1.55806,1.56264,1.56584,1.56727,1.56657,1.56336,1.55729,1.54803,1.53527,1.51873,1.49819,1.47347,1.44443,1.41101,1.37318,1.331,1.28456,1.23405,1.1797,1.12179,1.06069,0.996809,0.930599,0.86257,0.79327,0.723284,0.653221,0.583713,0.515402,0.448937,0.384958,0.324096,0.266956,0.214117,0.166118,0.123454,0.0865674,0.0558442,0.0316065,0.0141092,0.00353661,2.99952e-32,
0,9.81285e-06,3.74263e-05,7.75956e-05,0.000122345,0.000162106,0.000187255,0.000189997,0.000166544,0.000119525,6.05467e-05,1.28201e-05,1.37611e-05,0.000117482,0.00039709,0.000946695,0.00188306,0.00334682,0.0055032,0.00854215,0.0126779,0.0181477,0.0252101,0.0341423,0.0452371,0.0587987,0.0751389,0.0945717,0.117408,0.143951,0.174488,0.209285,0.248582,0.292586,0.341464,0.395338,0.454281,0.51831,0.587387,0.661408,0.740207,0.823551,0.911138,1.0026,1.09751,1.19537,1.29563,1.39767,1.50083,1.60442,1.70769,1.80987,1.91016,2.00778,2.10189,2.1917,2.27642,2.35528,2.42753,2.4925,2.54951,2.59799,2.63741,2.66731,2.68731,2.69712,2.69651,2.68537,2.66368,2.6315,2.58899,2.53643,2.47416,2.40263,2.32239,2.23403,2.13827,2.03586,1.92765,1.8145,1.69737,1.57721,1.45505,1.3319,1.20881,1.08681,0.96695,0.850234,0.737656,0.630172,0.528696,0.43409,0.347157,0.268635,0.199188,0.139403,0.0897854,0.0507536,0.0226365,0.00567105,2.99952e-32,
0,0.00264851,0.010571,0.0236984,0.0419161,0.065065,0.0929432,0.125308,0.16188,0.202344,0.246353,0.293534,0.343493,0.395817,0.450079,0.505845,0.562677,0.620139,0.677802,0.735246,0.79207,0.847893,0.902362,0.955151,1.00597,1.05457,1.10073,1.14427,1.18506,1.22301,1.25806,1.2902,1.31947,1.34594,1.3697,1.39089,1.4097,1.4263,1.44091,1.45377,1.46512,1.47521,1.4843,1.49263,1.50045,1.50798,1.51541,1.52294,1.53071,1.53882,1.54737,1.55638,1.56584,1.57572,1.58591,1.59628,1.60665,1.61679,1.62646,1.63536,1.64317,1.64955,1.65413,1.65655,1.65641,1.65336,1.64703,1.63707,1.62316,1.60504,1.58245,1.55521,1.52318,1.48629,1.44451,1.39791,1.34661,1.29082,1.23081,1.16692,1.09957,1.02923,0.956448,0.881818,0.805984,0.72963,0.653474,0.578257,0.50473,0.433649,0.36576,0.30179,0.242436,0.188356,0.140158,0.0983888,0.0635288,0.0359824,0.0160713,0.00402977,2.99952e-32,
0,0.00551837,0.0220241,0.0493693,0.0873091,0.135504,0.193521,0.260844,0.33687,0.420926,0.512264,0.610077,0.713506,0.821643,0.933544,1.04824,1.16474,1.28204,1.39916,1.51511,1.62892,1.73966,1.84645,1.94842,2.04478,2.13481,2.21783,2.29325,2.36055,2.4193,2.46913,2.50978,2.54106,2.56287,2.57519,2.57808,2.57169,2.55622,2.53198,2.4993,2.45862,2.4104,2.35515,2.29343,2.22585,2.15301,2.07557,1.99418,1.90949,1.82218,1.73289,1.64226,1.55093,1.45947,1.36847,1.27846,1.18993,1.10335,1.01913,0.937639,0.859205,0.784103,0.712561,0.644763,0.580844,0.520894,0.464962,0.413053,0.365138,0.32115,0.280992,0.244539,0.211639,0.182123,0.155804,0.13248,0.111942,0.0939772,0.0783676,0.0648987,0.0533598,0.043547,0.0352651,0.0283296,0.0225678,0.01782,0.0139403,0.0107969,0.00827212,0.00626193,0.00467581,0.00343577,0.00247558,0.00173974,0.00118247,0.000766685,0.000462935,0.000248542,0.000106766,2.61437e-05,2.99952e-32,
0,0.00395758,0.0157886,0.0353689,0.0624939,0.0968827,0.138182,0.185971,0.23977,0.299043,0.363211,0.431657,0.503733,0.578774,0.656102,0.735037,0.814907,0.89505,0.974828,1.05363,1.13089,1.20606,1.27866,1.34825,1.41443,1.47687,1.53529,1.58945,1.63918,1.68436,1.72491,1.76079,1.79204,1.81871,1.84089,1.85871,1.87233,1.88193,1.8877,1.88986,1.88863,1.88424,1.8769,1.86684,1.85427,1.83939,1.8224,1.80347,1.78276,1.76041,1.73655,1.71128,1.6847,1.65688,1.62788,1.59774,1.56649,1.53416,1.50076,1.46629,1.43076,1.39417,1.35654,1.31786,1.27815,1.23742,1.19572,1.15306,1.1095,1.0651,1.01992,0.974051,0.927588,0.880638,0.833322,0.78577,0.738124,0.690534,0.64316,0.596168,0.549729,0.504021,0.459224,0.415522,0.3731,0.33214,0.292824,0.255332,0.219835,0.186502,0.155491,0.126951,0.101022,0.0778311,0.0574928,0.0401087,0.0257655,0.014535,0.00647325,0.00162029,2.99952e-32,
0,0.000339149,0.00135864,0.00306461,0.00546733,0.00858127,0.0124253,0.0170225,0.0224009,0.0285928,0.0356355,0.0435708,0.0524458,0.0623124,0.0732275,0.0852529,0.0984551,0.112905,0.12868,0.145858,0.164524,0.184765,0.206672,0.230334,0.255847,0.283301,0.312789,0.344399,0.378215,0.414316,0.452774,0.493651,0.536999,0.582855,0.631243,0.682171,0.735627,0.79158,0.849975,0.910734,0.973752,1.0389,1.106,1.17488,1.24532,1.31704,1.38978,1.46322,1.537,1.61076,1.68408,1.75654,1.82766,1.89697,1.96398,2.02816,2.08901,2.14598,2.19855,2.2462,2.28842,2.32472,2.35463,2.37771,2.39356,2.40183,2.40222,2.39448,2.37842,2.35393,2.32097,2.27957,2.22984,2.17198,2.10626,2.03306,1.95283,1.86609,1.77346,1.67564,1.57337,1.46747,1.35883,1.24836,1.13702,1.0258,0.915705,0.807739,0.702908,0.602199,0.506571,0.416945,0.334191,0.25912,0.192471,0.134905,0.0869968,0.0492253,0.0219703,0.00550649,2.99952e-32,
0,0.00116723,0.00466367,0.0104735,0.0185707,0.028919,0.0414729,0.0561782,0.0729729,0.0917886,0.112552,0.135186,0.15961,0.185745,0.21351,0.242826,0.273617,0.305813,0.339345,0.374153,0.410181,0.44738,0.485708,0.525128,0.565609,0.607126,0.649654,0.693175,0.73767,0.78312,0.829507,0.876807,0.924996,0.974038,1.02389,1.0745,1.1258,1.17771,1.23013,1.28294,1.33601,1.38918,1.4423,1.49515,1.54755,1.59924,1.65,1.69954,1.7476,1.79388,1.83808,1.8799,1.91902,1.95512,1.98791,2.01707,2.04231,2.06333,2.07988,2.09171,2.09857,2.10029,2.09667,2.08759,2.07293,2.05264,2.02667,1.99506,1.95785,1.91514,1.86709,1.81387,1.75573,1.69294,1.62582,1.55473,1.48008,1.4023,1.32187,1.2393,1.15511,1.06988,0.984164,0.898564,0.813679,0.730112,0.648466,0.56934,0.493321,0.420981,0.352868,0.289506,0.231384,0.178959,0.132643,0.0928029,0.0597582,0.0337746,0.0150622,0.00377328,2.99952e-32,
